gene,log2FC_InflamvsPBS,padj
SERPINB2,5.625431234526313,0.0025850842662189016
MMP13,8.113581161811986,0.0025850842662189016
MMP3,5.081459651418697,0.003430930824976487
CCL20,3.678815603024951,0.0056832847826090264
RPF1,-4.879482193304268,0.0056832847826090264
COMTD1,3.331045908422595,0.0064273645381680965
BMP2,3.2117567186511007,0.009123248008226061
RB1,3.2113440063440373,0.009127335512767117
LHX4,2.8161941795410876,0.009616011027919332
IL17F,2.6545271958145156,0.009770743567659322
CCL17,2.4019662554564567,0.009770743567659322
NME7,2.881047867511375,0.009770743567659322
F3,6.647723681773601,0.009770743567659322
GFM2,2.355687260266054,0.009770743567659322
SERPINB3,2.770456962410567,0.009770743567659322
OGG1,2.451430055105431,0.011533041956170576
CSN1S1,2.6082533432378394,0.011533041956170576
UBE2T,-3.76451745454494,0.012094688250972747
MGC108823,-2.677591535070821,0.013703040707065255
LGALS3BP,-3.0531637830670806,0.016554693318954525
PHGDH,-2.6643368881923655,0.017241981610861188
LTA,3.5422748968066804,0.017241981610861188
CCL1,1.6940867709048306,0.019921420936354784
NGF,1.784131221108799,0.019921420936354784
PPAP2B,2.2023239994178394,0.019921420936354784
GSDMD,-2.7734664913550584,0.019921420936354784
XCL1,1.7412728162455837,0.019921420936354784
TSHR,3.0529761523757877,0.02045475461286064
TNFRSF14,3.5791361709578435,0.020998861516000007
GPR183,-3.6706450483446385,0.020998861516000007
ICAM2,-2.272931155145183,0.022253615974313513
TLL1,1.692208456083773,0.022664907288544523
KLK9,1.4660162433030293,0.022706664581818994
DENND1C,-2.562930783057906,0.022706664581818994
LOC498122,-3.1047334718620525,0.022706664581818994
CEP57,-2.442847378268314,0.022706664581818994
CCDC152,1.7221730839208482,0.022845388974737417
MIR3074,1.5473905999415425,0.023312452882945898
NIACR1,2.7141816267867647,0.023312452882945898
NRG1,1.8348042377172562,0.023323943468040318
PPT1,-2.5926366890717003,0.025157658814638315
NOX1,1.897774801537155,0.02534825140332453
HHEX,-2.4628775774632254,0.025701314384433953
ABI3,-2.7786168631555777,0.025701314384433953
UNG,-3.050113704101736,0.025701314384433953
SLC7A3,-1.646464060952652,0.025701314384433953
MT2A,6.119275310714291,0.02578374075973988
ZNHIT6,-1.720616529189065,0.0260305145472357
PNOC,1.5174923961886586,0.0261379857544802
DNAL4,-2.567018154882655,0.0261859731270872
WDR5B,-2.0209626991162755,0.027525303496454937
NUF2,-3.884090756573864,0.027525303496454937
STARD5,-1.752925159669912,0.027525303496454937
HBB,1.254249351325532,0.027525303496454937
ST7,-2.141692915101818,0.027549704193865033
LOC688459,1.2118968582415717,0.027806765849675844
BTBD6,-1.6630537287361715,0.027809278632783856
RAB27A,-2.6009834361307083,0.028037528250880062
NFKBIB,1.2273692393300353,0.028037528250880062
PDK3,-2.241208108522688,0.028037528250880062
CAR4,1.3781564546057299,0.028918032088699443
MUTYH,-1.5239691536586246,0.028920297616093767
COL1A1,1.5736362820407719,0.0291796189512774
SLC29A3,-1.249213290250721,0.02972284460320756
ITGA7,2.9171535309596845,0.03043856832701934
UBD,1.472654126704818,0.03153255222836306
MIR351,1.5039287498977936,0.032022868372892886
INHBA,4.181521629721145,0.03212567842473479
AKR1C13,1.2684343935763835,0.032435632697740926
TAGLN2,-1.1655491611283928,0.0324779174336194
CCNA2,-4.0543528232534936,0.03290026679047572
CAMP,1.026063477307997,0.03332663685046731
TWF2,-1.5007190740784564,0.03332663685046731
TSPAN3,-1.3700810066881592,0.03332663685046731
HSD17B2,1.6398783432719903,0.03332663685046731
LCN2,7.124111791898281,0.03332663685046731
STMN4,1.0488639144146186,0.03332663685046731
KLF5,1.2933711301496245,0.03332663685046731
GNL1,-1.3116879048130312,0.03332663685046731
LPAR6,-1.7947050625503782,0.03332663685046731
CLDN1,1.2291941270704958,0.03354764397638785
CABLES1,-1.7315773459577866,0.03354764397638785
FBXO5,-3.537317982414234,0.03378065342178702
CDK1,-4.5753419824955,0.03378065342178702
OLFM1,1.227738257158166,0.03378065342178702
IL2RA,3.6734458224603364,0.03378065342178702
IL1B,4.967584687830479,0.03378065342178702
CDC45,-2.5804932330410404,0.0342018996478002
MAGEA11,1.327405695020181,0.03437534282912673
VEGFB,-1.3940764177180707,0.034551742846479855
ADAMTS4,4.5220222217942965,0.034551742846479855
MCEMP1,1.0958434243191473,0.035118997022036885
AOAH,2.2795675218730027,0.035118997022036885
PDZD3,1.1757822786485148,0.035118997022036885
TSPAN4,-1.9549267582305259,0.035118997022036885
SPNS2,1.0648483699337599,0.035118997022036885
NFS1,-1.4332192050033246,0.035118997022036885
ALOX5,-2.2002836858601826,0.035118997022036885
TBC1D19,-2.0514424945756438,0.035118997022036885
FAM3C,-1.8442676785575651,0.035118997022036885
S1PR2,-2.3622944345544683,0.035118997022036885
GRHL3,-1.3523761271322476,0.035118997022036885
ACADM,-1.7062521319415955,0.035118997022036885
SLC19A1,-2.3944622690707513,0.035118997022036885
FBXO7,-1.367675901182873,0.035118997022036885
MVK,-1.7032968792033143,0.035118997022036885
R3HDM4,-1.7659170199422372,0.0354804298746599
CES1C,2.5878703969750885,0.035857631675221865
SPC25,-4.421664811950739,0.03614226244660057
SUSD3,-2.5423097047821956,0.03614226244660057
DHRS9,-3.7502429963646344,0.03614226244660057
BPNT1,-1.0552368691438927,0.03614226244660057
GTF3C3,-1.1780208074954817,0.03614226244660057
AURKB,-3.247713922581921,0.03614226244660057
NDUFS2,-0.9231501037094185,0.03614226244660057
LOH12CR1,-1.630788260518001,0.03614226244660057
RAB3IP,-2.5921687827045576,0.03614226244660057
FAM64A,-3.349619247150886,0.03614226244660057
SPATA7,-1.346692881666058,0.03614226244660057
LYL1,-2.337299457263048,0.03614226244660057
CD69,6.464028510047734,0.03614226244660057
HYAL2,-1.8881817116726585,0.03614226244660057
CPT1B,1.085970422315462,0.03614226244660057
CRBN,-1.528848568943276,0.03614226244660057
NFATC2,-1.153773736060475,0.03614226244660057
CCNE1,-3.2830565365518702,0.03614226244660057
GM2A,-2.7246612263774383,0.03614226244660057
FAM49A,2.026219262278822,0.03614226244660057
CAMK2G,-1.675930151305442,0.03614226244660057
PDZK1IP1,0.9401133650792488,0.03614226244660057
GIMAP5,3.751620405286137,0.03614226244660057
CKB,-2.0217137140816464,0.03614226244660057
G4,-1.4273773436348751,0.03614226244660057
HADH,-2.2651154333117796,0.03614226244660057
CCND1,-2.751492311631192,0.03614226244660057
ITIH4,0.8625561304566637,0.03614226244660057
RAB3D,-2.0858940573002336,0.03614226244660057
EREG,1.6808310556628465,0.03614226244660057
ECHS1,-2.0888966268485847,0.03614226244660057
TMEM88,-2.1608085734531466,0.03614226244660057
FAM212B,1.3367898591346612,0.03614226244660057
MUSK,0.9297649843650898,0.03614226244660057
EHMT2,-1.569270162883676,0.03614226244660057
MGP,2.943923999607145,0.03614226244660057
CTSS,-1.686404591401808,0.03614226244660057
LOC499331,-1.3483493405816849,0.03614226244660057
LRRC32,1.3987936190093198,0.03637913609696995
MIR23B,1.3512099321025353,0.03637913609696995
GIMAP9,0.8260061862637338,0.036479292618082755
RDH11,-1.0126813445107006,0.037115353531371784
CCNB2,-2.979649776124874,0.037115353531371784
YARS2,-2.0711433547602045,0.037115353531371784
PDXP,-2.2599025348154695,0.037115353531371784
DALRD3,-1.9158350860709688,0.037115353531371784
RGD1309594,-1.87117540820475,0.037115353531371784
POMT2,-1.346247380848892,0.037115353531371784
NEK8,-1.6235324623850518,0.037115353531371784
ADH5,-1.299730259541247,0.037115353531371784
SKA2,-3.4529942826626483,0.037115353531371784
ERP29,-2.313748940619633,0.037115353531371784
FFAR2,0.9356151356085661,0.03724677266154684
CRYL1,-3.435176762800296,0.03724677266154684
TSPAN31,-1.263192115809317,0.03724677266154684
QSOX1,-1.4843569130390137,0.03724677266154684
PCCB,-1.6361359789070458,0.037396916331261
TIFA,-1.4381209731204732,0.037396916331261
PTGES,2.261024878082162,0.037396916331261
APITD1,-2.798841235539212,0.037396916331261
SLC35A1,-2.0862850213707067,0.037396916331261
HSPA1A,2.843766832657239,0.037396916331261
TUBA4A,-1.9345325202742583,0.037396916331261
ID3,2.7176153147835107,0.037396916331261
RAD54L,-2.440409409461767,0.037396916331261
HSPA14,-2.4558418269221525,0.037396916331261
PCNA,-1.696636491941196,0.03747306896046047
VKORC1,-1.606384702372326,0.03747306896046047
MIR34A,1.3075567590522392,0.03766532866632941
TPBG,0.7596211717393547,0.03770852574745144
TRIM15,1.1403456316114864,0.03770852574745144
TMOD2,0.7474209153358399,0.03770852574745144
CD81,-1.539456886915346,0.03770852574745144
GOT1,-1.9928594750589737,0.03770852574745144
TMEM177,-1.407199314713058,0.03770852574745144
ABCG3L1,-2.569929632336567,0.03770852574745144
ASPA,-3.52519693058303,0.03770852574745144
VAMP7,-1.0575870614758816,0.03770852574745144
FDXR,-1.6136844865326905,0.03770852574745144
CSF2,6.842017797783697,0.03770852574745144
PSMA3,-5.355206496424515,0.03770852574745144
APOBEC3B,-1.3162403321385918,0.03770852574745144
RELT,-2.4689466633660513,0.03770852574745144
AARSD1,-1.5571901779694048,0.03770852574745144
EBI3,2.9629395212336105,0.03770852574745144
CXCL3,6.12687903720824,0.03770852574745144
AGA,-1.2878504394629369,0.03770852574745144
PEX7,-2.332228699291779,0.03770852574745144
SHISA5,-1.2777566704252648,0.03770852574745144
DOK3,-1.3414033858755836,0.03770852574745144
DOS,0.7679174676941131,0.03770852574745144
PIM3,1.4208295168192198,0.03779352952637449
ADORA1,2.150107356971784,0.03843625643627145
FAM173A,-1.5677113516260008,0.03843625643627145
SLC1A1,1.8739176705731173,0.03843625643627145
CALML4,0.8373248691609597,0.038562065928766535
CAMK1,-2.1659434235967074,0.038562065928766535
SNAPC5,-1.549980682256935,0.038562065928766535
BTG1,1.8100689778696708,0.038562065928766535
GPT2,-1.4274200394067937,0.038562065928766535
PLET1,3.1551314570336806,0.038562065928766535
NT5C3B,-1.737334948136307,0.038562065928766535
RAB11B,-1.1868879489198632,0.038562065928766535
AURKA,-3.246866842069532,0.038562065928766535
CD1D1,-2.8067783902055226,0.038562065928766535
AGPAT2,-1.92964923553932,0.038562065928766535
SDR42E1,-1.1173745693062367,0.038562065928766535
SIGMAR1,-1.1453304953283663,0.038562065928766535
CDKN2AIPNL,-0.9677374054562673,0.038562065928766535
COPS7A,-0.9509702595059402,0.038562065928766535
DNASE2,-1.3394843251535917,0.038562065928766535
PID1,-2.8461481951392837,0.038562065928766535
CXCL6,0.8243018800514847,0.038562065928766535
IDH2,-2.2588174795742573,0.03885148988043042
PRKAG1,-1.285227458038654,0.03890826302065585
ORC6,-1.8945364124700368,0.039083083390560144
CHN2,-3.3745304007766146,0.039083083390560144
CSRP1,-1.7783184518021526,0.039083083390560144
CSF1R,-3.049585388811133,0.039083083390560144
SKA1,-3.228161764602646,0.039083083390560144
GPR182,0.7166125624829837,0.039083083390560144
TF,-4.773261304711587,0.039083083390560144
LRRC24,0.7115556967939513,0.039083083390560144
DFFA,-1.4281848217848403,0.039083083390560144
HAT1,-2.0911858793928304,0.039083083390560144
SMPD3,-2.1769614349659365,0.039083083390560144
ZFP61,-2.168068184886253,0.03925677723834349
CD5L,1.5170288058665846,0.03925677723834349
THYN1,-1.9881201133768105,0.03925677723834349
PRR5,-1.8940993655445655,0.03925677723834349
IL3RA,-1.4014669723324753,0.03925677723834349
PPP2R3C,-1.550576556443039,0.03925677723834349
CEP55,-2.7076473482895405,0.03968453358222028
NABP2,-1.207436641864784,0.03968453358222028
GTF3A,-1.7205974922766116,0.03990587809985267
FAM83D,-2.7912025158364515,0.03990587809985267
ARL11,-1.9213855970125486,0.03990587809985267
SLPI,2.5845229839284394,0.03990587809985267
ALOX5AP,-4.149307015674182,0.03990587809985267
RAB28,-1.1316382062861488,0.03990587809985267
SH3BP1,-3.4955943133234095,0.04004209971158526
ITGA6,-1.585069238914973,0.04004209971158526
AGL,-1.2957471488434353,0.04004209971158526
TM7SF3,-1.896086138811996,0.04004209971158526
METAP1D,-1.6773664561519985,0.04004209971158526
UQCRFS1,-0.8402241371549337,0.04004209971158526
ZBED3,-1.3411282180177042,0.04004209971158526
HACL1,-1.7654158528362234,0.04004209971158526
CCL24,1.0029023407690463,0.04004209971158526
FBXL20,-1.4145341228749913,0.04004209971158526
NOS2,6.544778778466082,0.04004209971158526
CASP1,-1.684502829020977,0.04004209971158526
STX19,1.0512257030439671,0.04004209971158526
PRKRA,-1.7808586015569257,0.04004209971158526
MIA,0.770146537424763,0.04004209971158526
LAPTM5,-1.3695662321495794,0.04004209971158526
ALG3,-0.8013122096291232,0.04004209971158526
RT1-DMA,-3.111035891187544,0.04004209971158526
RGD1563200,0.7649567039162465,0.04004209971158526
RRM2,-3.6223755552247736,0.04004209971158526
NFU1,-1.1155072831611283,0.04004209971158526
MTUS1,-1.6312504908308418,0.04004209971158526
CADM1,-2.1625456636503078,0.04004209971158526
NFKBIA,1.700697410216672,0.04004209971158526
NTS,0.7057249380309951,0.04004209971158526
SLC7A2,4.367206689559466,0.04004209971158526
FAM110A,-1.4131936060186954,0.04004209971158526
NUDT16,-1.173661177897357,0.04004209971158526
ROGDI,-2.143406666392245,0.04004209971158526
NEURL3,2.412182152405965,0.04004209971158526
CDK5,-2.22224316360706,0.04004209971158526
IRF3,-1.1592144923279437,0.04004209971158526
DNAJC9,-2.464676421800726,0.04004209971158526
GOLPH3L,-2.40593446305943,0.04004209971158526
GPN3,-1.3839894829674515,0.04004209971158526
MPTX,0.6892571092768957,0.040077599537741364
POP1,-1.067693381319943,0.04059292093881994
VAPA,-0.8820284802173246,0.04059292093881994
NADK2,-0.9636882513999913,0.04059292093881994
CNIH1,-1.0107982792578882,0.04059292093881994
CMKLR1,-2.9307820919317944,0.04059292093881994
TMEM5,-1.5444235621816795,0.04059292093881994
GPR85,1.4592209720479863,0.04059292093881994
WFDC21,5.854383712803255,0.04059292093881994
STAP2,1.673899112795473,0.04059292093881994
VDAC2,-0.7198672797925045,0.04059292093881994
FAM203A,-1.5851301666030475,0.04059292093881994
CWC27,-0.8317804208034785,0.04059292093881994
RBM38,-0.9542352943675236,0.04059292093881994
SHMT1,-2.8100382187551816,0.04059292093881994
TUBG1,-1.5073718852450906,0.04059292093881994
RGD1309870,2.217912080494408,0.04059292093881994
DTD2,-1.2527065187736253,0.04059292093881994
ZFP639,-1.5014376030546326,0.04059292093881994
TSPAN13,-3.00596207157436,0.04059292093881994
SORD,-3.0429035506209283,0.04059292093881994
ABHD14B,-1.970389613006378,0.04059292093881994
SLC3A1,-0.7474125337861266,0.04059292093881994
KCNN4,-2.2535825261210247,0.04059292093881994
EPSTI1,-2.201894657876295,0.04059292093881994
ASF1B,-2.892838561502024,0.04059292093881994
DTNBP1,-0.8426765623338586,0.04059292093881994
CENPA,-2.278097458453591,0.04059292093881994
RGD1565785,-2.762433159652191,0.04059292093881994
CDO1,0.8499601482930399,0.04059292093881994
MTX1,-0.6930711631567776,0.04059292093881994
ZPBP2,1.2000016230602755,0.04059292093881994
CDC123,-1.307212386927172,0.04059292093881994
DUSP19,-1.0067462085449215,0.04059292093881994
POLB,-1.9327705799155808,0.04059292093881994
GNA15,-4.515368959478344,0.04059292093881994
SIRT2,-0.8924006701855598,0.04059292093881994
ADPRM,0.9810839009440313,0.04059292093881994
CASC5,-1.6516490891714448,0.04059292093881994
AGFG2,-1.1462839810789154,0.04059292093881994
HEXB,-2.6195311412047273,0.04059292093881994
GIMAP4,0.6396072615076746,0.04059292093881994
RFC3,-2.1955876783600985,0.04059292093881994
ITGB8,0.6900827001926447,0.04059292093881994
LAPTM4B,-2.1898832802104353,0.04059292093881994
CBX5,-1.2396277104180644,0.04059292093881994
CEP131,-1.0392622082242748,0.04059292093881994
MMP14,2.6381554157908007,0.04059292093881994
NUSAP1,-3.034717908557038,0.040640965668018884
VIM,-0.7745524047139369,0.0407559510400251
FMO5,-1.4124136133978336,0.04075837143264426
DEFB52,2.6097360185490324,0.04075837143264426
PQLC3,-1.4840964132667902,0.04089532827695778
EVA1A,-2.611190663964553,0.04090674328290047
SMARCA2,-1.3972523161034291,0.04090674328290047
PAICS,-1.3033044239612028,0.04090674328290047
MRPL12,-0.902827069092857,0.04090674328290047
ABHD8,-1.5880650623246906,0.041364147881937346
CHEK2,-2.909818588605529,0.04140529404714283
GPR180,-2.3884674231251246,0.0418213116780396
PLSCR3,-2.3281252317129315,0.0418213116780396
HDDC2,-0.9399460183045023,0.04198213933041227
METTL18,-2.074408585246538,0.04198213933041227
HSPA4L,1.8458127365193597,0.04198213933041227
CENPK,-1.6370841371277267,0.04198213933041227
SP110,-1.1575892857443666,0.04198213933041227
POLDIP2,-1.707197093719492,0.04201331870817225
NDUFA10,-0.9961616830977906,0.04201331870817225
S1PR3,2.442902639891054,0.04203685190623377
CABP1,0.6247943448293025,0.04212997091198073
IFI30,-1.4396099617235896,0.04233280618814735
SOD2,2.2719139428659787,0.042342335909961865
NTN1,2.1040100986736805,0.042342335909961865
ATP6V0D1,-0.8591077340005162,0.04255078825961378
SCAMP5,-1.699561651073966,0.04255078825961378
FIBP,-0.9791721170851329,0.04255078825961378
EIF3L,-0.8259885640042208,0.04255078825961378
TPM1,-1.2186129750821386,0.04255078825961378
THAP11,-1.5957512046511808,0.04255078825961378
SAP30BP,-1.5092664240075786,0.04255078825961378
GLOD4,-1.5452936377543,0.04255078825961378
TNFRSF11B,1.179414962602983,0.042606493599776404
HMBS,-1.563117127322875,0.042717316907244736
WDR70,-1.298638929543563,0.042809973091548874
PPIC,3.1517650572315943,0.04289589932493929
FOPNL,-1.229360627033246,0.042911735538531726
LOC100134871,0.6486706730825038,0.04292576476928385
GALT,-1.9546221256365532,0.04292576476928385
ACP5,-1.6167112880593055,0.042933060416494466
SNAPIN,-1.2643434907298987,0.04294318138157578
PAWR,0.9063154677553125,0.043237531980397266
LGALS9,-2.3994183580688198,0.043237531980397266
MMP12,3.2643494412361305,0.043237531980397266
TFDP2,-1.4237116787682196,0.043237531980397266
IDH3B,-0.6867730032234558,0.043237531980397266
RASSF7,-1.6585585575063515,0.043237531980397266
SDHB,-0.8682317194242488,0.043237531980397266
SHQ1,-1.9650537216161807,0.043237531980397266
XRCC1,-1.875457870874512,0.043237531980397266
RFC5,-3.11721351873668,0.043254013091846365
RAC2,0.8522011892291346,0.043254013091846365
ZBTB45,-1.7396132046123456,0.0434201872627652
FABP3,-2.944265875566285,0.04355143247313413
ANKRD54,-1.14138616548931,0.04355143247313413
TMEM104,-1.5707250777347124,0.04355143247313413
PLEKHA8,-0.8982383303055899,0.04355143247313413
RAP1GAP2,2.102878918558587,0.043578727936199685
MTMR7,2.0930983550391216,0.04377298600994994
PCID2,-1.8630624192538687,0.04388733086384929
ZFP36,1.8834544539960412,0.04406089587337678
IFT57,1.599537321653131,0.04406089587337678
RGS10,-2.0612468794337593,0.04406089587337678
RUVBL1,-1.8352350948964928,0.04406089587337678
DET1,-1.0619150839099745,0.04406089587337678
PCDH19,0.6181803826970786,0.04406089587337678
PLK1,-4.383529542126295,0.04406089587337678
PKMYT1,-2.4092583540423345,0.04406089587337678
MGC105567,-1.675303284199215,0.04406089587337678
TCEA2,-1.0232623285735873,0.04408647314935657
CCRL2,1.5800320745618999,0.04408820735870697
MMGT2,-1.2567525315596588,0.04408820735870697
NDST2,-0.8702336846017749,0.04408820735870697
CLDN20,0.9107773109184757,0.04408820735870697
RGD1309188,-2.2308592133376024,0.04408820735870697
SMC2,-1.6754288864903202,0.04408820735870697
FTSJ2,-0.8376934130871432,0.04408820735870697
STARD10,2.0897365286538605,0.04408820735870697
PGM3,-2.532516851023776,0.04408820735870697
TACC3,-3.263401144669417,0.04408820735870697
SLC39A11,-2.3981787321739234,0.04408820735870697
TOMM34,-1.5220442621427512,0.04408820735870697
CDK2,-2.629658158277989,0.04408820735870697
RTCD1,-0.964620426871786,0.04408820735870697
CLN8,-2.363675758963455,0.04415111425804892
NRROS,-2.0166507488549485,0.04427298407172776
HIST1H2AK,0.5986253243731686,0.04437497980797679
SEPT10,-1.274465049559287,0.044467465602158036
PPAPDC2,-1.147603359769377,0.044610565567641695
MAK16,-0.6406726344196558,0.04462952413992865
ZDHHC3,-1.4996642678140595,0.044664046831711324
CXXC5,-1.9742157753860632,0.0447830763206762
SPRR1A,1.2682846665209964,0.04498527891073647
MIR450A,1.261055354597077,0.04498527891073647
RGD1307947,-1.490940523514836,0.04544101740338405
HSDL2,-2.3059566527675255,0.0454462627391472
GPAA1,-2.6739831037383532,0.04545742834744011
LAT2,-2.100964432109084,0.04545742834744011
LEPROT,-1.1550530659389793,0.04545742834744011
ZMYM3,-1.7488989919878941,0.04545742834744011
ACOT2,-1.2196592535231057,0.04545742834744011
ZFP18,-1.1866576840184233,0.04545742834744011
RBBP9,-1.9801939397137347,0.04545742834744011
DUSP1,1.3648534472025666,0.04545742834744011
ACTR10,-1.1275297090209708,0.04546923792413899
JMJD8,-1.5988095072450905,0.04563706286252819
ECSIT,-1.486802387224275,0.04563706286252819
NAA40,-2.7456858840367127,0.04564988156707953
PLCG1,-1.6866007359616888,0.04564988156707953
PTER,-1.5092540533436378,0.04564988156707953
CPXM1,4.3518951147227725,0.04565157181036043
CCL9,1.4308456025566993,0.04565157181036043
SNRPN,1.000447166155502,0.04565157181036043
MUC20,-3.454954030335843,0.04585646674073342
TNFRSF9,0.943190701048883,0.046073690434933284
GAMT,-2.1760027950190617,0.04613241965013911
CD300A,-1.9479422589897388,0.04613241965013911
TNFRSF12A,-1.1082515322212587,0.04613241965013911
TLR3,-3.0577500796994497,0.04613241965013911
RHOV,-3.376528152801829,0.04613241965013911
GPR89B,-1.471168514382902,0.04613241965013911
SCT,0.5823565649400841,0.04613241965013911
NSMCE4A,-2.103999179575654,0.04613241965013911
HAUS4,-2.988973573040973,0.04620766573361247
DEPDC7,-1.8412975504799307,0.046404172799072566
ADCK1,-1.8587037151262211,0.046404172799072566
FDFT1,-1.0972692136689828,0.046404172799072566
CCDC126,-1.6711679236452206,0.046404172799072566
OXNAD1,-2.2785526331566928,0.04640558789852447
DCAF6,-1.4534321365849947,0.04640558789852447
EDEM2,-1.0250545694765059,0.04655392981329971
SNX24,-1.6786815625742375,0.04665371291868115
ZDHHC6,-1.9591545730707867,0.04665371291868115
CX3CR1,-6.052122482010791,0.04665371291868115
RBM4B,-1.982665356659724,0.04665371291868115
RBBP8,-1.2801301792987076,0.04665371291868115
FAHD2A,-2.070335421550142,0.04665371291868115
TOP1,-0.9044561321368687,0.04665371291868115
MOCS2,-1.5486628626434644,0.04665371291868115
TMEM110,-1.9351357663051731,0.04669800561065632
CDCA2,-2.5006901585675605,0.046753865729526375
UBLCP1,-0.9774776626598829,0.04677760294436807
NSDHL,-1.2730060315817804,0.04678466609543195
PCYOX1L,-2.1760608202633307,0.04678466609543195
EEF1E1,-0.9268060387059789,0.04678466609543195
MRPS28,-0.9098447510437937,0.04678466609543195
FAM217B,-1.411523696943509,0.046901052214440866
TUSC3,-2.074239142576725,0.046901052214440866
RGD1305014,-1.9566887700570488,0.046901052214440866
TMEM18,-1.9689165310535244,0.04695437302670567
RPUSD4,-1.3802409714821255,0.047124694175208204
MFF,-0.8522392450484544,0.047124694175208204
GLRX5,-0.699587524307975,0.047124694175208204
LNC134,1.7957778286732642,0.047124694175208204
KCNK6,-1.3278856850173464,0.047124694175208204
PYCR2,-2.0099353465525724,0.047124694175208204
ELP5,0.6701270026194912,0.047124694175208204
PCGF5,-1.1572926048962953,0.047178020102381805
HARS2,-1.5112435733125,0.047178020102381805
LOC100909675,-0.9224368515338002,0.047178020102381805
RPP40,-0.7593763384888264,0.047178020102381805
RAMP2,-2.6564504944386327,0.047355807844287306
HSPB1,3.3172785763680896,0.04747408973048635
TACC1,-1.6066424414499234,0.047684210138393676
COTL1,-1.5017812939498336,0.047823206373591505
CCNB1,-3.6583214433946285,0.04785382858259711
SLC25A11,-1.5689509539698117,0.04785382858259711
MRPL3,-0.9804201834011543,0.047925463703635436
HIP1R,2.572807131181869,0.047925463703635436
LOC317165,0.5825248821056335,0.047925463703635436
ABHD6,-2.0738426886885684,0.047925463703635436
TMEM9,-2.6500947064114535,0.048085170890884404
LOC691153,-0.9692101841839235,0.048085170890884404
CENPL,-1.8983056293036806,0.048085170890884404
CKS1B,-1.520325605504647,0.04821979361675358
RPP30,-0.8022728576702893,0.048262879067350536
TK1,-3.3552858149981315,0.04837213579103521
HMOX2,-0.7508035602286909,0.04838617792065444
BCKDHA,-1.0392683806837275,0.04845312379597825
PTCD2,-1.8544032283737475,0.04845312379597825
TMEM119,-2.837912069688893,0.04852291693968998
TPRA1,-1.1206972165787028,0.04852291693968998
IVD,-1.5191195098859507,0.04852291693968998
C2,-2.703565833878949,0.04852291693968998
TUBB4B,-1.2753128142126782,0.04852291693968998
ST3GAL5,-2.6094673641672985,0.04852291693968998
LOC312273,0.5206927834843085,0.04852291693968998
F2RL3,-3.468398971610575,0.04852291693968998
ATP5A1,-1.6640911193936985,0.04852291693968998
MDM1,-1.7999374127486052,0.04852291693968998
CYB5R3,-1.0268550798703844,0.04852291693968998
PDDC1,-1.2320145381763732,0.04852291693968998
ZC4H2,-1.847157847500214,0.04852291693968998
MDH1,-1.332861092438291,0.04852291693968998
CXCR4,-1.1724499870239633,0.04852291693968998
THEM6,-2.742878984560499,0.04852291693968998
CLEC12A,-1.8804502101426834,0.04852291693968998
BRI3BP,-1.0296128561479962,0.04852291693968998
ILK,-0.9235560246936068,0.04852291693968998
CCND3,-1.7208542070040806,0.04852291693968998
MASTL,-2.431570093768107,0.04852291693968998
ANKRD39,-2.230540234266335,0.04852291693968998
GGH,-2.423792460897361,0.04852291693968998
GCSH,-1.84295086345743,0.04852291693968998
WBP1,-0.8304612235083297,0.04852291693968998
RGD1308706,-0.720615270363604,0.04852291693968998
DSCC1,-2.4064527752350413,0.04852291693968998
MEMO1,-1.4452576231279108,0.04852291693968998
LOC100158225,-1.6484330962025622,0.04852291693968998
ASRGL1,-1.9070927820090016,0.04852291693968998
CDCA3,-3.320117010217653,0.04852291693968998
PRKCSH,-0.9138231685815645,0.04852291693968998
TBCC,-1.5560511167153137,0.04852291693968998
P3H1,-2.1443085249301346,0.04852291693968998
BATF,2.645386783740263,0.04852291693968998
CDS2,-1.0135400626276145,0.04852291693968998
CYP2S1,-0.8576021250407742,0.04852291693968998
RNF113A2,0.9331513698415401,0.04852291693968998
IL10,3.486405429776564,0.04852291693968998
TOP1MT,-1.3653934034833157,0.04852291693968998
RAB13,-0.9686217950780822,0.04852291693968998
MTF2,-2.1732307712320074,0.04852291693968998
TRIM55,-3.0172825813962967,0.04852291693968998
MSMO1,-1.3210822255183894,0.04852291693968998
DHFR,-2.3290041485816766,0.04852291693968998
LCMT1,-1.2197828450270118,0.04852291693968998
ADI1,-1.702157298844924,0.04852291693968998
SLAMF8,-2.0899121134954024,0.04852291693968998
SMARCAL1,-1.1792566866670795,0.04852291693968998
SLC29A1,-2.0450833477644865,0.04852291693968998
TOMM40,-1.3024707280390104,0.04852291693968998
TBX19,0.5233551967699601,0.04852291693968998
CDK4,-1.4739914940067775,0.04852291693968998
HSCB,-1.6063734052863752,0.04852291693968998
HMGN1,-2.5156745633515865,0.04852291693968998
ARHGAP39,-0.9523275734794153,0.04852291693968998
PSIP1,-1.9706606542972038,0.04854700181377723
RGD1311164,-1.3735173911711234,0.04854700181377723
RGD1310852,-1.3501645775823543,0.04854700181377723
NRADD,-1.9753647361115747,0.048639697059857705
SPG21,-1.2016041528105692,0.048639697059857705
MCM7,-3.6634647605575967,0.04865404245310772
LOC680200,-1.831975515126734,0.04865404245310772
GMNN,-1.9718602356115786,0.04865404245310772
KNSTRN,-2.5221344925656997,0.04865404245310772
DOLPP1,-0.6042892199494796,0.04865404245310772
ARF2,-1.0195875643479981,0.04866496573468648
TCF19,-1.8702627396274198,0.04898015762394818
YWHAQ,-0.9963004092004564,0.04898015762394818
SUCLG1,-1.062891999528584,0.04898015762394818
SUMF2,-1.251936440970261,0.04898015762394818
ERICH6,0.5462578672127762,0.04898015762394818
PHLDA1,2.1535389185977794,0.04899788262708208
STOML1,-1.578597859500835,0.04903053956339259
PYGM,1.2535845433729333,0.04905576496977429
TMEM176B,-1.3203552796945663,0.04905576496977429
POLL,-1.6896273726685365,0.04905576496977429
RBBP4,-1.9751987310512003,0.04905576496977429
HFE,-2.101802743940209,0.04905576496977429
VWA1,1.0477250039935375,0.04905576496977429
PBK,-3.1206754313688205,0.04905576496977429
ACD,-1.1353137790756191,0.04905576496977429
PNPLA3,0.6465977124562865,0.04906415302502131
ADA,1.7385044964194325,0.04906415302502131
TSR2,-0.9959640574843347,0.04906415302502131
ZFP706,-1.1559031810443003,0.04906415302502131
CBR3,-1.9519392327267298,0.04906415302502131
KIF13A,-0.8200447024932769,0.04906415302502131
ALDH7A1,-2.161750113446439,0.04916472684850788
LOC689959,-1.5758233598192173,0.04916472684850788
H2AFZ,-1.8640553507263453,0.04916472684850788
FAM213B,2.945476355134616,0.04916472684850788
SEC22A,-1.459693471988965,0.04916472684850788
DAP3,-0.7450952398364454,0.04916472684850788
ANKRD24,-1.1753428894900826,0.04916472684850788
RGD1566226,0.5977472906211374,0.04916472684850788
AFMID,-1.870739628238244,0.04916472684850788
OGFOD3,-1.7243498342411625,0.04916472684850788
RIOK2,-1.8921797740902804,0.04916472684850788
TSPAN8,-2.6552270530351882,0.04916472684850788
TFPI,-1.452952816500947,0.04916472684850788
CD68,-0.9128346209231468,0.04916472684850788
CDCA7,-2.8375946451849803,0.04916472684850788
UGT1A6,-1.748911357248557,0.04916472684850788
PPAP2A,-0.8594744331779758,0.04916472684850788
CAAP1,-0.8131389426474449,0.04916472684850788
HACD3,-1.9398258800636135,0.04916472684850788
CDYL2,-1.6204794458023397,0.04916472684850788
HIBADH,-1.8537566808149952,0.04916472684850788
TMPO,-2.11339024366445,0.04916472684850788
ATP5B,-1.3417429605838613,0.04916472684850788
ACTR6,-0.7860002425382002,0.04916472684850788
RGD1560212,-0.8864940167306461,0.04916472684850788
BBX,-1.5649371029851769,0.04916472684850788
MRPL4,-0.9462915304991304,0.04916472684850788
SLC35B2,-1.2057889323020978,0.04916472684850788
SDHD,-0.9600471961204509,0.049187200523331115
POLD2,-1.1786678543136624,0.049187200523331115
UMPS,-1.9408578029471708,0.049429976387073166
RAB39A,-2.1133145241887554,0.049429976387073166
TMEM180,-1.442944948273098,0.049429976387073166
CASP12,0.7408073077974823,0.049429976387073166
PDGFRL,1.9952917955088998,0.04966543972153025
APOLD1,2.2074189879334645,0.04966543972153025
NPY,0.8638813756450432,0.04966543972153025
TGM1,1.7082045753453883,0.04966543972153025
IL12B,0.8394936587776438,0.04969972252028017
CSF3,7.173685837633331,0.049885251501472175
PKD2,-1.1634165318293659,0.04994297041077462
FAM207A,-0.7660038946221563,0.04994297041077462
FGL2,2.2057621660136717,0.049945395582132734
TPPP,0.834399750960384,0.049945395582132734
MTG2,-1.0584707002784852,0.04996844969417864
CISH,2.4125201960867684,0.050079628475850395
MIS12,-1.1397509250254783,0.050079628475850395
FAM53A,-1.153061253740163,0.050079628475850395
MRS2,-1.8955595150247984,0.050079628475850395
APEH,-0.8345941031659532,0.050079628475850395
MGARP,1.866405538578388,0.050079628475850395
TPGS2,-1.8968542216137658,0.050280345467439716
NACC1,-0.9222253491030861,0.05033363953561928
ARHGAP15,-2.4092764535524736,0.05033363953561928
CMSS1,-2.694703911667812,0.05033363953561928
RT1-DMB,-2.374981544617689,0.05038463519587307
LSP1,-1.651682050186004,0.050425406952548164
KIF23,-2.8726719236016627,0.050425406952548164
RAD51C,-2.291480367936983,0.050425406952548164
LRRC8B,-1.0641906047904461,0.050425406952548164
RFC1,-1.110374809318929,0.050425406952548164
INO80,0.5760922056782682,0.050425406952548164
YIPF1,-1.0226631943986537,0.050425406952548164
CXCL1,7.2111796067143406,0.050425406952548164
LOC104940696,0.9048824713097938,0.050425406952548164
CHIC2,0.9148550128716941,0.050425406952548164
NIT2,-1.155236205398642,0.050425406952548164
RFX3,-0.8124767602874816,0.05048970143635485
GINS1,-2.685954095857432,0.05048970143635485
BTG2,1.6325408587584262,0.05070699399262699
HAPLN2,0.5226272887751577,0.05070699399262699
DCN,0.522265708299786,0.05070699399262699
ISOC1,-1.9272660262026948,0.05074355566901338
DOLK,-1.9045818715182863,0.05075871836007539
TOM1L1,-2.1120588141771313,0.05080772759270496
NTRK1,0.931472782642914,0.05083083486990613
LDAH,-2.0668208558083876,0.05091358452309431
NNT,-2.9591383144796355,0.05096076631718648
NASP,-1.0180441296746459,0.05096076631718648
PHYH,-2.6286139332026326,0.0513151334521083
ZFP637,-1.2349545624461382,0.05133509274398249
KLHL42,-2.385662785688071,0.05151701423012127
RFC4,-2.0783702161831865,0.051601628278935385
SUCLG2,-2.3845385262167795,0.051601628278935385
CENPI,-2.6976903149593743,0.051601628278935385
MUM1,-1.5598859249872785,0.051601628278935385
SUPT7L,-2.3605041415517283,0.051601628278935385
DHX58,-2.4036453807430003,0.051601628278935385
CCL3,3.2791416605821144,0.05173685026141809
CHPT1,-1.3374998378131848,0.05174959747458935
GPR65,-1.1251208644834438,0.05174959747458935
PLAT,1.5748198958778357,0.05174959747458935
MAGIX,0.5117726379197272,0.05174959747458935
ATP2A2,-0.8097351186554138,0.05177581207408181
HYAL3,-0.7733239242919159,0.05177581207408181
BZW2,-2.3809476227768958,0.05177581207408181
TANGO2,-2.2372012455395875,0.05177581207408181
APTR,-0.738984893771312,0.05177581207408181
BCKDHB,-3.000306091371333,0.05177581207408181
TMEM39B,-1.0295708368413123,0.05177581207408181
PROSC,-2.766697236654102,0.051886446221101126
RGD1566099,1.3470253740441929,0.05189111314295907
GPNMB,-2.636350311980923,0.05189111314295907
PRC1,-3.821316355318535,0.05189111314295907
MCM3,-3.729280017950134,0.05189111314295907
NDC80,-2.510256059177431,0.05189111314295907
STAT5A,-2.044325081239653,0.05189111314295907
MRPS27,-2.1671098854523327,0.051893441939204456
FOXQ1,1.2037888980824858,0.05190177685310292
ATP5C1,-0.9638723234238613,0.05223172281888635
RRP9,-0.6581661300518835,0.05223172281888635
MTX2,-1.1514342668774864,0.05223172281888635
P2RY12,-2.425839565861294,0.052319516980098506
RGD1309540,-1.7217609083146175,0.052319516980098506
TMEM206,-1.4017926950663053,0.052319516980098506
RAP2B,-1.426847309746226,0.052319516980098506
JUP,-2.7511403331506634,0.052403247389691966
CCR7,0.8176780993443673,0.05241101484399312
GPR34,-4.523645570845137,0.052576003263678166
DCAF13,-0.7460821725555702,0.05260931286794642
MYADML2,-1.492974800839603,0.05265593868553167
ALG12,-0.9985316474180328,0.05269444300016605
ICMT,-0.948805751510732,0.052699928959923724
TRMT10B,-1.4382871063401137,0.052699928959923724
THAP3,-1.0464601000039644,0.05308508362944737
SERPINB13,0.8737588748491314,0.05308508362944737
STRADA,-2.0533200586148666,0.05318817527922199
OSGEP,-1.3164376192278997,0.05318817527922199
GRK6,-1.581137285832072,0.0532551432544283
EEFSEC,-2.1463001759202807,0.0532551432544283
RAB26,-1.217824908357303,0.05331523993390382
IFNGR1,-1.565455785381964,0.053402107613673915
NDE1,-2.1922153762586287,0.053402107613673915
CD37,-1.4455889701890268,0.053402107613673915
MYCBP,-0.6632062087275417,0.053402107613673915
CENPW,-2.0654969320542227,0.053402107613673915
CCZ1B,-0.9897279884818175,0.053402107613673915
TPP1,-1.1034193169555815,0.053402107613673915
FEN1,-2.584724703320961,0.053422543283855706
DNAJC7,-1.4533785888211361,0.053461863104156536
BPIFB1,0.8260891922813776,0.05348378925870423
GPX2,0.8315700279110666,0.05348378925870423
MLYCD,-1.8323056742073502,0.05357756907978489
RGD1305587,-1.3077023271451802,0.0536463874980862
LOC500956,-1.4651775733635553,0.0536463874980862
ST3GAL6,-2.0281928808665093,0.0536463874980862
TIMM21,-2.0056459827813704,0.05364863304462455
CKAP2,-2.8740487794275333,0.05364863304462455
IAH1,-0.574872165597899,0.05364863304462455
PDLIM7,-1.2668267206697372,0.05364863304462455
NUDCD2,-1.3844520114803691,0.05364863304462455
BUB3,-0.8310675731731649,0.05364863304462455
SLBP,-1.53437964282341,0.05364863304462455
EPN1,-1.9300797480689642,0.05364863304462455
ISG20,1.4745659967035776,0.05364863304462455
SLAMF7,0.7917365697942312,0.05370728879494571
KCTD9,0.8634310195759904,0.05370728879494571
NUP85,-2.331368182251464,0.05377822722000344
BCKDK,-2.1789626561070072,0.053833115065618845
CCDC43,-1.900681744886263,0.053975488762730575
VAPB,-1.9148742681216913,0.05417272118703608
ANGPT1,0.7452063477424603,0.05423603657428591
SKINT1,0.7351235398132628,0.05423603657428591
LSM3,-0.9280378855946418,0.05423603657428591
PDE4B,2.914490999445607,0.05423603657428591
PARM1,0.754310308700723,0.05423603657428591
PTOV1,-0.9788176099250068,0.05425787597897958
TADA3,-1.377189463946611,0.05425787597897958
PVRL3,1.2079500724163006,0.05430275018975384
OGFOD2,-1.0994707555300123,0.05437856778105367
CD28,0.77145883253919,0.054420641781648106
POU4F2,0.4623403053949117,0.05444177629866859
PIAS1,-1.275015438835167,0.05450711627327022
ATP6V1E1,1.2175610952973273,0.054510088012795166
RILP,-1.2020213935922641,0.054510088012795166
PDXK,-2.2874659132289654,0.05455860574149492
TLK2,0.7394471344548621,0.05455860574149492
CENPN,-2.584119831281675,0.05455860574149492
TOE1,-2.571522761690727,0.05455860574149492
SMYD4,-1.3681731501023686,0.05455860574149492
OPA3,1.0509998550308222,0.05455860574149492
MX2,-2.916457106373963,0.05455860574149492
ITM2C,-1.7371273140762704,0.05455860574149492
CDC6,-2.8668171391320074,0.054574396400561026
MAZ,-1.1071250127129872,0.054607022123074625
PAOX,-0.9569257031783662,0.054725908756288244
ATP1B2,0.457616353654484,0.05472723513657004
PSTK,-2.2037972114181397,0.05472723513657004
MAP3K14,-2.150646961932469,0.05472723513657004
NDUFV1,-1.123181196827626,0.05483756480616876
ARG1,4.000906690909065,0.05488016514422095
RAD51,-3.589548147485036,0.05502528652879618
GORASP1,-1.235303151459334,0.05517072576537933
TUBB2B,-2.333492079029953,0.05520084099700596
CEBPD,1.2515861037513485,0.05520084099700596
CDC20,-3.2780750906139104,0.05520084099700596
NCKIPSD,-2.1167200761998286,0.05520084099700596
PUS3,0.9154522802132479,0.05533764457653424
DGAT2,-1.3024406449761756,0.0553384412306483
AKR1A1,-0.5855443462365226,0.05539637717901135
DNAJB11,-0.7762125607080952,0.05539637717901135
SDHC,-0.5821678564911545,0.05543743131920783
AIDA,-0.8651542116040982,0.05550501768764742
RFTN1,1.938216003732827,0.05550501768764742
MCM5,-3.9902233743746978,0.05550501768764742
MOCS3,-1.3348711525350796,0.05550501768764742
ATP13A1,-2.4134053245739118,0.05550501768764742
KIF20A,-4.247948760602892,0.05550501768764742
GSTA1,2.0510173807950522,0.05568796577630889
ABHD15,-0.9179597413654621,0.055712309382106584
DDX49,-1.1810169839894193,0.055758309433348835
GSTZ1,-1.7910746275521,0.055758309433348835
ASS1,1.8631039237436613,0.055758309433348835
ATG3,-0.61840494229744,0.055758309433348835
FBXO22,-1.4007270535776901,0.056091022390705125
ZFP90,-1.1521161216870872,0.056091022390705125
ZFP956,-1.2296860011774813,0.056162017242254524
CCDC134,-0.7735772755745662,0.056162017242254524
CD47,0.9805023204369343,0.05616464043584446
KCNK13,-3.163021899428177,0.05616464043584446
FYB,1.860608453679919,0.05625749052297768
POLR1E,-1.7204695307844236,0.05625749052297768
RNASE1,0.47126551211008966,0.05625749052297768
CREG1,-2.1553798830444046,0.05634188825365495
PHB2,-0.7407802051351684,0.05634188825365495
GLB1,-1.6992281866142878,0.05634188825365495
TAOK1,1.3162032535984722,0.05634188825365495
TMEM161A,-2.127900238508178,0.05634188825365495
GATSL3,-0.8773995046632344,0.05634188825365495
LHFPL2,-0.7933491714134464,0.05636946129949634
UXS1,-0.9966011867538889,0.05636946129949634
SLC25A4,-0.8870971772617153,0.05636946129949634
NUDT5,-1.5513769920759568,0.056383158375140796
EMD,-0.49654357588956,0.056613658149846854
RRS1,-1.0908923223013671,0.056613658149846854
LOC500227,0.6397927474463846,0.05662181236939286
SLC6A8,-0.8803912551279516,0.05662181236939286
NUP43,-1.568542424329249,0.05662880870268521
LDHA,0.957871579997958,0.05662880870268521
MRPL9,-0.5318445401243004,0.05675199124719235
ALDH6A1,-1.7412488736939116,0.05675199124719235
LY96,0.4432087946800916,0.05675199124719235
GUF1,-2.0973283813720176,0.05696535412422968
SESTD1,1.8609002428642716,0.057035349511256446
LRRC73,0.9878225529279838,0.057035349511256446
PTGS2,6.370329911848625,0.057035349511256446
SOCS3,4.035244939860388,0.057035349511256446
BCAR1,0.6551988490278877,0.057035349511256446
SEPHS2,3.1503137126703855,0.057035349511256446
MTFR2,-2.719791462525399,0.057035349511256446
LIPN,0.9258800063680445,0.057035349511256446
SGTB,2.20910494138291,0.057035349511256446
ABHD12,-2.362862798958579,0.057050003516200966
TYMS,-2.3241485772743546,0.057050003516200966
MIER2,-1.0498059205491377,0.05713151010715637
AHCY,-1.7096085935760712,0.05713151010715637
RGD1563015,0.44051002262323347,0.05713151010715637
TCF3,-2.5513370999653366,0.05713151010715637
APMAP,-1.6204629944126483,0.05713151010715637
DDX59,-1.7039848581867745,0.05713151010715637
CYB5R1,-0.8157574959743301,0.05713151010715637
PCDH7,1.241473691866441,0.05713151010715637
RGD1311739,-0.8819803117887295,0.05713151010715637
ME2,-1.7406463279349773,0.05713151010715637
RNF166,-1.784893328637416,0.05713151010715637
GOSR2,1.2940097079443218,0.05713151010715637
GATM,-2.3405418253723647,0.05713151010715637
TSEN2,-1.6143159887770566,0.05713151010715637
WBSCR16,-1.4314296273911136,0.05713151010715637
PGGT1B,-2.56557235348998,0.05713151010715637
NRBF2,-1.5480948533037495,0.05713151010715637
TNFRSF11A,-2.1784877403510707,0.05713151010715637
RLN1,0.7356304836695389,0.0571643014211747
PCYT2,-1.245191342904648,0.0571717241607196
TPMT,-1.5750823825701623,0.0571717241607196
DHRS1,-0.9440448387224709,0.0571717241607196
ISG20L2,-3.507913096297928,0.0571717241607196
ECI2,-2.2124096404019786,0.0571717241607196
MED25,-1.6133334236453807,0.0572213324314142
SMOC2,0.7402825735625788,0.057291362291891426
SHPK,-1.394498006025572,0.05740442821090671
MKI67,-2.6126739134937726,0.057505298165309714
CRNKL1,-1.7486546991835337,0.057505298165309714
IL23A,4.264345656857774,0.057838789391288586
PKIG,-1.6183186178423459,0.057838789391288586
ASH2L,-1.6331648141653528,0.057838789391288586
GCAT,-2.0213499820976697,0.057838789391288586
TAF1B,-0.5607877382537112,0.057838789391288586
CEACAM19,0.43242283868529824,0.057838789391288586
SPARC,-2.380261041517057,0.05784349263748941
HMMR,-3.7052384562900995,0.05784349263748941
DSN1,-2.8935400173811416,0.05784349263748941
FUCA1,-0.8219534256148755,0.05784349263748941
CYTIP,-1.7751098065903508,0.05784349263748941
RBCK1,-1.6783720184329707,0.05784349263748941
SP100,-2.075437578813061,0.05785057639368499
PECR,-2.290212953270321,0.057851055811297944
NR2F6,-1.3956872761818873,0.057851055811297944
ZFP36L2,-1.7051357917539534,0.057851055811297944
CTSZ,-0.6288700414141424,0.057851055811297944
RASGRP4,-1.580715765233129,0.057851055811297944
BCS1L,-2.363526580288064,0.057851055811297944
ACSF2,-1.817186055223949,0.057851055811297944
LRPAP1,-1.3328591299053594,0.057851055811297944
FECH,-1.920895979882034,0.057851055811297944
COQ2,-1.7911528285941636,0.057851055811297944
RAB20,1.4247496103067054,0.057851055811297944
CCDC173,0.4268647910402009,0.05787670260278334
CENPT,-2.720697229133774,0.05787670260278334
RGD1311747,-0.9639375057575181,0.05793931353888611
SGOL2,-2.2451510662474092,0.057940689166076934
PEBP1,-0.7164352144963235,0.057940689166076934
FKRP,-0.8613093768927331,0.057940689166076934
SSB,-0.5997866266577754,0.057940689166076934
BEND6,-2.631195205065422,0.057940689166076934
HACD4,-1.9538361902623596,0.057940689166076934
FAM210B,-2.5861709274333697,0.057940689166076934
LCP2,-1.4317980206211787,0.05802185808423182
ACAT1,-0.750275198861186,0.05808900124165788
CDV3,1.3323371297379403,0.05808900124165788
UBE2C,-2.9591557439181893,0.058104651411765976
RGD1359127,-0.903793686878386,0.05811651056007041
RHEB,-0.5424568541459784,0.05822931557016272
GPRC5A,0.7280911724487787,0.05841034691399672
MRPL42,-1.6017567484137127,0.0584782518346959
EVI2A,-1.3915405794360973,0.0587288231358842
SLC25A3,-0.6675523949806932,0.05873196133923268
PSMA1,-0.7036931522739209,0.05891005528176175
TPD52L3,0.4961982094105631,0.05891005528176175
WRNIP1,-1.5638516498290276,0.05896546821599838
CTSD,-2.4396714505695662,0.05896546821599838
IFI47,-2.434846783670821,0.058967887588175436
WDR18,-1.05568334537492,0.059001358740595686
FBXL6,-1.0130883366981625,0.059001358740595686
BCL3,1.4438028801970804,0.059001358740595686
ITPA,-0.8373137998054823,0.059001358740595686
HES6,-1.1295448098656085,0.059001358740595686
MAT2A,-0.8920227919702794,0.059001358740595686
PRTFDC1,-1.0890002615108525,0.059001358740595686
TMEM86B,0.9282991495664843,0.05901727253698178
CDCA8,-2.1399113295371492,0.05906298809489748
FAM212A,-1.5136037379633145,0.05906298809489748
ANXA3,-2.857291463218286,0.05906298809489748
PDLIM2,-1.213038843588198,0.05906298809489748
RBM43,-1.9228853342269216,0.05906298809489748
PRPSAP1,-1.1481409582908553,0.05906298809489748
RNF187,-1.5557521720730643,0.05906298809489748
FZD6,0.47219528751718887,0.05906298809489748
INPP5D,-0.9111346979925212,0.05906298809489748
SNX5,-1.2216251770366844,0.05906298809489748
PCTP,-1.506571273489845,0.05906298809489748
BNIP1,-0.9197558972260325,0.05906298809489748
PTPN7,-0.8266791742558555,0.05906298809489748
BIRC5,-2.7652358167954914,0.059071477527660295
HIVEP1,1.4009632220221873,0.059071477527660295
CSRP2,-2.417997714762624,0.059071477527660295
SMC3,-1.2274690860274902,0.059071477527660295
RPUSD1,-1.0996841031109472,0.059071477527660295
CDADC1,-1.5592455924344046,0.059071477527660295
NPL,-2.2283117420023815,0.05927086696312048
RABEPK,-0.9663468538800204,0.05927086696312048
TCEANC,1.1033761528263084,0.05927086696312048
PPA1,-1.221256362690763,0.05927086696312048
PMF1,-2.144866820908146,0.05927086696312048
CMTM7,-0.7810556398723314,0.05927086696312048
THEGL,0.6761883364425868,0.05927086696312048
MARCKSL1,1.1199765944254407,0.05927086696312048
GDE1,-0.8290909244854712,0.059302760716762645
ADM,-2.1613476523183683,0.059302760716762645
DEF6,-2.2575763367513613,0.059302760716762645
EXOC7,-2.277888808026873,0.059302760716762645
DPH1,-0.8082274458717125,0.05930753927126229
ANP32E,-1.8629774903595462,0.05930753927126229
CTPS2,-1.5916313080293465,0.05930753927126229
MRPL18,-0.9391684391129078,0.059405849923202254
TSPAN6,1.3094575113494944,0.05940614817008108
SPSB3,-0.7796183077148124,0.05940614817008108
LOC499770,-0.860324867614322,0.05940614817008108
EFHD2,-0.8203466062621416,0.05944208890873355
TRAIP,-2.6025482935234976,0.05944208890873355
PIGT,-1.4775841192842671,0.05944208890873355
GTF2B,-1.014901166266427,0.05944208890873355
SEPHS1,-1.8043128930819463,0.05944208890873355
DOHH,-1.0377257723417204,0.05951056608836126
THBS1,1.1729162919273528,0.05978997115256707
ATP2B4,2.1931411910723058,0.05981969199878475
TESK1,-1.7093112273678908,0.05981969199878475
OCM2,1.6177033711295787,0.05981969199878475
NCMAP,0.6701568875516659,0.05981969199878475
SIK3,-0.9174107299032852,0.05981969199878475
GATAD2B,1.0933450391236952,0.059875359848415154
RAB35,-1.076960824528022,0.059890175927680304
SHKBP1,-2.2151318266254574,0.0599336875810538
ZFP830,-0.9395596618393949,0.05999167461863652
LILRA5,-1.712231813943704,0.06005218438945062
RFESD,-1.1816759218034576,0.06005218438945062
MTIF3,-0.9249689676260968,0.06005218438945062
UCP2,-1.2070303047968078,0.060061127620289485
MIPEP,-2.672728061040034,0.06018805747090121
GUSB,-2.4788166783982453,0.06018805747090121
COMMD2,-1.074783763998413,0.060204392198264026
RMND1,-2.624992298248366,0.060204392198264026
IFI44,-1.120297334388768,0.060204392198264026
ACOT8,-1.2553550128561817,0.060204392198264026
FAM216A,-0.826990501960077,0.060204392198264026
MRFAP1,-0.9996429188640938,0.060204392198264026
NFKBIE,-2.0635746447712746,0.06040346477858389
PRORSD1,-1.0182528441077436,0.06049646898242909
CAMKK2,-0.8800823256138528,0.06049646898242909
PARL,-0.5817047933739046,0.06049646898242909
DHPS,-0.8891220299586351,0.06049646898242909
POLA1,-1.4950822957074807,0.06050392666758935
FNTA,-1.0747556533614189,0.06067325263436829
MDH2,-0.7670880058759169,0.06071104450192494
SCEL,0.7452834895171169,0.06071104450192494
CHCHD3,-0.5351889298472567,0.06071104450192494
SLC37A2,-3.4242485368343365,0.06071104450192494
MGC116121,-0.9908134065537504,0.06072917558497653
CAT,-1.0493245828808146,0.06076750661534023
WDR61,-0.6989840582588958,0.06077626073050908
LRCH4,-1.4019077396529487,0.060801742438115446
BCL2,-2.0726215887611987,0.06081348797162168
SCRN2,-1.3731127073173848,0.06081348797162168
PPA2,-1.6554407719690754,0.0611423319355645
POLQ,-0.9580977684090464,0.0611423319355645
PIGX,-0.7808133801440853,0.06116702918514769
LOC691141,-1.5406294603203978,0.06149172972854252
CLN6,-1.4750445449299296,0.06149172972854252
SPTSSA,-1.2215324089068647,0.06151749448663746
TAMM41,-1.1085100302500472,0.06151749448663746
TFCP2,-1.7377436679898306,0.06155359196464264
PFKFB1,-0.9495402386972672,0.06155359196464264
EPHX1,-1.3058265378706069,0.06155359196464264
EXOSC5,-1.8788867477288824,0.06155359196464264
FBXL3,0.8022912268632387,0.06155359196464264
GPR18,1.3006974050988913,0.06155359196464264
MTERF,-1.6025497864933624,0.06155359196464264
SKAP2,-1.131891394887628,0.06164172393852999
RPAP3,-1.155925184007625,0.06164172393852999
LOC680254,-1.3014586078599164,0.06164588538747048
ITGA10,0.401560568992494,0.06164588538747048
MTOR,-0.49062059453223195,0.06164588538747048
NDUFV3,-1.053561354873025,0.06174862993129734
VEGFC,0.7854872995420836,0.0617596109152257
MGC95208,-1.2680895423665373,0.06177664551195103
RGD1306151,-1.7892733465267359,0.06177664551195103
RRP1,-1.489789444917304,0.06208365789236246
ACTL6A,-1.9704057080085948,0.062124166546162346
NLE1,-1.7184647507131863,0.062124166546162346
CCDC17,1.0753077747481006,0.06233223010356737
CD9,-0.9582710976544071,0.06233223010356737
LHPP,-1.6500368307447544,0.06233223010356737
CASP2,-2.2907877377766357,0.06233223010356737
NDC1,-2.8207040695593637,0.06233223010356737
MAP7D2,0.4924309904138993,0.06233223010356737
ATP1A3,-3.215815835315002,0.06233223010356737
LOC361346,-2.2641282801313904,0.06233223010356737
MRPS26,-1.7346612573922715,0.06235905451773279
FCGR2A,1.051016576930417,0.062398827010318375
WDR92,-1.2610171593520514,0.062407945661078025
ELOVL5,-1.4547163035050037,0.0624536137870095
TPPP3,0.7222902672788637,0.062466411815276575
FRA10AC1,-0.9584143229348521,0.0626338310751493
SPDL1,-1.6049846167901132,0.0626338310751493
DRAM2,-1.4020851445786002,0.06270904697351523
MMD,-2.0862159634709165,0.0629025778186717
SAMM50,-1.622611103022825,0.0629025778186717
ECHDC1,-1.9378496238159926,0.0630098132238608
ARRB2,-1.9889520479076372,0.0630098132238608
RFXANK,-1.5596306795157704,0.063071284486378
PRRC1,-0.912017986140687,0.063071284486378
VRK1,-1.5787925191148604,0.063071284486378
HNRNPA2B1,-1.385537203897231,0.06308584075624107
RGD1311863,-0.7804512327939119,0.06308584075624107
SLC10A3,-0.8373693780109983,0.06308584075624107
SLC35B4,-1.2947896401239336,0.06308584075624107
ENTPD6,-1.9624650714709917,0.06308584075624107
IL6,4.752736437054516,0.06310161001783395
OSTM1,-1.347111477062354,0.06314056587781082
MMS19,-1.3348094618580295,0.06328365336921364
FDXACB1,-1.3058974736105724,0.06328365336921364
MAPRE2,-1.5945347903092415,0.06328538539560918
PARN,-2.0663199186743677,0.06328538539560918
PPP4C,-0.70688503318891,0.06328538539560918
EMC8,-0.999877882094971,0.06344439807296276
PPP1R3D,-1.5263617645797491,0.0634460314934555
TPST2,-1.9210161761038798,0.0634460314934555
LOC498154,-1.345359875320428,0.0634460314934555
DPP7,-1.7748560376044047,0.06346341852113706
WNT10B,0.6712743478061483,0.06364399580613965
TTC9,1.1514981371819597,0.06368004351759318
DEK,-1.7325572730314174,0.0638805353606336
NSUN6,-1.1037712614323079,0.06391435668651457
TOM1,-1.1066879085033694,0.06391435668651457
RSPO1,-1.489657166924146,0.06391925996896519
PPT2,-1.6460192450439903,0.06399882055190877
STK16,-1.617103427541886,0.06410607943653497
TMBIM1,0.9305394135295701,0.06410607943653497
AP3S1,0.8039643938278971,0.06412824144579204
FAM98C,-0.8771938674602628,0.06420375847800758
NRM,-2.32047386623762,0.06420375847800758
TIPIN,-2.063693328014251,0.06420375847800758
ETV5,-1.8117797699193077,0.06420375847800758
EFCAB9,0.3900733180445429,0.06421116359806354
MSL3,-1.2703545062703863,0.06421116359806354
PDXDC1,-2.634059126559579,0.06421116359806354
CLDND1,-1.1744490258712652,0.06425028109005727
EXOSC8,-3.3428676949686946,0.06425055072719114
EIF2B2,-0.609838169467646,0.06431788015877726
TXNDC15,-0.9810366419434482,0.06432526044765945
NOC4L,-1.3823140043811448,0.06437281713274157
F2RL2,2.2482263263316593,0.06437281713274157
LCA5,0.541618033275648,0.06437281713274157
LTA4H,-2.760194105804093,0.06444130608449221
THY1,0.6716873986329099,0.064494587319472
NDP,0.4310222932072898,0.06457895766791638
CTNS,-1.800072202065679,0.06459228834479815
SLC26A9,1.0229397054742693,0.06477030231186472
GTF2H4,-1.14116476092275,0.06483019048929821
MED16,-2.4464446882150517,0.06483019048929821
EXT2,-1.5461352001546165,0.06491281530943345
MRPL40,-0.9942888072440295,0.06494380401591729
THTPA,-1.2648183358325549,0.06495669771449328
APBB1IP,1.2194191308878297,0.06514556928102837
BOK,-1.2175815739357314,0.06514556928102837
GPR4,0.9939748828972382,0.06516396592284403
PLK4,-2.779852574648358,0.06517213639370163
CNEP1R1,-1.1917897596270204,0.06517213639370163
ITM2B,-1.4881927261440557,0.06518964229011114
ZFP263,-1.9027027180678004,0.06528843011114799
KIFC1,-2.9958643374279186,0.06537332676071336
SKA3,-2.9571737921380246,0.06537332676071336
LYC2,-1.4613317619375863,0.06537332676071336
CNOT10,-1.3434679405384928,0.06537332676071336
RGD1565002,-0.9813830750394619,0.06537332676071336
IQSEC2,-0.6913249989613537,0.06537332676071336
FKBP10,-2.8487041359844056,0.06537332676071336
ZFP422,-1.6288172018217095,0.06541282463528021
MAN1A1,-1.7541759945918056,0.06542696978535308
PPM1G,-1.2842462855496102,0.06542696978535308
UTP23,1.0820270514806758,0.06542696978535308
CMTR2,-0.8234677083756963,0.06551453582587388
MCM6,-3.439196704681791,0.06555364797879658
HABP4,-1.860607809083074,0.06555364797879658
LCMT2,-1.2101912756680004,0.06555364797879658
LIMCH1,-1.7747242178934448,0.0655818571225245
LYPLAL1,-1.4915420082851794,0.06559970519867102
RNF219,-1.2245402360838098,0.06568935673009159
TALDO1,-0.8743237771627017,0.0657542426945845
NAE1,-1.6466833930661613,0.0657542426945845
HOMEZ,-0.8207942676926328,0.0657542426945845
PTPRV,0.4649659284127998,0.0657542426945845
MRPL24,0.851691033420801,0.0657542426945845
ZFP444,-2.7185967845238004,0.0657542426945845
THOC1,-1.2866046889604772,0.0657542426945845
ZFP518A,-0.9402823159403755,0.0657542426945845
KPNA2,-2.0019688369387927,0.0657542426945845
ANKRD46,-1.6309596899384282,0.0657542426945845
ZFP467,-1.9075387695861576,0.0657542426945845
YWHAE,-0.8444675391011556,0.0657542426945845
ALAD,-1.8937582786209748,0.0657542426945845
PRMT10,-2.1475469139687373,0.0657542426945845
DIMT1,-1.0820368625732146,0.0657542426945845
PDGFB,-0.9628944378608735,0.06589083489082984
CLN3,-0.9530107243578732,0.06592460997607226
AMZ2,-0.7130248104335899,0.06592460997607226
RARB,0.8422558257975007,0.06594667323618134
BORA,-2.0623001451893246,0.06601284150521572
NAA10,-1.7431259395096768,0.06602643092410979
ARL14EP,-1.0663608789846029,0.06616861573826395
EIF4A3,-1.359556551119768,0.06616861573826395
STEAP1,0.79115360699626,0.06617030622674999
MTBP,-1.4336279968833248,0.06624681106876038
SMNDC1,0.7254833874110176,0.06630620992929831
CLPB,-1.9434174606770762,0.06630679720240175
AKR1E2,-1.6627141676971822,0.06630679720240175
VPS4A,-1.047241661891385,0.06630679720240175
CYBB,-2.4544543157635372,0.06635284438435307
EIF4EBP2,-2.046165698415842,0.06635284438435307
PGRMC1,-0.8696405263545861,0.06651819750273087
TOR1A,-1.0220467447032853,0.06651819750273087
BCL2A1,1.5391741665076903,0.06651819750273087
GRN,-1.4052575738466277,0.06675564171732214
CDC25C,-1.5729166529249246,0.06678190462852289
RNF128,-2.185547084002748,0.06678190462852289
PMP22,-1.3712468231517017,0.06684186323911029
SLC25A39,-0.6630019607092077,0.06684186323911029
MIS18A,-2.388533210102999,0.06684186323911029
GSTP1,-1.9865829081590007,0.06684186323911029
TTL,-1.2117432738618765,0.06686996742221997
GNG11,-1.6186308585804718,0.06688518954929368
LRRC49,-2.167327190672955,0.06689885218422337
DUT,-3.540940976008824,0.06692980067666256
BRMS1,-0.49977888682629956,0.06692980067666256
RGS9,1.9739557904629812,0.06697329080046897
COPS5,-0.8732423996516108,0.06698155081473184
ASCL2,0.9056789367785433,0.0670011900246669
NCKAP1,1.5019137134862846,0.06721396002723194
ANXA5,0.6594224414825351,0.06736035591852493
IFNB1,1.652577449137504,0.06739256684392111
NPEPL1,-2.2532431277615883,0.06741911537470203
TCN2,-2.1988454305110072,0.06742447464219985
WNT1,0.45551520784979355,0.06742447464219985
NOP56,-1.29101758311318,0.06742447464219985
GAA,-2.365166164159163,0.06754845924667445
TTK,-3.252573193295426,0.06754845924667445
GNPTG,-1.1637474953931153,0.06756159120220132
AMT,-1.9895511745884293,0.06756159120220132
PELO,0.4911227431951142,0.06756159120220132
CSF1,-1.2296058209155556,0.06756159120220132
MFSD3,-0.9822901511308659,0.06756159120220132
NFAT5,1.970281499971505,0.06756159120220132
NFYB,-1.0366722466696805,0.06756159120220132
KCNG2,-1.1976185375962962,0.06756159120220132
IL1A,5.494568006694614,0.06756159120220132
SLC8A1,-1.3484564801431438,0.06756159120220132
TNFSF13,-1.6868217988282836,0.06756744865084337
EIF3H,-0.49375727156897486,0.06756744865084337
OTUD3,-1.081203292763547,0.06756911327792575
DENR,0.8817098173641877,0.06762699513238644
MRPL44,-0.7541794295331439,0.06769762842557493
RMDN3,-1.840472651976032,0.06769762842557493
RGD1311703,-0.63759961177613,0.06769762842557493
RGD1310127,-0.9329890098707243,0.06769762842557493
LLGL2,-0.9214472342350684,0.06774850684473818
DSCAML1,0.40024826854796586,0.06774850684473818
KLHL6,-3.0061987133936485,0.06774850684473818
TMEM55B,-1.151790918553551,0.06774850684473818
TSEN34,-0.950970425284094,0.06774850684473818
PLB1,0.39775587503203036,0.06774850684473818
ACSL3,-2.193619868617185,0.06774850684473818
TBC1D10A,-1.95392582431638,0.06774850684473818
STUB1,-0.9095022814561506,0.06774850684473818
DUSP6,-1.3198647470155525,0.06782972555946797
WDSUB1,-1.823637825627519,0.06782972555946797
POC5,-2.028422350316512,0.06782972555946797
SLC46A3,-0.8617345603532209,0.06782972555946797
KDELC2,-1.9953668395282422,0.06782972555946797
CSGALNACT2,-0.9877356898541665,0.06784415182635166
C1QA,-3.3171712706880507,0.06787391395653325
RABGGTB,-0.9211311788042646,0.06787391395653325
MIS18BP1,-1.5220912772409187,0.06787391395653325
OAT,-0.9633912337451624,0.06787391395653325
SPR,-1.2068375971146317,0.06787391395653325
DPH5,-0.5988892245315562,0.06787391395653325
MAP2K5,-1.5241309243487937,0.06787391395653325
LOC498368,-2.5996003657638362,0.06787391395653325
SH3BP2,-0.6983708907505024,0.06787391395653325
IL10RB,-1.0394162587828335,0.06787391395653325
MXD3,-1.5999288199388682,0.0678999704728997
LRRC63,0.5751485964352103,0.0678999704728997
MAPK9,-1.2080705625933366,0.0678999704728997
ENSA,-0.7781472007588488,0.0678999704728997
RDX,-0.8437631744589069,0.0678999704728997
KIF22,-2.4337166494947953,0.0678999704728997
GPR22,0.43642710313517186,0.0678999704728997
ORC1,-2.30458461976409,0.0678999704728997
TAF10,-5.892245133946577,0.06793543164673539
USP1,-2.110283104930025,0.0679946448614578
DEF8,-2.136613926519246,0.06802022820641708
NOSTRIN,-0.948508295447907,0.06802022820641708
ADIPOR2,-1.814176649899299,0.06812691862869921
TAF9B,-1.0230107062338563,0.06827141876779445
COMMD5,-0.9740132789165927,0.06827141876779445
LOC499602,0.8808025820029564,0.06831269637089536
ERO1A,1.225098799872753,0.06831269637089536
LZTS2,-1.7231721932473423,0.06837096591721904
LNP,-1.111547295388879,0.06843733727531244
SCLY,-1.707600548477426,0.0684398508197324
LIMD2,-1.7729691957436815,0.0684398508197324
PROS1,-2.7700589394850077,0.0684398508197324
ZFP64,-1.666570524584877,0.0684398508197324
METTL9,-1.150232016793205,0.0684398508197324
NOV,1.7683814811457588,0.06845166036304759
SEMA6D,1.6743460944708937,0.06845166036304759
DDX24,-0.7319337087271003,0.06847941510077611
GPR31,1.9701722617410944,0.06849498814018534
OAS1K,-1.4342922098852642,0.06849498814018534
DDX55,-0.7345059571016108,0.06854598956290162
TMEM70,-1.560068679041139,0.06854598956290162
TUBA1B,-1.8732726895731187,0.06855795194173171
DCHS1,0.8087936474491393,0.06859374278189914
MESDC2,-0.9631640257481848,0.06859374278189914
GDAP2,-0.8613208736169615,0.06859374278189914
MCM2,-2.9631683719994513,0.06859374278189914
VMP1,-1.4284292953417248,0.06859374278189914
PRMT1,-1.0510459168881336,0.06859374278189914
GLI4,-1.3945030207206228,0.06859374278189914
TMEM120B,-1.6680804863127165,0.06859374278189914
SULF2,-0.8100591218599125,0.06859374278189914
APPL2,-1.424651654131861,0.06859374278189914
AMZ1,-1.8624498022562317,0.06859374278189914
HTRA3,1.345381258438043,0.06865346589275904
ADD3,-1.9973975321818107,0.06865346589275904
PICK1,-1.9024912572018318,0.06865346589275904
RCC1,-2.2445884468755137,0.06865346589275904
KLHL36,-2.017447772056883,0.06865346589275904
MRPS11,-1.3373643597931362,0.06865346589275904
CEP112,-0.8353888868685057,0.0686848399999036
SCFD2,-1.4100483364364942,0.0688949034659118
MPPE1,-1.2084742966919273,0.0688949034659118
USP11,-1.7766441639783181,0.0689368904194414
ADPGK,-1.3465195059928057,0.06894300964831339
IFT88,-1.3339198501031904,0.06895101440828977
MGME1,-1.7182561680987594,0.06896504795683461
CDK5RAP3,-1.6893869962862937,0.06912208632393886
TEN1,-0.882915010976284,0.06919415601562909
MTM1,-1.8411616549312013,0.06919415601562909
XKR8,-0.6476995440828077,0.06919415601562909
MARCH3,0.7667691464125225,0.06919415601562909
PIGY,-1.480810479616864,0.06919415601562909
IRF1,-1.032565118716783,0.06919415601562909
ILVBL,-1.5059589584674387,0.06919415601562909
ATP6AP1,-1.2795776719979486,0.06919415601562909
HIPK1,0.8315283687254786,0.06919415601562909
AKAP8L,-1.1928630060895857,0.06919415601562909
KIF15,-2.1344509720058014,0.06920798435268496
IMPA2,-2.245818278999275,0.06920798435268496
MYRF,2.443435905692159,0.06920867594950489
PSMC5,-0.6134103590084177,0.06920867594950489
MPST,-1.3269142618541152,0.06920867594950489
RGL1,-1.4922207341369431,0.06921462327184424
OLA1,-1.4485909349327315,0.06923075696320288
NMRAL1,-1.6196074884680858,0.06923075696320288
GRM4,0.3863827638738244,0.06923075696320288
CDKN2A,2.7752175926504634,0.06923075696320288
DGCR6,-1.2946548515375964,0.0693089171014655
LOC685157,0.8232375902395483,0.06932748410310177
COQ9,-1.2667495257349564,0.06950627386351035
SBDS,0.6939429995140154,0.06950627386351035
ZCCHC8,-1.2420910243095582,0.06952286041224431
SUMO1,-0.615179817913563,0.06954131267299943
FZR1,-2.133793432520396,0.0695470399460524
TMEM2,2.0821839322711195,0.06961394498617716
MED18,-1.1248987715035155,0.06966206256046485
CTNNBIP1,-0.8225372220193639,0.06982711951489967
ANXA6,-1.3859362202118284,0.06983542738482519
CERK,-1.7905327228207901,0.06983769437257507
PLAGL2,1.6587941691886972,0.06983874465557297
PSMB10,-1.8350798274690732,0.06983874465557297
PARP2,-1.9498521427362234,0.06986766805540212
DHODH,-1.299234542802945,0.06993379709780793
SPINT2,-0.9184533147876799,0.06999062127093397
D2HGDH,-1.8638989515892057,0.07016949699572163
SCAMP4,-0.5719444425291327,0.07025251291109319
NUBPL,-2.0173201225381323,0.07025251291109319
FAM105A,-1.7264985398246946,0.07025251291109319
STEAP3,-1.7886819719532734,0.07025251291109319
CCNE2,-2.432677560679742,0.07025251291109319
ATP13A4,0.5488035404647741,0.07027538729371251
MIER3,1.4023899757944882,0.07036483194414794
ACCS,-1.4018865280473096,0.07036483194414794
NEK2,-3.3214194149367655,0.07049269199272386
NAGA,-1.2182072821067025,0.07049366633176991
CHAF1B,-2.5703127693133987,0.07049366633176991
DCTD,-2.2278605714079576,0.07055425729830897
NUBP2,-0.7929169927614508,0.07055425729830897
PAPOLG,-0.8550513087614338,0.0706254252642476
PHLDA3,-1.0992752881865022,0.0706254252642476
EXOC6,-1.840647954049794,0.0706254252642476
NGRN,0.6920736809739405,0.0706254252642476
AAAS,-1.5159345472440289,0.0706254252642476
SMC6,-0.9950695049609046,0.0706254252642476
ICE2,-1.5869435543904515,0.0706254252642476
HEBP1,-1.022848772506558,0.07067838139334771
TBL1XR1,-0.988167605635142,0.07071341482009348
TMEM97,-1.6029516171648543,0.07071341482009348
NPHP1,-1.1838128551784202,0.07074738407668973
NOD2,2.261581236287007,0.07074738407668973
OSBPL9,-1.9108417085282023,0.0707482265600978
ADRBK2,0.8722782424988607,0.07078259244924476
POC1A,-2.2176276293751824,0.07095766781469788
CTF1,0.8237889907994844,0.07105787884981836
CWF19L1,-1.2243499095721728,0.07106825024247515
TOR1B,-1.1112018433185549,0.07111521457711008
WIPI1,-1.9855228545604633,0.07129968718894536
TRAP1,-2.4775389131639503,0.07129968718894536
FAM96A,-0.8352344863667156,0.07133228959080384
PGAP2,1.0867635345478313,0.07133228959080384
TACO1,-1.430497888623269,0.07133228959080384
FKBP4,-1.6381419771995103,0.07144089457578773
HNRNPA1,-1.156931138714259,0.07144128689816136
VPS9D1,-0.9097555601599163,0.0714971811365578
OSBPL1A,-2.5474258198045967,0.07149929785469251
XPC,-1.3489395503607091,0.07149929785469251
SLC9A3R1,-1.2096593215930596,0.07153744203856982
PREP,-1.6706641336946704,0.07153744203856982
CLEC5A,-1.7205319224326168,0.07171368946708018
IL3,0.6209560683553659,0.07175870362153246
GEMIN8,-1.050132696371437,0.07181757019031063
SNX3,-0.3668614862034776,0.07181757019031063
PIGH,-0.9121733748559997,0.07181757019031063
PCK2,-0.801378542980828,0.07181757019031063
TOP2A,-3.3186243476081136,0.07181757019031063
ASB13,-0.9184998163943261,0.07184180740668374
RGD1302996,-0.736307733444713,0.07190583888092156
PAQR7,-3.1269732653282913,0.0719148751139523
ANKRD10,-1.6912416586234655,0.07192991212020582
CSPP1,-0.9152867796409582,0.07196298629479175
PAK1,-2.433407943613003,0.07197361760899929
PRMT2,-1.1574516922684448,0.07197361760899929
PPFIBP2,2.7190040013645014,0.07212680027201789
MPHOSPH8,-1.01290481289531,0.07212680027201789
LBH,-0.7556388877655118,0.07213596821348228
NAT6,0.7282380813583398,0.07214454203227941
LIF,3.063339807781108,0.07214661821086603
PTRF,1.8448819231357794,0.07214661821086603
WASF2,1.219140827365302,0.07225051513026093
CDC7,-2.193250697729896,0.07229854508227698
FCGR1A,-1.36321900470801,0.07229854508227698
MTFP1,-1.3306603490471054,0.07229854508227698
INTS6,0.8262270980811637,0.07230179491495256
ADCK4,-1.383196766611166,0.07230179491495256
EIF6,0.6320848595083222,0.07230179491495256
EVI2B,-1.2480367803001169,0.07262110188826794
AGPAT5,-0.989064658861941,0.07262110188826794
CDT1,-2.1350836663568655,0.07262110188826794
RGD1310429,-1.6432888533975882,0.07262110188826794
POLE2,-2.21481854827924,0.07262110188826794
MRPS9,-1.174350065998714,0.07269879235224692
ALOX15,-2.150672762887197,0.07271017096985018
DGKZ,-1.401563752542141,0.07271762210393175
MDFIC,-1.424423081474226,0.0727353579458438
DNAJB6,-1.0346822067034318,0.07275526945217214
PAK1IP1,-1.3291762932047697,0.07277745718298342
CGREF1,-0.8206190848516588,0.07277745718298342
UHRF1,-4.1572444826311346,0.07277745718298342
UQCRC2,-1.5824794286186314,0.07287275425883562
RAB5C,-0.9027118392502596,0.07287275425883562
RUVBL2,-1.0133776146143854,0.07289909962252587
ABHD17C,2.169394768806524,0.07298980081771327
IDH3G,-0.6937435075856788,0.07312046217320228
MAFF,2.223199933582537,0.07317789064547116
SS18L1,-1.7008610816644583,0.0732097609265613
HMG1L1,-1.2962369955787327,0.07335279736760535
FADS1,-3.2978383086832275,0.073401417683324
AES,-1.1599637035760035,0.073401417683324
SWT1,0.6205266235392219,0.07345070392728022
ZBTB10,1.4727325770385749,0.07357667372315227
PDSS2,-0.9895327687732276,0.07360708227788959
DCLRE1A,-1.567757265964642,0.07373187234314908
CHMP3,-0.7459907619228394,0.07373187234314908
STMN1,-2.702261982846449,0.07373187234314908
OXLD1,-1.9332490763333416,0.07373187234314908
MAD2L1,-2.2702360374366286,0.07373187234314908
GMPR,-2.180307430394262,0.07376972019402454
FBXW8,-0.7020655897095442,0.07383973390664506
DBNDD1,0.48297568479501857,0.07383973390664506
TRIM11,-1.1831945454161117,0.07385179350547616
SHISA3,0.5439587082889178,0.07385179350547616
CDC16,-2.0787131569525603,0.07385179350547616
UCK1,-1.683753588112162,0.07385179350547616
TSPAN14,-2.1715553571012354,0.07390631485376635
NUP35,-1.2944694820408644,0.07395124840846815
SLC2A8,-2.0236865550672176,0.07395124840846815
XRCC2,-1.6693223127296697,0.07395124840846815
USP45,-0.6857948680219412,0.07398001284113483
GLO1,-1.7114275962522525,0.07410296117521167
NAGPA,-1.7275849109427979,0.07418584279267183
TRA2A,-0.4425243288593599,0.07431791169753259
CYP27A1,-1.2641336951358706,0.07435516766922344
QK,1.1404997434503557,0.07435516766922344
CERS1,-2.0664866178028984,0.07437035905877139
GLUL,-1.367396174598225,0.07437035905877139
LPAR1,0.6415793649488112,0.07437193499904547
VRK2,-2.3230585576535625,0.07440109011449667
MSANTD4,-1.8520657531102507,0.07442974973653158
FARSA,-0.8812122058265643,0.07442974973653158
AMPD1,0.504450877556905,0.07442974973653158
BHLHB9,-1.510365198131502,0.0745523280033577
NFIC,-2.596244069367609,0.0745523280033577
BET1L,-0.7662453515744767,0.07456903713108669
TFG,-0.6496666047775221,0.07456903713108669
GALNT11,-1.7333136691501108,0.07456903713108669
ACADL,-0.8738465648908349,0.07456903713108669
TCEAL8,-1.5775540160079249,0.07456903713108669
TCEA1,-0.7641022929038015,0.07456903713108669
PSMC4,-0.47731888766044595,0.07471151648750506
ACVR1B,-0.7010612563283702,0.07477196986058193
GPX1,-0.8288324632850816,0.07477196986058193
TSSC4,-0.4784310738107287,0.07477196986058193
PNRC2,-0.8149261314321166,0.0750250902979837
CCS,-1.3646269855584237,0.0750331285140233
PPM1A,0.799570545377644,0.0750331285140233
MRPS5,-0.9157148486273505,0.07510676268434538
SLC35D1,-1.0060213610760391,0.07510676268434538
INTS7,-1.9702210837155842,0.07510676268434538
UBE2E3,-1.4039102376412123,0.07510676268434538
KAT5,-1.4571575749468186,0.07510676268434538
ADPRH,-0.7926888387839046,0.07510676268434538
FAM71B,0.36042158987208195,0.07510676268434538
LSR,1.903373936654496,0.07510676268434538
CAPZB,-0.4963778290474856,0.07510676268434538
SNHG11,0.36012151249432944,0.07510676268434538
ZFP710,-1.1905206843678353,0.07536426724078865
DEPDC1B,-2.0981707616820096,0.07536426724078865
LRRC4,0.4809264418803738,0.07536426724078865
FBXO8,-2.1107783738172565,0.0753973561107094
TAPBP,-1.4624080676726683,0.07560311449429558
NKR-P1C,1.8771278222896526,0.07560311449429558
LANCL1,-1.6503497162497343,0.07567835609020064
C8G,-0.861363297798717,0.07567835609020064
TTLL3,0.45073678028356534,0.07567835609020064
ARHGAP9,-1.1626378243517221,0.07567835609020064
EMC10,-0.524225982838538,0.0756846837674268
LMNB2,-2.433250213205515,0.07580882824234693
KCNN3,0.3575970441504542,0.07580882824234693
SLU7,-0.6770904765493015,0.07580882824234693
HSH2D,-1.8892103913002671,0.07580882824234693
UPP1,2.856512797197282,0.07586132482666443
EEF2KMT,-1.7951459097249576,0.0759325455095017
UCHL1,1.089910152259669,0.0759325455095017
CHCHD4,0.7037215734817117,0.07595187181839896
SHISA4,0.9060127571505778,0.07595187181839896
SERPINB11,0.3387723882278719,0.07595187181839896
HTR1B,0.6893033156297295,0.07595187181839896
TTC5,-1.6959886484844033,0.07595187181839896
IFITM3,-1.5936784720488872,0.0760275747950979
SMOX,1.3045194484343012,0.0760964415971034
RPA3,-1.5911493757597621,0.0760964415971034
TARS2,-0.9404242301575918,0.07624924697027267
CYP20A1,-1.6344610027207453,0.07641713428566196
IQUB,0.5208324611434729,0.07651328990777577
COQ6,-1.3417422623540556,0.07651328990777577
ARNT2,1.3485678679698303,0.0765471274162601
XRCC6,-1.4004703297183099,0.07659191726529863
SNX7,-1.715484958407353,0.07661642227547817
MPP5,-1.0954579948598666,0.07661642227547817
AGPAT4,-1.1461192749072202,0.07661642227547817
QPCTL,-1.403714024276208,0.07661642227547817
PYROXD2,-1.1306651734959565,0.07661642227547817
STAMBPL1,-1.460429455687874,0.07661642227547817
CENPU,-2.9085219215454363,0.07661642227547817
SMU1,-1.7954568193655533,0.07661642227547817
GTF2E2,-1.1308415578641537,0.07661642227547817
NOP9,-1.748422319461386,0.07661642227547817
STX11,2.1757127919695947,0.07661642227547817
RGD1309730,-0.9806767134946064,0.07661642227547817
GTF2I,-2.546506641525607,0.07661642227547817
NEIL1,-1.4206934084348932,0.07661642227547817
DHX34,-1.666550572999394,0.07661642227547817
ASB8,-1.1791373822622484,0.07661642227547817
AGTRAP,-1.3266608065448544,0.07664299530778135
MET,1.1078652651618652,0.07665959927523718
LMNB1,-3.891414731523044,0.07668137618903027
TBCK,-0.9056372289512823,0.07668137618903027
MBOAT1,-2.047744225605655,0.07680445538575295
BIRC3,2.226243015970802,0.07698738427090193
POFUT1,-1.6509633395963719,0.07709245729013224
MINPP1,-1.9700588205976568,0.07718046109449007
ARPC1A,-1.0958229588987916,0.07718046109449007
MCART1,-0.6363082488925564,0.0772291763468327
ACTB,-1.7140377846408903,0.07728366730390529
GCLM,-0.9784466792708684,0.07728366730390529
NEMP2,-1.0900333299253073,0.07730153828116614
RGD1562726,-1.0593166886595395,0.07736633328165977
IFT46,-1.5896901498183533,0.07736633328165977
FAM229B,1.0615724204691972,0.07736633328165977
SEMA4G,0.4385158384115205,0.07736633328165977
CFP,-2.440597074760558,0.07738127790717245
DPAGT1,-1.5131407868564448,0.07738127790717245
MTHFS,-1.1227091566764091,0.07738127790717245
AS3MT,-1.6060725869429024,0.07738127790717245
PRCC,-1.1491844353026122,0.07738127790717245
FAM134A,-1.4974025814057486,0.07738127790717245
SPCS3,-1.0936497908130631,0.07738127790717245
CCDC82,-2.8835734478312913,0.07738127790717245
VPS72,-0.7347206938568949,0.07738127790717245
RILPL1,-0.8931516451139707,0.07738127790717245
RAB4A,-1.1678791872649281,0.07739823519401857
NUDT22,-0.8023964416743825,0.07744994041501808
SPRED3,1.0641716892570714,0.07744994041501808
ACY1,-1.0371100658678571,0.07746497041218732
AP1S2,-2.1428974820230686,0.07750078918272427
NRP1,-3.4447248936547816,0.07750078918272427
UROD,-0.9392475895964285,0.07750078918272427
ATP5F1,-0.8306623043286852,0.07750078918272427
LRRCC1,-1.2639721916624604,0.07760095981170372
ATP2A3,-3.493719728813676,0.07768035757152648
NONO,-1.6355615253851594,0.07773994736135155
CDK20,-0.7862507078763432,0.07784711668203048
IFFO1,-1.434891347978229,0.07784711668203048
ANKRD37,0.9799665122518273,0.07785159322063126
HPCAL4,2.4427933523953143,0.07786001965746565
NEU1,-1.382011283220681,0.07788512160694747
TNFRSF8,0.5430615485128473,0.07788512160694747
EFEMP2,-1.476341113272992,0.07788512160694747
HARBI1,-1.2740093844866558,0.07788512160694747
RRP8,-1.4305930689943338,0.07788512160694747
NAA60,-1.491658418506721,0.07798255363505018
KRR1,-1.2196288314614483,0.07798255363505018
SPG7,-1.3141404081515784,0.07798255363505018
FCGR3A,-1.4481269352716142,0.07798255363505018
ARHGDIB,-0.5485291759131341,0.07798255363505018
LOC361985,-1.0956043193427556,0.07798936515148634
ARF1,-1.1937767450385373,0.07798936515148634
GPR84,-3.70457936841371,0.07798936515148634
CD300LF,-1.8794332170771955,0.07798936515148634
KEAP1,-1.6619670714483687,0.07798936515148634
POLE3,-1.4191020089104467,0.07798936515148634
OSBPL7,-1.121165888647656,0.07798936515148634
PPP1R7,-0.6924033819666375,0.07798936515148634
ARID5B,1.0748326526884144,0.0780044643314762
TERF1,-2.257981279970909,0.07803102113764838
LRP12,-2.903239344469233,0.07803102113764838
DPPA3,0.48698946820673567,0.07803102113764838
TPX2,-2.7072124030910896,0.07803102113764838
TIMELESS,-2.3290854051058676,0.07803102113764838
DDX20,-1.8914072242609807,0.07803993528655806
NSUN5,-0.8083286347159344,0.07803993528655806
HEBP2,-1.4135398849847296,0.07803993528655806
MCCC2,-1.8296972181097422,0.07805054482302397
RPS6KB1,-1.2307464996206692,0.0781852969865553
SCX,0.3407411350329116,0.07819777538190448
DBP,1.4660560060504735,0.07821519864786808
PDLIM4,-1.3420137429944754,0.07821519864786808
WDR37,-1.2015211193411994,0.07821519864786808
PRAF2,1.1893739185773669,0.07821519864786808
RBBP7,-1.63524415232824,0.07821519864786808
TRIB1,-2.0285426463864313,0.07823337570025354
HIRIP3,-2.0822684065923074,0.07824364351903092
FKBP3,-0.9633602790340792,0.0782874622880591
TP73,0.36426789739980747,0.07838472225346049
PIGU,-0.5684915184734534,0.07838472225346049
MGAT1,-0.8599457746757704,0.07838472225346049
OSGIN1,-1.988352193485449,0.07839959349629651
MEAF6,-0.5323962852975592,0.07848252194645619
ALDH4A1,-1.8071047617951743,0.07848252194645619
TMEM184C,-1.5396456432048131,0.07848252194645619
PEX19,-0.570782542203566,0.07857096627737278
SSU72,0.633176041964731,0.07862952388906817
GLIPR1,-1.6727149124276819,0.07862970160445193
NADSYN1,-2.6358682912597913,0.07862970160445193
GTPBP8,-1.42559718772397,0.07862970160445193
ZBTB39,-0.860741312969446,0.07862970160445193
RBMX,-0.9681248719527817,0.07862970160445193
FAM3B,-2.6757880324262273,0.07862970160445193
HDAC8,-1.7701413547990295,0.07862970160445193
NANS,-0.8485689843285797,0.07862970160445193
ZFP57,0.5740530540417639,0.07863814134573377
HOXD1,0.5730176867710425,0.07867652707296477
LACTB2,-1.1632420443489044,0.0787901168479867
IMPDH2,-0.971239447644928,0.0787901168479867
TNXA-PS1,0.3275344648864691,0.0787901168479867
HRSP12,-1.079387473675772,0.0787901168479867
INPP5K,-1.2301883747690572,0.0787901168479867
GFPT2,1.3345106757072138,0.0787901168479867
SFXN3,-1.7856393099146652,0.0787901168479867
KLRA2,0.32716537051208644,0.07879212699661349
ZMYM6NB,-1.3810431477212939,0.07880493437818438
LIG1,-1.9019447589838474,0.0788779537258704
GRWD1,-1.218311997657119,0.0788779537258704
CCNG2,-1.9901123044079303,0.0788779537258704
RT1-T24-2,0.3680074340575062,0.0788779537258704
DHCR7,-1.837151366056121,0.0788779537258704
MAGED2,-1.6293024851250617,0.07890448450167747
LOC500959,1.32539666193952,0.07896140336234934
GJC1,0.32606327475772573,0.07897493473813907
RAD18,-1.7457618460871909,0.07898740130457504
BMI1,-1.0121703970751743,0.07898740130457504
CYP2U1,-0.8686590915861685,0.07898810072095523
CLEC4A3,-3.0984969718297712,0.07905071822971468
ZDHHC19,0.3385476412079053,0.07911023572960552
STAP1,-1.890437339112156,0.07911023572960552
B3GALT2,0.49098153278086876,0.07911023572960552
TRADD,-0.8723729787108647,0.0791909880530323
TREM2,-2.573668768605362,0.07919179119807884
KLF6,1.2960129999067815,0.07919179119807884
UBE2J2,-0.7340557400269088,0.07919179119807884
RFNG,-1.5413733797062543,0.07921300891502325
SUPV3L1,-1.4680488746464995,0.07921300891502325
SLC35C2,-1.0681738850560283,0.07921300891502325
TCIRG1,-2.7634506653189734,0.07921300891502325
FHOD1,-1.5115275115806441,0.07921300891502325
SPDYA,0.38874069586421034,0.07922525216243914
SYT11,-1.314270597075684,0.07922525216243914
RGD1311345,-0.6885641902871535,0.07940906663317623
GPAM,-1.8543528637792952,0.07941938749239147
SEMA4D,-1.455868908401977,0.07941938749239147
STXBP5,-1.3993082099254328,0.07941938749239147
WDR41,-1.5262674895303472,0.07941938749239147
UPK1A,0.3240006239009733,0.07941938749239147
PTPMT1,-0.7665432276943234,0.07943792576708356
SNX4,-2.0803811919980024,0.07943792576708356
GYG1,-0.8069243931929284,0.07943792576708356
RXFP1,1.1501584551365547,0.07945297341970452
POGLUT1,-1.820755780465007,0.07946839073222131
EFCAB11,-1.4773172963047796,0.07953152872633579
RGD1306954,-1.1367872437637492,0.07954692549120713
CNRIP1,-1.3277699626571742,0.07967528672886307
TRAPPC13,-1.072796009514903,0.07970194436616407
TMX2,-1.61425081464356,0.07973745806384999
RNF34,-1.0746959199190256,0.0797880297167804
RBM42,-0.45892695480749524,0.07980857937408775
ADCK2,-1.2300422071474484,0.07980857937408775
FASLG,1.6112627305428875,0.07989593643875302
DGUOK,-0.636784568208776,0.07992528725854996
ACVRL1,-1.2601645651304438,0.07995140108867278
DCAF4,-1.783326490052913,0.08013824154813623
TKT,-1.2149798739135074,0.08021414013717149
XRCC4,-0.8124980395690724,0.08022617349961109
COPZ1,-0.7309144383607729,0.08022617349961109
TEX261,-0.5056189888110074,0.08030106599410555
PIM2,2.205862841252425,0.08033335308902709
HSPA13,-0.7790480789156451,0.08033335308902709
JSRP1,0.3341803776720665,0.08033335308902709
ANKH,-3.1569968940954682,0.08033335308902709
SLC16A13,-1.3907746549286255,0.08033335308902709
PWWP2B,-1.2027668442136237,0.08033335308902709
MCHR1,0.504653948972834,0.08033652184829679
CD86,1.7257363061146807,0.08035499187887281
NDUFS1,-2.7642194982194397,0.0804565422124899
MLLT11,0.8752980354670057,0.0804631131413896
NKIRAS1,-1.0176784582705185,0.0804631131413896
SDC4,2.257110994529226,0.080712092346503
BRF1,-1.1399073477781263,0.080712092346503
FILIP1,-1.3089018613835928,0.08072666095828857
RBM3,-0.4702959159382729,0.08076101109270671
LY86,-1.573079984825922,0.08078554267954352
CNNM1,0.5256856097291335,0.08078554267954352
UNC5B,0.55185902450672,0.0807922487735008
RRP15,-1.0474011689207816,0.08090710967686818
UBE2L6,-0.707450868858718,0.08090710967686818
RNF114,-1.236995569243951,0.0809617750246171
REM2,0.5014839858443009,0.08099155012643203
AAR2,-1.89369448820755,0.08100424681033361
P2RY2,1.372608804314468,0.08106104736881746
CECR5,-1.8252445511669564,0.08106104736881746
NUP93,-1.5206544397399586,0.08106104736881746
SLC25A1,-0.9275112515899808,0.08106967899919688
IMP4,-0.7049509410287493,0.08107336194903501
UBL4A,-0.7706729655897289,0.08120067328554542
PREB,-0.8438734982962277,0.0812664753803626
DGAT1,-1.098353983921864,0.0812681468042515
CCNH,-1.0236959314805296,0.0812681468042515
SLC25A40,-1.718479362433652,0.08127636485758374
FJX1,1.6732629293737633,0.08127636485758374
STRBP,-1.4695421659576622,0.08159204282533668
HMGB3,-1.4698762320760652,0.08163903364366504
ATP1B1,-1.4645823078178513,0.08163903364366504
DDX1,-1.959729703726527,0.08177613853634506
CNOT6,-0.7035414862307491,0.08187701986519003
PLA2G7,0.87313070797524,0.08188994445086337
SLPIL2,0.4921126298516934,0.08188994445086337
PLAU,-2.994871445956952,0.08192600472014357
LRRN4CL,-1.6306937165438127,0.08221461364356532
FABP9,0.4901942619964658,0.0822454941859666
RBM26,-0.977802689761078,0.0822454941859666
HNF1B,0.6682426598276109,0.0822454941859666
SNURF,2.38805396926031,0.0822454941859666
AK3,-1.2274434029505148,0.0822454941859666
BTN1A1,0.3285504238805101,0.0822958404556167
RBAK,-1.1122013658097814,0.08234926823013582
ZBTB44,-0.8753512565543251,0.08234926823013582
RGD1308117,-1.4376723350620733,0.08234926823013582
GNG10,-0.9245837894328481,0.08234926823013582
DAPP1,-1.7570593315755574,0.08235577658354967
NFKBIZ,2.3025008671166693,0.08237861756219293
CDKN1A,1.5031783527798783,0.08237861756219293
SLC35A3,-1.6925113014106365,0.08237861756219293
C3AR1,1.7957454914326778,0.08237861756219293
ST8SIA4,-1.1708265836520435,0.08237861756219293
RWDD4,-0.7557695585910218,0.08237861756219293
RAB34,-0.5516811172422567,0.08237861756219293
INTS10,-2.0696263130219084,0.08242325730989032
SLC2A6,1.740947458044218,0.08256500184861848
FBL,-0.969525186821246,0.08256500184861848
SORBS3,-1.1939001173263635,0.08258586994019905
NES,-1.9729297632616525,0.08270535681132021
MECR,-1.5859787171480042,0.08270535681132021
GAS5,1.2937033702999052,0.08270535681132021
INCENP,-2.7571164873184513,0.08270535681132021
CSPG4,-2.6554540891083414,0.08270535681132021
THNSL2,-1.6943033626171058,0.08270535681132021
GPKOW,-1.5676331879909828,0.08270535681132021
PRPF19,-1.0606832070929717,0.08270535681132021
SLC12A9,-1.937554911395493,0.08270535681132021
SEPP1,-2.5718532322065575,0.08270535681132021
SPHK1,0.8867428780711535,0.08270535681132021
ANKRD12,1.0232658253498963,0.08270535681132021
AMACR,-1.076229474311076,0.08270535681132021
GET4,-0.545963751110671,0.08270535681132021
RNASEH2B,-1.6103027523919162,0.08270535681132021
PWWP2A,0.864402174731564,0.08270535681132021
NUPL1,-2.6067389279226103,0.08270535681132021
TRMT5,-0.983020255591502,0.08270535681132021
UBOX5,-1.1673702071785028,0.08270535681132021
ORC2,-2.3346544053883242,0.08277760390009677
CYP4V3,-2.0706320609107363,0.08286194272086729
ZDHHC24,-1.0367711630273746,0.08286801515295344
GTF2F2,-0.8935789449598892,0.08287816380323487
PPP1R12C,-1.6513918121921194,0.08293242167984881
UTP18,-1.279399416871656,0.0829433277698898
SPRED2,-0.9404982628012231,0.08299175641828295
MIR155HG,2.9772872160041364,0.08305231510492095
EXOSC2,-1.8561394151502821,0.08307018177398341
FES,-2.9479151471292306,0.0832211767803037
FBXO31,-0.8897320236784934,0.0832211767803037
TMEM186,-1.5228219054872927,0.0832211767803037
DNAJC11,-2.2423060223859688,0.0832211767803037
TMEM126B,-0.9381860231107249,0.0832211767803037
NGLY1,-1.808092281405985,0.0832211767803037
HMGA2,0.32214852184941917,0.0832211767803037
RASSF5,-3.5848448576660217,0.0832211767803037
MCRS1,-0.828243055759303,0.0832211767803037
ZFP385A,-1.456552778180106,0.08324586835099704
TSTA3,-0.667515847370094,0.08324586835099704
METTL25,-1.4660833694544633,0.08325351553246066
ASB1,0.9969036257478148,0.08325351553246066
CSTA,0.32179074378145334,0.0832665685402883
DEAF1,-1.1953213999808299,0.08346803022979822
GIMAP7,0.48542888816168517,0.08346803022979822
OLR1596,0.4799786229807988,0.08346803022979822
CD24,0.6128891224424997,0.08346803022979822
GATSL2,-0.961542438939763,0.08346858598830198
GALK1,-1.0853900083854975,0.08347082390333135
LRRC42,-1.0657594828523096,0.08347082390333135
MRPL22,-0.6725353153972913,0.08348851546406612
NME3,-1.8010780912294813,0.08353004423391588
FOXM1,-2.036499731594848,0.08353004423391588
PRPF18,-0.777128254818475,0.08355314957847049
IER3,2.3946535137999465,0.08358805753363974
NHLRC2,-1.1857702481312953,0.08358805753363974
UTP11L,-0.5663970049048519,0.08358805753363974
ABCG2,-1.3475760919836302,0.08358805753363974
KIF18B,-2.800216697223537,0.08358805753363974
ST6GALNAC6,-1.3121339183834455,0.08358959695727276
PEPD,-1.7103214690175124,0.08362281954609078
GTF3C5,-1.8658177621035281,0.08366944226889218
RGD1309362,-2.0008147604779314,0.08382522262829994
KIFC3,-1.2781774853789725,0.08382522262829994
GDI1,-1.4234181984931689,0.0838546947822599
RNPC3,-0.49197110117309806,0.0838546947822599
MANBA,-2.2117216799209873,0.08387361259469711
MTHFD1L,-2.3909049145703887,0.08388123412470963
PLCB2,-2.262334099330586,0.08389092887656407
TP53,-1.173873485207741,0.08389190190688847
PRDM1,1.0031221589042563,0.08389190190688847
LCAT,1.316904477884464,0.08399163108855673
NCOA6,0.5792781450285069,0.08399163108855673
PTPRJ,1.0182379616980026,0.08399163108855673
MGST3,-1.9058413136435597,0.08399163108855673
NPRL3,-1.0274282891471314,0.08399163108855673
ETAA1,-1.1625962909599372,0.08399163108855673
SHTN1,-1.6867185793726878,0.08399163108855673
ASTE1,-1.0473758442779526,0.08399163108855673
CNPY3,-1.2073005580692078,0.08399163108855673
CCR5,-2.5944572078672286,0.08399163108855673
KHSRP,-1.6978487164248026,0.08399163108855673
ARMCX6,0.5912742158685953,0.08399551990891924
EGLN3,2.8673367484586425,0.08406799000604395
AHSA1,-0.9076416264562264,0.08407509134508187
USP39,-1.802346135824871,0.08407509134508187
CSTF1,-1.2085510233903674,0.08407617633018663
CHMP5,0.7395140338349249,0.08411910589806681
QRSL1,-1.9711487258237088,0.08411910589806681
HAUS7,-1.5378008519405366,0.08420874876875888
SIRT4,0.8031899393963025,0.08423711109779414
S100B,0.4911707005133637,0.08423711109779414
LOC303566,-2.0593304350555983,0.08423741912404219
TPST1,-1.9530388225444932,0.08425325380547942
CTSF,-1.5591046106253321,0.08431431480474084
SALL3,-0.5778084263231482,0.08442864342549115
FUS,-1.7097616223139727,0.08455503830835136
OSR2,0.4561301053132528,0.0845932676096425
NME4,-1.7615842300733422,0.0845932676096425
STFA3L1,0.4593560719008243,0.0845932676096425
ALDOA,0.811565799915595,0.0845932676096425
DNAJB3,0.46052031135874055,0.0845932676096425
KLHL40,0.5218322264459221,0.0845932676096425
GPR132,-1.252089897793133,0.08463120533078389
MMP9,3.240428004752788,0.08465664573339748
MRPL49,-1.1428201718179825,0.0847070867769443
PON2,-1.1944516260871838,0.0847164151424544
NDUFA9,-0.7667054503384438,0.08476642427578045
IQCB1,-1.1936863136853175,0.08480976748174147
GNE,-2.1209669669805455,0.08480976748174147
STRADB,-1.5777531708253496,0.08518681991335397
FBXW5,-1.2410879433379067,0.08518681991335397
BTD,-1.7459080811151526,0.08519083148965534
PC,-2.7168292022621827,0.08519083148965534
PRPF31,-1.950172495331912,0.08519083148965534
TAB1,-2.221027960484922,0.08519083148965534
FBXL4,-1.4077409147799287,0.08519083148965534
RPRD1A,0.9192427459927914,0.08520706694113614
ADK,-1.1467290222937732,0.08527101707527664
DPH3,0.7164281303097328,0.08527101707527664
FCGRT,-1.5356622636977644,0.08532141074042186
ERGIC3,-0.6228900774323796,0.08532141074042186
NANP,-1.1492844445230876,0.08532141074042186
GSTK1,-2.4585118875210124,0.08532141074042186
QDPR,-0.6006555374496605,0.08532141074042186
RABL6,-1.9011575706812205,0.08532421705274063
PTS,-1.1804573618221401,0.08532421705274063
TMED2,-0.7194572816174158,0.08532421705274063
NACC2,-0.9559138602397971,0.08532683053622193
GREM1,1.3962233381389129,0.08536376411188619
SORT1,-2.8261875839036783,0.08536376411188619
PRIM1,-2.3064157356329114,0.08536376411188619
CCDC32,-2.175595888349747,0.08536376411188619
IL15,1.2478418819327426,0.08536376411188619
DDX47,-0.6664306026041693,0.08552210598905977
CTNND2,0.3090597425015848,0.08558637288203017
TIMMDC1,-0.7528017428380553,0.08561061584556466
DAGLA,-0.7653986204555148,0.08563254720319102
TRAF6,-1.0209162750252396,0.08563254720319102
OAS2,-1.5018036430474613,0.08563254720319102
POLDIP3,-1.181127124826383,0.08563254720319102
TRAPPC3,-0.40699463198091745,0.08570664811330649
NUDT18,-1.3922783629482152,0.08570664811330649
JUNB,1.7387183279108829,0.08579703815956977
ACTC1,0.6007036387450009,0.08585341306383143
FADS2,-1.71907287049154,0.08590387406136767
MAOA,-1.44894315320676,0.08590387406136767
PTPN1,-1.0162232160980822,0.08590387406136767
RGD1311847,-1.1799945866930248,0.08590387406136767
GLRX3,-0.7456324860912105,0.08590387406136767
SFMBT1,-1.600287076086877,0.08590387406136767
ATXN10,-1.4709741626788961,0.08591430053866034
GFOD2,-0.986939405179639,0.08610478820353458
DDIT3,1.5302143990628263,0.08610478820353458
KANK1,-2.522860467140104,0.08610478820353458
THOC5,-2.0552693478424247,0.08610478820353458
KDM2B,-1.9338560384168528,0.08612072246804228
MVB12B,-1.0395208607882025,0.08613534568235938
ARHGDIA,-0.929863742067587,0.08625320243183084
ACAA1A,-1.189391078096358,0.08625320243183084
CAMK2N2,0.5146121250700093,0.08631871347546229
YAF2,-0.7558034202034807,0.08632379981072631
SMARCE1,-0.7321982271127165,0.08634536135697943
PPP2R2D,-1.2782302803528793,0.08637436779320253
RRM1,-3.4600555455975113,0.0863952099556387
RNF151,-1.064482175280889,0.0863952099556387
TRAPPC2B,-0.5884887763462503,0.0863952099556387
OBFC1,-1.0983508476639465,0.0863952099556387
FAIM,-1.569078231914471,0.0863952099556387
ARMT1,-1.1232533044293456,0.08655776460153357
FAM96B,0.4677237594989787,0.08655776460153357
CARS2,-1.8424425588506295,0.08655776460153357
ZFP346,-1.3402638406164826,0.08655776460153357
ATP6V0E2,-1.9725365701812831,0.08655776460153357
SIRT7,-1.0801317655512221,0.08655788472699112
CDHR5,0.35291463836698,0.08661889742906621
WDR77,-1.327752956209849,0.08661889742906621
IDH3A,-1.4940169501565133,0.08661889742906621
GPSM1,-1.8520745400543464,0.08663598630082919
FGD2,-1.5460515137005215,0.08663655154633731
LTV1,-1.4169427695408876,0.08664829880648525
TAF5,-1.7042231999719557,0.08665681136574205
TKFC,-1.280646200974508,0.0866733521092136
TFAM,-0.9175861777814442,0.0866967786397077
LDHC,0.47108962959748646,0.08671429958511688
EML2,1.623409636524812,0.08671429958511688
TUB,0.46844047400374966,0.08671429958511688
FIBIN,1.8766687355454164,0.08671429958511688
HTR2A,0.46920561380695036,0.08671429958511688
PAIP2,0.8393519579292121,0.086716039901703
RNF182,1.565234100830561,0.08679302890753539
S1PR1,-1.7519018138910145,0.08679302890753539
ARL2,-1.5033071839263008,0.08679302890753539
CTLA2A,0.46647990674110895,0.08683161035046816
MRAP,0.4674339162198444,0.08683161035046816
SLC27A4,-1.4643863082374766,0.08685061793279304
WARS2,-1.349264398257535,0.08689159528657805
ARPC4,-0.546528071701597,0.08689159528657805
PANX1,-0.8596208479754663,0.08705554224167567
FANCD2,-2.424460867448172,0.08706561309261605
CR1L,-0.4796089808408919,0.08706561309261605
PATZ1,-1.831384441112377,0.08706561309261605
HSD3B7,-2.297203329472995,0.08716268665555738
CORO2A,0.7765299208305274,0.08716268665555738
GPS1,-1.3208727263880222,0.08716268665555738
PMPCA,-1.578803767967195,0.08716268665555738
CHST14,-2.0930601294564948,0.08716268665555738
DDX46,-0.8312561340604936,0.08716268665555738
FAM69A,-1.1698172027873148,0.08716268665555738
RAD50,-1.471264269419347,0.08718268772418172
RNASEH1,-0.7268952019045791,0.08718268772418172
SSRP1,-1.8414284630317574,0.08721134618325911
STARD7,-3.6028143529266035,0.08721134618325911
CD53,-1.2956859785782955,0.08721134618325911
MFSD5,-0.6054284990635992,0.08721134618325911
MGAT5,-1.3990884458680568,0.08721134618325911
DRG1,-0.8020507386018894,0.08721134618325911
MAP3K1,-0.8433555042710337,0.08730180791649604
RANBP6,-1.2322892413492685,0.08730540917670819
PDZD8,0.7437883515348322,0.08730624194163669
NUPR1,2.380268683576679,0.08738339078779529
MID1IP1,-1.6287751305731057,0.08740964335376199
ARMC1,-0.8579567968273341,0.0874320858980714
TSSC1,-0.8985917972537321,0.0874320858980714
MYL12A,0.6235477112965899,0.08744134913119776
AP1S3,0.7445244290768032,0.08749791210860801
MUS81,-1.4994465168851487,0.08755750563003531
NPB,0.43622368300914116,0.08758860559343955
RASSF4,0.7777798997144094,0.08763332285670034
RAB12,-2.2222321928112483,0.08766153880628973
GNB5,-1.8410755523332623,0.08767909410286906
RGD1311458,-0.8788694632424308,0.08767909410286906
TPRKB,-0.7219445269573548,0.08767909410286906
SCAMP2,-0.869638821613667,0.08767909410286906
SFXN2,-0.6425949709701474,0.08767909410286906
SLC1A5,-1.496111212848275,0.08767909410286906
ACP1,-0.7713474343400559,0.08768531516605932
ANKRD13D,-1.659966878238941,0.08768531516605932
CARD9,-1.2034793443208507,0.08776538320546529
CLDN23,0.4220746400663293,0.08776538320546529
CLNS1A,-0.8942394806063394,0.08776538320546529
EZH2,-1.5380894744800764,0.08782203307879233
RACGAP1,-3.1706722180843423,0.08782203307879233
TYRO3,-0.4821531356677918,0.08784899037667251
RCN2,-1.8379297177933775,0.08792449497739294
IFT172,-0.5601972253691052,0.08802539468404152
ETV1,1.1296864326571523,0.08802539468404152
DDOST,-1.0101673225572227,0.08802539468404152
LSM5,-1.5329933200025723,0.0881855073730931
THSD1,0.3499027883023699,0.08823088800684858
YEATS2,-1.586078411622689,0.08823088800684858
LILRC2,1.1730714678363336,0.08834596826464168
TCTE3,0.4622334952542464,0.08834596826464168
UBA7,-2.584655911727911,0.08840405681853485
ALDH9A1,-2.0937245473534576,0.08840405681853485
USP53,1.879716326072606,0.08844935236580097
ZFP52,1.6541355767664578,0.08844935236580097
CTDNEP1,-1.2108111131093797,0.08844935236580097
TMED4,-1.8486032146644424,0.08851004538022095
MRPL15,-1.295720667577469,0.08854761244823504
GCS1,-1.0825085164806958,0.08871313655820265
LRRC10B,0.4513340407003581,0.08871313655820265
ZFP94,-1.3516437496557396,0.0887274155879621
CPSF7,-0.813141687238276,0.0887274155879621
UPF2,-0.9942427430651865,0.0888310182732013
TMEM59,-0.8550822025172558,0.08891576644605494
NR4A3,1.2640824226415839,0.08891576644605494
MRPS2,-0.527428206977747,0.08897921093680088
LPL,-4.7153496975631475,0.08904687850971578
EXOSC7,-1.0264366551892232,0.08910604802455259
SDF4,-0.8242612021949265,0.08914627660044502
LIN28A,0.29827119910877126,0.08920282285426168
VPS53,-1.3630405596555817,0.08920282285426168
PHYHD1,-0.49590021560837716,0.08920282285426168
SCP2,-0.948175530287632,0.08920282285426168
MOB2,-0.9032560294365335,0.08920282285426168
PPIL3,-0.7613412031509048,0.08920282285426168
MOSPD1,-1.1613812757122524,0.08920282285426168
IRF7,-1.42052137343381,0.08920282285426168
STX4,-0.5413915351693834,0.08924899393717273
ANKRD17,0.8006188208458047,0.08929170254934078
CLCF1,1.6877293326813403,0.08933701557523661
DPF3,0.4478912398209916,0.08933701557523661
SLC25A14,-1.1146907745372987,0.08951068735822325
EIF1,0.7108477694942472,0.08951068735822325
AP5S1,-0.5493989252719489,0.08951068735822325
LMF2,-0.9538671768262299,0.08951068735822325
GSTM4,-0.5917254119833251,0.08951068735822325
SCFD1,-1.6602054136957385,0.08951068735822325
DGKA,-1.329241747285319,0.08951068735822325
LAMTOR3,-0.6540065851250274,0.08951068735822325
EAF2,-1.1585324146563407,0.08951068735822325
MCAT,-1.4151434664299152,0.08951068735822325
SUMO2,-0.6290762549084343,0.08951068735822325
ECT2,-3.2674838462745193,0.08951068735822325
TRIM37,-1.5195030679222432,0.08951068735822325
RAB8B,0.8942951394636065,0.08951068735822325
ACTR5,-1.3772179813076617,0.0895241613822364
MAPRE1,-1.3192050459315334,0.08955300229584609
TNIP1,1.5721689679646333,0.08959436555107715
PSMD13,-0.9840937582383456,0.08963362729106993
CTBS,-1.1553400951785893,0.08964749544034636
DVL2,-0.8563898306473885,0.08964749544034636
FCGR2B,1.28663098464415,0.08964749544034636
FAM160B2,-1.8633453083306803,0.08966872312528174
WBSCR22,-0.8526182279614649,0.08966872312528174
KSR1,-0.8580160078084218,0.08968679061857744
ZAP70,0.4278485680899576,0.08975105482650284
LOC100912041,0.44067397981195455,0.08980125885533839
IL7,0.8946526389636427,0.08980125885533839
ATP5S,-0.8997937828996824,0.08982303149690138
KLHL7,-1.237948310221063,0.08982303149690138
ABTB1,-1.000117019755511,0.08982325797431512
PKM,-1.499493746138313,0.08994796744042931
RIT1,-1.0698024406417086,0.08994796744042931
IFI35,-1.074564652767834,0.08994796744042931
PARVB,-1.1958474938883565,0.08994796744042931
NF2,-0.4475464382748906,0.08994796744042931
PSMG2,-0.60803355563346,0.09011541175976413
CDC42EP3,-1.0140510055652876,0.09011541175976413
EMB,-0.8851012877053579,0.09011541175976413
SLC25A16,-1.7621938608992922,0.09011541175976413
BAG5,-1.328344022066223,0.09023304210095116
RGD1305178,-0.5138068746209465,0.09039168991569625
ENTPD1,-2.02005504137422,0.09039168991569625
RAB40C,-1.9136318850478125,0.09039168991569625
RARA,-0.8360632169341565,0.09039168991569625
SPRYD7,-0.7527477539163909,0.09039168991569625
CTSB,-1.1804936988036747,0.09039168991569625
THG1L,-0.8053920857400496,0.09041352329577915
FCRLA,0.7145222767245655,0.090619095062245
GNPDA1,-1.5721792423928544,0.090619095062245
CENPQ,-2.0084293438005894,0.09064219851847906
FANCL,-1.81113043702606,0.09064219851847906
CD320,-0.9846803559610255,0.09064238266975798
FLAD1,-0.8718500224812322,0.09064238266975798
SPECC1,-2.8631983738879345,0.09064279199981572
EIF4A1,-0.7204321082923322,0.09067710697912194
JKAMP,-0.7333893495552042,0.09070072024267006
WDR54,1.3033749306814273,0.09077489671192214
AK4,2.822748362720569,0.09077489671192214
MTDH,-0.841495152650841,0.09077489671192214
KCMF1,-0.8606339758055004,0.09093129884703473
GNB1,-1.7200511972479458,0.09093129884703473
MID2,2.228416743645291,0.09095799392982121
CCNY,-1.3413981003112219,0.09097430378633448
MB21D2,2.100082982596827,0.09098560826347961
MELK,-3.0498165497933734,0.09104740409798262
AIG1,-1.577578141495208,0.09108885804202932
GRK5,1.1743509995260122,0.09108885804202932
OSCP1,-1.2175886502960869,0.09108885804202932
EGR3,1.4955239433396024,0.09122705483205658
SLC1A2,0.43467465998771115,0.09126090462133214
NT5C1A,0.6041083397114826,0.09127137657886042
DAPK3,-2.4499267094612276,0.09127137657886042
PHC2,-1.0411316863638165,0.09127137657886042
ZNHIT1,-3.8208561553429603,0.09127137657886042
PAFAH1B3,1.0726579685820563,0.09135203714716551
YEATS4,-1.2271486723605243,0.0913558509878894
TJP1,0.6618747458913458,0.0913558509878894
C1QB,-2.2879136576300017,0.0913558509878894
COMMD9,-0.6106842705739233,0.0913558509878894
STIP1,-1.514065648890699,0.09136226483827443
SERTAD1,1.0250781437503012,0.0914602991266347
NEK6,-1.7682098665929242,0.0914602991266347
DCAKD,-1.6145785524378011,0.09154319638145184
FER,-0.6402075032252061,0.09154319638145184
CIAPIN1,-1.0731507008028887,0.09154319638145184
MAFB,-1.6048730962327276,0.09157272985529012
ZBTB33,-1.5633832994759063,0.09169407026476342
CANT1,-1.7322439883344658,0.09169407026476342
HSD17B12,-1.3973232116810665,0.09169407026476342
MRI1,-1.3000632971623025,0.09169407026476342
FTO,-1.6842550400061471,0.09169407026476342
OAS1B,-1.2160991085903778,0.09169407026476342
RHOA,-0.7264352841980921,0.09169407026476342
RNF121,-0.9882110703171398,0.09169413191757769
AKR1B1,1.8800657021434972,0.09169413191757769
ABCF2,-1.2203100565789469,0.09180439921767154
PRPF8,-0.8309994016822997,0.0918563318545391
TSSK6,-0.8384307605522451,0.0918563318545391
SGSM3,-2.248891619259684,0.09195567406756305
PGM2L1,-1.2526029900306699,0.09195567406756305
MINA,-1.1643652498554762,0.09195567406756305
PPCS,-0.9028912315131516,0.09196498020455666
MRPS22,-0.8252911269523393,0.09201496108997272
RAD1,-1.1732821055506086,0.09202926016074976
NPEPO,0.8573731414782446,0.09206035289900469
COX19,-0.40559770590425304,0.09206035289900469
CDKN2B,3.33609588530037,0.09206483572858347
IGF1,-2.864873358342673,0.09220570129214409
CEBPB,-3.188102341061318,0.09221692535328462
TNNI2,-1.4189179222346537,0.09229876016975504
PHF12,-0.9584596081990555,0.09229876016975504
RNASEH2A,-0.8976944788587509,0.09229876016975504
NR1H3,-1.287143410677332,0.09229876016975504
TMEM143,-1.367148234103974,0.09229876016975504
DONSON,-1.6418028704730385,0.09229876016975504
GNPAT,-1.5416506315785092,0.09229876016975504
SKP2,-1.7954805703359598,0.09246022226030948
POLR3K,-1.0893856764252172,0.0924847895806243
YKT6,-1.2841013351266297,0.09249042949184699
ZFP583,-0.7515626119743763,0.09251364204794107
SCPEP1,-1.263150576262781,0.09251364204794107
MLXIPL,-1.1405283567617268,0.09251364204794107
IMPA1,-1.5012348811989176,0.09251364204794107
ZFP410,-1.2970683092192359,0.09257187928984092
CXCL2,5.972508235009444,0.09261743043874394
XPO7,-0.6373097443416553,0.09261743043874394
DCUN1D4,-1.1862165316678568,0.09269961398532307
DHX32,-2.1358292745047835,0.09269961398532307
ZNRD1-AS1,0.5612762737051892,0.09270377326745585
PRPS1,-1.8356934655324264,0.09271966432990715
RPA2,-1.6027568777274523,0.09271966432990715
TGIF1,1.1897695554580574,0.09271966432990715
AAMP,-1.0660828204950121,0.09275068910257732
CDIP1,-1.2346657278336821,0.0927746863112743
TMEM218,-1.918185348002282,0.09282653118178207
ARPIN,-1.284554781288969,0.09288765658694274
CCL5,4.378117117261423,0.09288765658694274
AVPR1A,-2.0108011586612546,0.09291698895232925
GRB10,0.792021279562603,0.09296536679592858
CHEK1,-1.9230678413583897,0.09303437234175238
GNG12,1.1499201264710015,0.0930392302809375
DARS,-1.689447517405826,0.09306946376117828
SNAP25,1.4208206543680313,0.09306946376117828
GCDH,-1.1216175742251946,0.09306946376117828
CD300E,0.4977278276926228,0.09312621140557185
CD244,-1.4119622412860824,0.09314684675990914
MSRB2,-1.241649998741495,0.09314684675990914
PARP16,-1.159734639699954,0.0931758836853168
SAMD8,-0.6347434542062422,0.0931804419264355
CACYBP,-1.184213427390489,0.09318629529760304
BARD1,-1.877365235451066,0.09337306148695056
PSAT1,-1.4742941011983732,0.09351475938999539
CHST7,0.4863714830809756,0.0938640162534106
MRTO4,-1.224843467447219,0.09390390459269146
SPNS3,0.4322998914862163,0.09390390459269146
PAQR5,0.6022399323751523,0.09390390459269146
IRG1,4.77594979843654,0.09390390459269146
RANGRF,-1.0781230988633301,0.09390390459269146
SLC25A5,-0.5903134811433723,0.09395419063459959
FAM195B,-0.5720073836858797,0.09397477965124712
DDX58,-2.0580065204757583,0.09397477965124712
M6PR,-1.3715802400019976,0.09402154973070467
EIF5B,0.9563642847582678,0.09402154973070467
N4BP2L1,-1.0969243135196964,0.0940231364734919
NUBP1,-0.843234124374491,0.0940231364734919
SLC39A8,-2.445253077452193,0.09406797775871802
OLFML2B,0.46034205418575225,0.09409274029447816
TTLL1,-1.4066818921391426,0.09409446615826003
RGD1304595,-1.4463030040152076,0.09413077459105021
DYNLT3,-1.5417832202360402,0.09413077459105021
CRMP1,1.045179399531189,0.09418639920781419
RGD1306233,0.42562257895568334,0.09418639920781419
SRSF3,-0.9997595086694506,0.09422131391288298
FAM122A,0.44880874224851475,0.09426299665466649
CGRRF1,0.46795535218471596,0.09427023943317432
CCDC102A,-2.241227301291992,0.0943426925167065
FBXL15,-0.7744325210094141,0.09436212201521833
SETD6,-1.3773762115324935,0.0943633190303078
DLGAP5,-2.176423977937248,0.0943633190303078
ZBTB49,-1.063144892773014,0.0943633190303078
EIF3M,-0.6367510896532593,0.09437611244560562
ACTR1B,-1.9936632036158017,0.09444893872139068
LSG1,-1.5924274728360182,0.09444893872139068
CDH17,0.559169205379368,0.09445112357145628
HPS1,-0.5688461961483164,0.0944662113308945
NOL12,0.7965929347070073,0.09447849199993134
CSNK1G2,-1.5071876496077579,0.09452278370816433
PYCARD,-2.2368183913006563,0.09457736892073669
RBM14,-1.7686055203639044,0.09461383441634892
JAM2,-0.6448265811415358,0.09462421018329724
ESD,-1.169831610244283,0.09462421018329724
UNC93B1,-1.3364020208570846,0.09462421018329724
ATP6V0A2,-2.4578246350587873,0.09462421018329724
DBNDD2,-0.5816096450442663,0.09465055958227561
AK2,-0.7902301276391084,0.09465055958227561
PSMD12,-0.4063292599115709,0.09465055958227561
CCHCR1,-1.7395241412025988,0.09465055958227561
CTSK,-1.1158683732596826,0.09465055958227561
RFC2,-2.0121778375696997,0.09465055958227561
LNX2,-1.7426987976019697,0.09465055958227561
ALG8,-1.2332676821193398,0.09466679212093404
MEGF9,-1.5124923907304315,0.0946814838025481
HNRNPH2,-1.7891356336018047,0.09473317376979741
MRPS34,-1.2823211495269562,0.09488438820158937
TTC26,-1.1853332851665899,0.09488438820158937
VPS26B,-1.4154513364628376,0.09494281752400635
FBXO25,-1.0565668049162134,0.09504324753893625
GPSM2,-2.1422993812949134,0.09505072163518598
PREPL,-1.6859831159541159,0.09509647551967858
HIST3H2A,0.9876886819943018,0.09511181085990005
COASY,-0.9905447635278137,0.09512948893669265
ARL6IP6,-1.3496607733800312,0.0952346727770092
TRIM5,-1.2853495467402798,0.09523612556950414
FARSB,-1.3841594032610245,0.09523612556950414
PHOSPHO2,-1.1770070984100993,0.09523612556950414
PF4,2.832135342801201,0.09523612556950414
MED6,-0.7106720865642289,0.09523612556950414
DVL3,-2.69007836558358,0.09523612556950414
DXO,-0.8909416211115708,0.09526702994603244
HNRNPM,-1.3341501052122329,0.09526702994603244
HCFC1,-0.7173387459721359,0.0952894477249315
P2RY13,-1.765579999181989,0.09545573477716143
ADGRE1,4.131081059130122,0.09546339481491087
PDCD4,-2.4503654992640875,0.09552092823682148
PRKACB,-3.153559154095838,0.09554389915298477
MYG1,-1.5298754191184343,0.0957730989140314
DBNL,-1.324326627523571,0.0957730989140314
EIF2AK4,-1.0979810397376162,0.09582725971144865
RPA1,-3.45372248673225,0.09582725971144865
BUB1,-3.1244207439975646,0.09582725971144865
SERPINI1,-2.761075352035596,0.09582725971144865
MYO1F,-3.0631442253042627,0.09589719791207636
SC5D,-1.2686336389268411,0.09589719791207636
SLC27A3,-1.5300719896690953,0.09589719791207636
RAB8A,-0.5247706281032016,0.09589719791207636
OASL2,-1.3447989067450532,0.09589719791207636
WDFY3,1.4920495854680558,0.09589719791207636
CHMP7,-1.31572874722014,0.09589719791207636
VPS13D,0.6531515589299393,0.09589719791207636
FAM60A,-1.8564771967610296,0.09589719791207636
TAF6,-1.523720332812844,0.09589719791207636
TTI1,-1.928397960459867,0.09594202841025591
CAPSL,0.419039389872488,0.09598222341901867
HBE1,0.9325503041871989,0.09598315147544126
ALG13,-0.7129879871265357,0.09602084175659027
MEA1,0.690492637991257,0.09602232177717879
PHF11,-2.9014590209136113,0.09602232177717879
CACHD1,0.6289535388652419,0.09612918120777206
HSPA12B,0.4849805531873822,0.09612918120777206
PSMD10,0.8395108537059603,0.096202685012486
KLRA1,-1.7417005921619113,0.09620951475353665
ATPAF1,-1.7326493860383085,0.09620951475353665
CD164,-0.6745793562115194,0.09623103307556871
SERPINE2,0.6443814233528352,0.09623103307556871
APOE,-1.1124113767896944,0.09626596308939883
TGIF2,-2.4015962043933903,0.0963864647024049
SIGIRR,0.399168905844642,0.09643941143191079
TPR,-0.520689780636288,0.09643941143191079
MACROD1,-1.3341548226110245,0.09646776364040148
TIE1,-2.242198705111801,0.09646776364040148
LUC7L3,0.803121446472411,0.09646776364040148
SCGB1C1,0.28616435237687216,0.09646776364040148
GDF11,0.5924319382476508,0.09649929109862079
DCAF17,-1.5372016631445935,0.09649929109862079
BPGM,-1.3351481516548347,0.09653348555224948
GALM,0.8151534732780163,0.0965345584835952
NACA,-0.5606065506541871,0.09654628841617698
GIMAP6,2.183004582261331,0.09654628841617698
HTR7,0.42120659955461676,0.09654628841617698
FAM195A,-2.0524952614236076,0.09654628841617698
PNPLA2,0.5707520230042489,0.09667358504047799
TIMM9,-0.7889668155129792,0.09670397162729351
NPM1,-0.49574947963612015,0.09678398224148359
SEC16B,0.4040010993057855,0.09690249104270901
SMPD1,2.0686312875348456,0.09697277769507447
PLEKHO1,-1.9610534981510894,0.09701784589485156
TDRD3,-1.0118046400266962,0.09704231163871509
NDUFS7,-0.8858297732213734,0.09708469255285321
TBC1D7,-2.214308164596126,0.0970931028169733
CAR11,0.6749482264927064,0.0970931028169733
NEIL3,-1.973467145525202,0.0970931028169733
CLTB,-0.8114962763660398,0.0970931028169733
CHCHD6,-0.7124961297540171,0.09709391896200373
GPHN,-1.3728934562753474,0.09712195246865153
TMEM144,-2.5263216579612813,0.09712195246865153
PIGC,-0.7260154863463892,0.09712195246865153
MMS22L,-2.2638831720145762,0.09712195246865153
FAM20B,-1.344054408985646,0.09712195246865153
HIST1H2BH,2.2738083162218414,0.09712195246865153
SYNGR1,-1.510745842137382,0.09712195246865153
GTSE1,-3.1049754028032197,0.09712195246865153
BRCC3,-1.1438189959552787,0.09712195246865153
TFRC,-1.4078144064830798,0.09712195246865153
SLC1A4,-2.24435922997385,0.09716246406776208
COPZ2,-2.4553145769862104,0.09718667809438898
CTSH,-0.684527635530964,0.09721042898971606
CYTH3,-1.579729238659355,0.09721042898971606
WRAP73,-0.8371613318416038,0.09726534848071867
FAM198B,-2.56453543847697,0.09731409714554148
CD44,1.9323120856906115,0.09738324671128591
PTPN5,0.9329384846279176,0.09738642325878621
VPS29,-0.5470163968578694,0.09743531521382466
LPXN,-0.7593746001113031,0.09748694817182546
POLE,-1.6977859422341286,0.09748694817182546
AVIL,0.5523280549480424,0.09748694817182546
RAB7A,-0.7194610706296247,0.09748694817182546
COPS3,-1.1047925965287684,0.09757427371108025
UGT1A7C,-2.3107392596135554,0.09757442794734691
HTATIP2,-0.7828146383624395,0.09757442794734691
CTSL,1.0013017771348007,0.09757810344849936
MOB3A,2.084344204561277,0.09757810344849936
TLK1,-0.7173957228184982,0.09765736766040366
CLCN7,-0.8635178358059408,0.09773462373026127
PEG3,0.8673490678598852,0.09773462373026127
ACTR8,-1.3027056457110082,0.09773462373026127
SLMO1,-0.7194775825486783,0.09777241950788224
HAMP,0.45171595027000716,0.09778936835359796
ZFP398,-1.1031227248838502,0.09779529128006448
BMP6,0.4762582819588941,0.09781593180332279
CCDC117,-1.5916199823157966,0.09793986152992906
UBE2F,0.47458315145302254,0.09800480093236776
FAM134C,-1.3533865686434063,0.09805491143178652
EGFL7,-2.0000846074492826,0.09805491143178652
SNAI3,-0.5539151396322606,0.09805491143178652
NELFA,-1.5767666350309042,0.09805491143178652
LPCAT2,-1.9613443689132808,0.09814382780397303
ANKMY2,-2.0294461794236103,0.09819313361419069
SV2A,-1.489032746155158,0.09825765419668894
CYP51,-1.7548177628251507,0.09825765419668894
NSMF,-1.8529686356993886,0.09825765419668894
ZFP395,0.828075796758592,0.09825765419668894
RPN1,-1.337325663597987,0.09825765419668894
TMED1,-1.1898228165706235,0.09834996831753247
ACOT3,-0.5543262479763736,0.09841740735905578
ITK,0.5329670894352134,0.098490296187723
TTLL12,-2.341604795068036,0.09850756076540365
VAMP4,-0.9356475570110245,0.09855042249853893
CCT5,-0.7104028365438442,0.0986236577656348
ARFGAP1,-1.8608665761043461,0.09864921885344749
HDDC3,-1.1267361748663387,0.09866457502579301
NR0B1,3.59499231723752,0.09866457502579301
EFCAB14,-1.4365216682691342,0.09866457502579301
FUCA2,-1.032808873180816,0.09866457502579301
B3GALT6,-0.8814647700993061,0.09871722903377377
VIPR2,0.27564002520517583,0.09873747415372341
GUK1,-0.9764440885146568,0.0987798976835677
PHACTR1,-1.3781825340591363,0.09879107068404187
WDR91,-1.9168263999047481,0.09879107068404187
JMJD6,-0.6316847980210198,0.0988295874517323
PRKRIR,-1.1113120237396152,0.0988295874517323
RCL1,-0.5290695628668698,0.0988295874517323
TMC4,0.4075517222544222,0.0988351594629146
SFXN4,-1.294608429753371,0.0988351594629146
FANCE,-0.6547761463738351,0.09884042085419747
HMGCL,0.5490276737804951,0.09884042085419747
NAT8B,0.7195211638985419,0.09884042085419747
TCHP,-1.5232418751186074,0.09884042085419747
AKAP8,-1.360027285679538,0.09894619853414409
MMACHC,-1.0788786281627756,0.0990358778419402
CDC42BPA,-0.43300398892192216,0.0990358778419402
RAB2B,0.6485475201320496,0.09904191028864769
UGP2,-1.2693225392541563,0.09904191028864769
HEPH,-1.4695886358625834,0.09904191028864769
YLPM1,-0.6388012417370119,0.09917123807911711
SLC27A6,0.5781712337002336,0.099173488176019
SUGP1,-0.7713074826709096,0.09923204299580576
RPS6KA3,0.8677261870060873,0.09926187343659351
MPP4,0.3334790420546038,0.09935633119301567
SPSB1,-1.6299973901107623,0.09935633119301567
SERPINB1A,-2.7807242483957912,0.09935633119301567
TAPBPL,-1.5218705191153474,0.09935633119301567
WDR25L,-1.6347685626606778,0.09935633119301567
DIS3L2,-1.3708327588240896,0.09948946486387113
LMO4,-1.0240540288778526,0.09951175141974986
ADORA2A,3.086881029769788,0.09958834151439509
SMPD4,-1.3829167405370573,0.09960584302462999
CTNNA2,0.2744823357134387,0.09963296689340628
MAPK14,-2.412382355153096,0.09964423199534209
CDC26,-0.8149707776230906,0.0997563122929612
NDNL2,-1.6473634757508955,0.0997563122929612
SNX33,-1.7098521923924097,0.0997563122929612
FOXD1,0.2734609856816976,0.0997563122929612
ADPRHL2,-0.8382681327490298,0.0997563122929612
TROAP,-2.003461483988707,0.0997563122929612
TCAIM,-1.171782838441929,0.0997563122929612
NSL1,-2.163771569012497,0.0997563122929612
ATRN,-1.2708437317574943,0.0997563122929612
MCM4,-2.94967323409555,0.0997563122929612
TMEM176A,-1.671295026031447,0.0997563122929612
EIF2S1,-1.0663582741543838,0.0997563122929612
GEMIN2,-1.1936420238147143,0.0997563122929612
AFG3L1,-2.3566236371939495,0.09976308633965858
METAP2,-0.913510534884856,0.09976308633965858
PSMF1,-0.5015325036995906,0.09976308633965858
PACSIN1,-1.811249172645034,0.09976308633965858
RHOT2,-1.1421370028959996,0.09976308633965858
TM4SF5,0.27712899026102833,0.099842051764475
FBXW17,-1.2603923955010772,0.099842051764475
SPIN1,-0.6382282712874368,0.09998771679584051
TFDP1,-1.7407805485506804,0.10000720124557588
PXK,-1.4581001157310984,0.10000720124557588
SDC3,1.770831717472035,0.10007786216435015
GAPDH,-0.29128655375778756,0.10012555948277538
CNDP1,-2.6173363471489157,0.10012555948277538
USP3,-0.8178570758390555,0.10012555948277538
MATK,-1.973771583173075,0.10012555948277538
EEF2K,-2.0833237466514594,0.10012555948277538
APEX2,-1.315077612694993,0.10012555948277538
LGMN,-1.1755982106618994,0.10012555948277538
AP3S2,-0.5875617412611494,0.10013815262980644
ECI1,-1.30017699801477,0.10013815262980644
GLB1L,-1.2302434119457966,0.10013815262980644
CLEC2D,0.4010613580466449,0.10015557818582022
FZD3,0.812063894675543,0.10036801540158671
INO80E,-0.7686206780696501,0.10036990141088811
PTTG1,-2.951119723802166,0.10038687383203658
RNF141,-1.2603134195564576,0.1003888492772719
STX2,-2.3902905888112613,0.10048290916075041
FBXW2,-1.2748830258432595,0.10049715010040915
LMO2,1.8824106815827992,0.10049715010040915
SAPCD2,-2.1641207774345173,0.10053714451451144
DKC1,-0.9090621425393564,0.10053714451451144
KIF2C,-2.7308571549685805,0.10065330619706551
TMEM214,-1.4851228999256878,0.10075308737095648
WDR5,-1.9382068239260923,0.10075308737095648
MAT2B,-0.7374984064976142,0.10076467572180368
SPNS1,-1.1219345887659844,0.10077115838215546
PLS1,0.5746092450572737,0.10084914784460536
HDAC2,-1.556347960588905,0.10089971141332177
RTN3,-1.1800140537600958,0.10102623235133283
INPP5F,-1.9823502771226553,0.10107704125267467
NAT1,-1.4164009362855339,0.10134287160138065
TMEM19,-0.4939433371482358,0.1013878941502284
ASNA1,-0.7759342181922824,0.10146137405294428
ELMOD3,-0.9444389075320603,0.10148799159757964
QSER1,-1.391398978687333,0.10148799159757964
RAB38,-1.4399586879618238,0.10150361411810514
SRPK1,-1.2079689253654116,0.10150361411810514
DNAJC25,-1.2913099880831558,0.10150361411810514
CCDC34,-1.1214590718194506,0.10150361411810514
SGSM2,-1.038118266052319,0.10150361411810514
IRGM,-1.2301127114052521,0.10150361411810514
TMEM204,-0.7974045950227212,0.10152334550620823
RAP1A,-0.6311282496056583,0.10155193667515358
HDAC3,-1.3165889161241737,0.10155193667515358
OSBPL2,-1.5240533166223598,0.10155193667515358
GRINA,-0.5531667918537622,0.10155193667515358
CRLF1,0.6107276037901908,0.10157840648617672
MEGF8,-0.7524932848263255,0.10157840648617672
CCDC163,-1.1451743564291263,0.10165276464200827
S100A5,1.7107636717795778,0.10165276464200827
ZKSCAN3,-1.6038237322793305,0.10165276464200827
CALM3,-0.6468172101257466,0.10165276464200827
HPCAL1,-0.9410231050442981,0.10165276464200827
NOP14,-0.691257958597677,0.1016731913905554
SNRNP40,-1.0147877426102223,0.1016731913905554
SFRP2,0.3739214674947722,0.10170052976729348
ATG16L2,-1.3949660255105532,0.10174668736597563
BAG3,0.5947844728731102,0.10181601826070924
COMMD10,-0.6662850864564822,0.10181601826070924
APOO,1.1043803798370417,0.10181601826070924
CACFD1,-1.4389595379572324,0.10183845363934316
UIMC1,-1.1757147603539058,0.10183971338675767
ILKAP,-1.0222580456689565,0.10183971338675767
CNR2,-2.4618108142346777,0.10183971338675767
TUBA1A,-0.7515760307783914,0.10185107167375357
RSL24D1,-0.9107170504779187,0.10192381888675274
TCP11L1,-0.9331329523568139,0.10192381888675274
SCOC,-1.364168436411196,0.10192381888675274
DUS3L,-0.91553320903299,0.10194023399202554
PPP2R5A,-1.0049537476175048,0.10194202620491731
CCDC181,-1.1702906977275385,0.10198078773984658
RGD1565059,-1.2418504299770803,0.1020138113069922
MMP10,3.130216451618391,0.1020138113069922
TP53RK,-0.5262727713492772,0.10204834775461039
GYS1,1.325984937956186,0.10223905106449825
RHNO1,-0.5755377765544925,0.10235457771264371
PINX1,-0.9204293114396076,0.10247023785440768
ABCB8,-2.767251971515586,0.10248304447300574
PARS2,-1.7912062473147914,0.10248304447300574
TMEM109,-0.7255978676313255,0.10248304447300574
MTCH2,-0.4604574030790749,0.10248304447300574
PGAM1,0.7703887878424531,0.10249364126318174
SLC40A1,-1.9612817657751567,0.10255120330740067
SLC16A7,-1.5316145144698843,0.10259289672551035
MFSD11,-1.139152527128342,0.10259289672551035
LOC501110,0.8236815971730111,0.10261094294858135
GIMAP8,0.3630824657230018,0.10261094294858135
SLC35G3,0.414867166729366,0.1027139029199838
SPRYD4,-0.782919292853832,0.1027139029199838
FANCB,-1.3451264776357614,0.1027139029199838
MAD2L2,-1.479797140937419,0.1027139029199838
COMMD8,-0.5744996320390001,0.1027139029199838
TMEM106B,-1.837922965908227,0.1027139029199838
UAP1L1,-2.10167035894714,0.1027139029199838
AHNAK,1.0429541167979912,0.1027139029199838
KLHL20,-1.2771880654958165,0.1027139029199838
TRIT1,-0.7294001371004561,0.1027139029199838
RNPS1,-0.7846841000522922,0.1027139029199838
ARAF,-0.6657930993913217,0.1027139029199838
C1QTNF4,0.3591331761009175,0.10284171277127994
GBAS,-1.1007460099864441,0.10284171277127994
RGD1562284,-1.6354677084309337,0.10288927002444374
MPG,-1.161934075424237,0.10296723805878706
PDE6D,-1.0439717028920685,0.10296723805878706
GNPNAT1,-0.9577034361758128,0.10296723805878706
CDR2,1.2599362773107083,0.10296723805878706
ENOPH1,-1.3379522099601364,0.10296723805878706
EVL,-1.6422284803778364,0.10296723805878706
TCTN1,-2.300550363601817,0.10296723805878706
RGD1565685,-1.216752078342465,0.10296723805878706
RNPEP,-2.2471366054719364,0.10296723805878706
ZBTB32,0.5847656582144402,0.10296723805878706
DESI1,-1.4300410783038409,0.10296723805878706
HELLS,-1.5306833501452204,0.10296723805878706
SVIL,-1.0992148192529299,0.10296723805878706
CRELD2,0.949544969937004,0.10296723805878706
ATG7,-1.5602902058058472,0.10296723805878706
ATG4D,-0.8159851831014073,0.10297631440106407
RSG1,0.9010387046485233,0.10297631440106407
PPIL2,-1.3684110408836805,0.10297631440106407
ACOT1,0.4359138551807937,0.10297631440106407
STK3,-1.4483666628501735,0.10297631440106407
NS5ATP9,-3.196855760162169,0.1030221764658481
ODF2L,-1.0724959292992524,0.10302441274271688
GPR137B,-0.952476884888581,0.10302441274271688
UBA2,-1.3839488131030824,0.1030547549498534
PPEF2,0.3950792560211441,0.10315342668146872
SSR1,-1.0080567703859558,0.10322065181697457
RGS18,-3.068906145891429,0.10327454312961165
FAM118B,-0.8940471196564213,0.10330477701432349
LOC691931,1.5376427958840728,0.10332262293841264
RNF146,-0.725216392942678,0.10345631638614744
MVD,0.5177226037866607,0.10345631638614744
ALG14,-0.8029271558325157,0.10345631638614744
LOC691995,0.26898046617243815,0.10345631638614744
STX18,-0.9070314057254207,0.10351274676993472
NMT1,-0.8817360573568305,0.10351274676993472
ZADH2,-1.1130385884826897,0.10351274676993472
GSKIP,-0.7979205195618553,0.10351759638539727
LYSMD2,-0.7944635189651126,0.10354083358275092
INO80D,-0.6919846330904859,0.10354083358275092
RNF19B,2.6936337031562263,0.1035796524512542
ZBTB4,-0.9009715049724427,0.1036155836352055
AGO1,-0.9029723621087523,0.10365720200587455
TEX30,0.8079696222944719,0.10369978336006848
RUFY1,-1.4847876762891477,0.10374608072785138
WDR89,-0.7799530257709715,0.10396908963665596
TMEM229B,-1.446559805554589,0.10396908963665596
SLC2A1,2.5958580830571254,0.10397781911506576
SEC13,-0.4145911828750668,0.10400685229038574
OGFOD1,-1.7166369314379455,0.10408757844916774
BRD3,-0.7734877245699074,0.10412870112748059
SPI1,-0.679782314660156,0.1041622813394178
GNL3,-0.672662014161725,0.1041622813394178
RNF26,-1.9984588529498897,0.1041622813394178
DTYMK,-1.1049470347817891,0.10421973763016006
PEMT,-1.2551007214507073,0.10421973763016006
TRAF4,-1.5442696925435517,0.10421973763016006
CLVS1,0.8490087606368621,0.1042235295859243
COQ7,-1.793689333714294,0.10422931803241801
SMURF1,0.8135896803360056,0.10422931803241801
TXNDC5,-1.7634280322440485,0.10427137172629361
ZCCHC9,-1.2511154748149247,0.10427137172629361
FAM58B,-1.677490242077852,0.10427359926783389
STK26,-2.0797426439672457,0.1042900261634136
PARVG,-1.7681551079414097,0.1043431245823025
FAM69B,-1.3253978274546028,0.1043431245823025
HSD17B4,-2.102363757469302,0.1043431245823025
AMN1,-1.1132686963709841,0.10441611574623161
ZFP641,-1.4884947396835433,0.10456787354596375
KANK3,-0.7692039899649636,0.1046160602302107
ORAOV1,-0.7486886014073821,0.1046200299726729
AKAP7,-1.1593925423462694,0.10464976616614609
XPNPEP3,-1.0719720758668267,0.10464976616614609
ZBP1,-2.1386666202127436,0.1046622508784206
RNASEL,-1.6726550112513303,0.10468653353019267
PNP,-1.1474280140675903,0.10468653353019267
DERL3,1.0751846024303564,0.10468653353019267
PSMC3,-0.5139249931733776,0.10468653353019267
FLRT3,-1.2182431370289875,0.10468653353019267
PRMT5,-1.6037984334421798,0.10468653353019267
MAPK1IP1L,-1.4973211822680201,0.10468653353019267
SMG9,-1.0922974159063488,0.10468653353019267
OASL,1.7730964541361915,0.10470024337890131
GINS3,-1.4157010138711668,0.10472433655342214
SENP3,-0.48425402986774424,0.1047455536178408
IRAK2,2.229969865841996,0.10475625614620661
DES,1.618866472576289,0.10475625614620661
PRKAB2,-1.0923061397063005,0.1047582436697686
RGD1560010,-1.5740110794151563,0.1047582436697686
TRIM14,-0.2931437486528312,0.10478994829367622
DROSHA,-1.1001430393199843,0.10479989131680216
GRIPAP1,-1.4636877737376282,0.10479989131680216
RNF167,-0.7479262624251062,0.10481213473910259
SH3GLB2,-0.9285330695199487,0.10481213473910259
GSX2,0.38359205161718224,0.1048218285685928
PUS1,-0.7091949032356317,0.1049460284446105
FASTKD2,-1.4716308589668532,0.1049460284446105
RALGPS2,-0.9386008767407832,0.1049460284446105
GTF3C2,-1.8480206211283763,0.1049460284446105
METRNL,-1.1305709061422933,0.1049460284446105
GABPB1,-0.8998018389569302,0.1049460284446105
MAD1L1,-2.1266421910274,0.1049460284446105
RMND5B,-1.7474295579071304,0.1049460284446105
MPI,-1.0046716638713593,0.1049460284446105
LRRC40,-1.8742154468376968,0.1049460284446105
COMMD7,-0.9344155344944829,0.1049460284446105
GLRX,1.408805824828419,0.1049460284446105
GMPPA,-0.716904452812634,0.1049460284446105
SMYD2,-1.4855243179815112,0.1049460284446105
EIF2D,-1.094867785145985,0.1049460284446105
NUP153,-0.685063035846682,0.1049460284446105
QPRT,-1.4355401164788728,0.1049460284446105
DQX1,0.7105349778675122,0.1049460284446105
SPATA5L1,-1.3335167884780847,0.1049460284446105
NELFE,-0.8040184367376906,0.1049460284446105
BCAS3,-1.5476452292143916,0.1049460284446105
RBFA,-1.760546105375899,0.1049460284446105
WDR73,-1.6840341430710446,0.1049460284446105
NAA35,-0.9868871453693226,0.1049460284446105
SOAT1,-2.1005927450366646,0.10505063161748415
FITM2,-0.5462815254471265,0.10505063161748415
EPB41L4A,0.3058448148087505,0.10505063161748415
SSBP4,-0.8722441974968977,0.10505063161748415
RHBDD2,-1.4646869796843212,0.10510477699019166
IGBP1,-0.9267885146341079,0.10510477699019166
RMDN1,-1.1287543813435161,0.10510477699019166
TPD52L2,-0.7959254813945242,0.10510477699019166
CFAP20,-0.5642122451095037,0.10510477699019166
RARS2,-0.8981979572465146,0.10512823759339668
SLC26A6,-0.8356125269221613,0.10512823759339668
ATAD3A,-1.7345530762831078,0.10512823759339668
MEF2A,-1.1014442098866883,0.10514476227906018
SLC4A9,0.41482988285848443,0.1051677891040469
PASK,-1.1045035847405742,0.10518187548725788
DDX50,-1.0986382434428767,0.1052257297388798
VCAM1,0.8617914902632255,0.10527575543075002
CHTF18,-2.197526459314888,0.10528932980084144
FAM73B,-1.8623694543541598,0.10537733825110947
AZI2,-1.0714584438419092,0.10544923517998077
HNRNPR,-1.6625157692958386,0.10545150343008383
MLLT10,0.719595146584479,0.10546462226652119
PPAN,-1.2557413405326892,0.10546462226652119
TAL1,-1.369479635448502,0.10546462226652119
MYBL1,-0.5972395684173846,0.10546462226652119
CD274,2.9807282132254285,0.10546690463751893
BCAP31,-0.7156900189332163,0.1054710005956058
EIF1B,-0.8299833722781802,0.1054710005956058
RAD51AP1,-1.6959409005483121,0.10549405389732001
PIP4K2A,-0.9169767162670892,0.10549465699609635
MED30,-1.6626179943634536,0.10552714436584196
MAF1,-0.6759311849201417,0.10555068218682961
ETFA,-1.094491668564201,0.10555782626398186
CDKN3,-2.3432960787443458,0.10556726037235196
ADAMTSL5,-1.4559225714943111,0.10558092313857179
RASGRP1,2.1840798958887264,0.10563768059142581
RPTOR,-1.264140330038996,0.10564247026079443
NOB1,-0.9937440334430034,0.10564247026079443
GSTM1,-2.1338276895796753,0.10564247026079443
PLSCR2,0.7933818475435069,0.10566434621703097
IGSF8,-1.5037144201731953,0.10567476010371549
RBM7,-0.7567329257683744,0.10568105974753568
GDI2,-1.240885308283758,0.10571644803653732
SLC10A7,-2.2060700314370383,0.10573411652929414
RIPPLY3,-1.4995086983809793,0.10573411652929414
MFAP1A,-2.111124139933438,0.10573411652929414
OLR1366,1.271899759943982,0.10574319036608038
CLTA,-0.5278008086857104,0.10574711157865066
LSM6,-1.4270408526494935,0.10584228451114272
GOLT1B,-0.9164568432656885,0.10590598671285896
ARMC6,-1.257235539070226,0.10590598671285896
PDE3A,0.3735123563749054,0.10591299484807874
CELF3,1.1023631173160258,0.10591299484807874
CISD3,-0.9117317747705616,0.10594382811325355
CNOT8,-1.6129741692104793,0.10594532642370695
MSH3,-1.0901270173852122,0.10595528433662181
MKNK2,-1.0755852050551482,0.10595528433662181
INAFM1,0.7196229296716053,0.10599590951194772
TUBB5,-1.3977862548122166,0.10599590951194772
PKD1,-0.3945623523886128,0.10603077989818978
PRKCQ,-3.3602775491339143,0.10603077989818978
ARFRP1,0.3492842789729407,0.10610954474755195
EZR,-1.1616799379036795,0.10610954474755195
SUOX,-1.0604404871326474,0.10614441330432409
PTPN6,-1.1215692771292947,0.10614441330432409
CAMK2N1,1.0397857583370893,0.10614441330432409
ANAPC2,-1.437480980769478,0.10614441330432409
PRMT7,-1.839281618881014,0.10614441330432409
PLEKHG5,-0.7156530834332444,0.10617844538174194
PTPN2,-0.6854546662922587,0.10617844538174194
ZFP280B,-0.6832279513241544,0.10622112731178633
UBE2V2,-0.5750442423361264,0.10622112731178633
DIABLO,-0.9466063595617227,0.10622112731178633
PIK3CD,-2.954712095026472,0.10622112731178633
SPINT1,-2.5835667056643152,0.10622112731178633
KLF16,-0.8508111735458557,0.10623001927005638
TRAPPC4,0.5896678495184204,0.10627358721143775
TNF,1.6189855742097032,0.10627358721143775
PUS10,-1.3786678504042043,0.10631346805104941
ACTR2,-0.6241895002219886,0.10631346805104941
IER2,-0.5655936326398505,0.10631346805104941
CNP,-1.8348586630798045,0.10631346805104941
ANKRD61,0.46514265332589166,0.10642509065676563
TANK,1.1439882325205666,0.10643557756971586
LRRC45,-2.203217524576934,0.10648378343535829
SLC22A5,-1.2078284796531693,0.10648378343535829
FBXO3,-1.4799143941383326,0.10649204779431319
ARFGAP3,0.5768002106405055,0.1065004072871166
NDRG3,-1.0479937760420759,0.10655277110198004
SLC35E3,-1.6680750636057313,0.10655277110198004
LOC498276,0.7181678298489018,0.10667603442656766
DUSP11,0.7754236591420351,0.10667603442656766
ARL6IP1,-1.2324512967313694,0.10668053269092215
MTHFD1,-2.4743080049353057,0.10668053269092215
KLHL5,-1.839293573949802,0.1066905463416881
UQCRC1,-0.8707686752101749,0.1066905463416881
POLD1,-2.8447825102246598,0.10674209972279025
SPPL2A,-1.5760051649708284,0.10674489356288908
LIPA,-1.4849311873688302,0.10687237967869796
PMVK,-0.7575178056184986,0.10694831268866647
KLHDC8B,-1.109923239593594,0.10697098059146873
ZER1,-1.5043896542695956,0.10697098059146873
NTPCR,-1.2833152727933408,0.10716242069940483
MTAP,-1.0022856899765633,0.1072401657603529
SERPINB6B,1.089955290220094,0.1072401657603529
TPRN,-0.7622040864516131,0.1073454722969375
PDS5B,-1.3623083142877714,0.10735161615741994
NCAPH2,-2.25729279918336,0.10735161615741994
ZFP142,0.8980225878075534,0.10751378318279865
RBMXRTL,-1.0570367468334916,0.10751378318279865
C2CD5,-1.3508647119981065,0.10751378318279865
REEP4,-1.22231690652132,0.10751378318279865
ACSS2,-1.8895355241315932,0.10751378318279865
TRUB2,-1.0043348679832906,0.10751378318279865
EFCAB7,-1.4942575203921638,0.10751904833064278
WDR4,-1.1181409941142515,0.10756019609879393
GSTO2,-0.48402665638537506,0.10756494374510055
LIMS2,0.25881075074276244,0.10758524361341812
FKBP8,-0.9686268160268607,0.10758524361341812
CCDC125,-1.0280125030836689,0.10770198717791624
IL18,0.8726180077298302,0.10770198717791624
CMPK1,-1.0164645172434588,0.10785815111208595
RPL3,-0.5630920876450887,0.10785815111208595
SERPINE1,1.19867498811214,0.1079548767571922
DNAJC8,-0.6143816467650423,0.1079548767571922
MYH10,0.2849865682857271,0.10798077105136841
DDX39B,-1.0482483203428403,0.10798181273040419
HLTF,-2.8701448702590033,0.10799064968539479
PNRC1,0.9251658388485797,0.10802118076352102
ARL1,-0.8049963323011049,0.10803439182163782
ZW10,-1.8516780425988302,0.10803439182163782
STOM,-1.9665542873982855,0.10803439182163782
AGK,-1.3496726214647143,0.10814935849509584
SNRPA,-1.005763230321993,0.10825597154626732
CEP295,-0.7979948896346145,0.10826060437752769
KATNBL1,-2.189088103988349,0.10826714507890187
ZBTB48,-0.8738605921893627,0.10826714507890187
SYF2,0.6769884732662872,0.10826714507890187
SLC31A1,-1.1762003462194537,0.10826714507890187
ERAL1,-0.8745585521318353,0.10826714507890187
MBP,-1.6844036891982446,0.10826714507890187
DENND2D,-1.3524283049993453,0.10837203916216118
CPSF1,-1.6729658722225413,0.10837203916216118
RPN2,-1.325952034118428,0.10837203916216118
LPCAT3,-0.7925103499475004,0.10840101391624136
ARMC9,-1.0712107548091976,0.10840101391624136
ZFP329,-0.3574679805886221,0.10840101391624136
CBFB,-1.6509380912952833,0.10840101391624136
ATAD1,-1.9163609978443108,0.10840101391624136
UBE2L3,-0.5319727703836641,0.10840101391624136
GPR146,-1.4510137218911374,0.10840101391624136
VAMP2,0.7121349681814286,0.10840101391624136
ZNFX1,-1.0119991448593413,0.10840101391624136
RIN2,-2.9387762582572465,0.10840101391624136
FGGY,-1.0174174566514074,0.10840101391624136
CDK16,-0.8973210126283835,0.10840101391624136
COQ10A,-1.3287528038020626,0.10842135499906529
WRB,-1.6794849960113325,0.10842135499906529
RAB11FIP1,1.2552266960857628,0.10848476530812068
FERMT2,0.8335074506419201,0.10848476530812068
SGCE,-0.8932676029727,0.10854230651874447
DBT,-2.0978874186950844,0.10854230651874447
KAT2A,-1.2110696221056008,0.10854230651874447
TRMT2A,-1.7267930788740555,0.10854230651874447
ZFP689,-1.1275629174993576,0.10854230651874447
ADSL,-1.1613504600493645,0.10854230651874447
CELF2,-2.625710566531486,0.10858567083963269
PROSER3,0.6635798350452393,0.10860020319146152
LRR1,-1.2858531320899669,0.10866115649012172
OTUB2,-1.3246004187732696,0.10866115649012172
B3GALNT1,-1.5722619419919974,0.10866115649012172
SNX10,-1.900225859256647,0.10866115649012172
PKIB,0.9709119189611668,0.10876630356817733
FOXRED2,0.44533218749252973,0.10878588255255212
UFM1,0.32775030455041776,0.10881466986901708
GADD45B,2.4574361884514886,0.10886574832230078
SEPT6,-0.9885290905317645,0.10898214283547321
MARCH2,-0.8686059347576185,0.10898214283547321
CLCN6,-1.5108463656809406,0.10903649216737189
FGFRL1,-0.6272019232139813,0.10905783440311995
VDAC1,-1.0834287016183453,0.10905783440311995
ADRM1,-0.389990181276346,0.10918107846262387
HMGN2,-1.6112597315280155,0.10923219258438395
PHB,-0.5526938973560345,0.10923219258438395
PRPF4B,-0.6258283373429281,0.10923219258438395
CLUAP1,-1.4141588580166389,0.10925016699000926
CDKN1B,0.8172904588914882,0.10933535971351652
ELP2,-2.2513068986423397,0.10933535971351652
POLA2,-2.1407677227638193,0.10933535971351652
CBR1,-0.9863190979100307,0.1094522385720941
HSPA1B,4.101858677152264,0.1095130999341262
ACYP1,-1.3953263421529973,0.1095130999341262
PACRG,0.35884295561275215,0.10956817388783445
FAM53B,-1.4820302432832815,0.10962276347019838
SDHA,-1.804041969006144,0.10962276347019838
TMEM185A,-1.644303084425998,0.10962276347019838
SLC37A1,-2.458818724417597,0.10962276347019838
RAVER1,-1.9298112865827468,0.10962276347019838
SSH3,-1.1274250831766552,0.10968698289934356
ARSA,-1.7122773432268186,0.10973830478938924
DNAJA3,-2.4936852916309684,0.10973830478938924
PTGFRN,-0.897330404393669,0.10973830478938924
TRIP13,-2.5771476883938234,0.10974369815546052
ISCA1,-1.6643368552555327,0.10992292603887496
OFD1,0.7121430617765074,0.10992766240106329
RGD1311188,-0.69297378718211,0.10998682212080077
SPCS2,-0.7260411235932018,0.10998682212080077
GTF2E1,-0.8220062556344401,0.10998682212080077
HIAT1,-1.7067640256028436,0.11001474869115344
CCT7,-1.018623255852229,0.11001474869115344
TMEM135,-2.1470121958886192,0.11001474869115344
SLC52A2,-1.2940191696428154,0.11001474869115344
RGD1564541,-1.5740917567296926,0.11001474869115344
RECQL5,-1.4271984261202135,0.11001474869115344
NDFIP2,-0.8955944048454691,0.11001474869115344
PARK7,-0.9058717266782885,0.11007342098940649
BBS5,-0.9984446909252007,0.11008780156271938
DECR2,-1.1664250774719267,0.11010578026933016
PDCD1,2.9243709419412314,0.11025844870372338
MAGEH1,-0.6929281091036696,0.11028472348759583
INSIG1,-1.9278545260053943,0.11032274865352394
SNAP47,-1.3311073143642675,0.11047003247486717
FOS,-1.2989414877145724,0.11047003247486717
TRIM65,-1.2949706111681998,0.11048707759236553
MRPL10,-0.7656185740197121,0.11048707759236553
BCAP29,-0.8713529628193832,0.11050329678061313
DNAJB7,0.8044052586434854,0.11050329678061313
PPIP5K1,-1.0626691081889126,0.11056093220597664
SIRT5,-0.4493102002211735,0.11059404600544791
DNAJC4,1.324335352860106,0.11059404600544791
ITGAL,3.2738186226765436,0.11059404600544791
CD4,-2.5212507201347134,0.11059404600544791
DCXR,-1.7521291209254488,0.11062804956854476
CCDC22,-1.555316637254455,0.11071274528429477
CDK5RAP2,-1.1841231539685877,0.11071274528429477
G3BP1,-1.3642760253128037,0.11071274528429477
APOC1,0.3559420442324657,0.11071822504126491
ABCD3,-1.5128957124832902,0.11086952658242863
GCN1L1,-1.1488379804052216,0.11088070243457984
TUBGCP2,-2.162431714014034,0.11088070243457984
PBXIP1,-1.6468406254522137,0.11093090844273494
PIK3R6,-1.8806345856251414,0.11104740824891042
CAB39L,-1.2982739642868446,0.11104849348886174
AP3M2,-0.7367466447068935,0.11105814935896126
SLC37A4,-1.2068205529838214,0.11111932899231966
KIF1BP,-1.2528189977020232,0.11111932899231966
ACADVL,-1.171320193901244,0.11111932899231966
JAGN1,-0.6115783407329705,0.11126780602720433
HPRT1,-0.5789435654931019,0.11129704260175247
RGD1359508,-1.7927097441417121,0.11129704260175247
SLC7A8,-1.285342518227051,0.11129704260175247
CENPM,-2.4554264585576195,0.11135305681431619
COG7,-1.5299713573323177,0.11146043208532501
MCOLN3,-1.770808569144864,0.11146043208532501
ZFP354A,-1.4496734819977815,0.11146043208532501
ANKRD9,-1.3955802017578627,0.11149950496708673
CDC25B,-2.235962774175647,0.11162108330975397
RAB3IL1,-2.8209785343648957,0.11167014730759023
PCMTD2,-0.5621399033855987,0.11174348273327286
BLNK,-2.2782360142891163,0.11185098805080132
USP18,1.5929617878513813,0.11190303053905461
EMC3,-0.8548939430115334,0.11190885939513553
PPP2R4,-1.8870358765717055,0.11196081594299144
BIN1,-1.281001691453834,0.11196081594299144
GNGT2,-1.5037082833793534,0.11196081594299144
BLMH,-1.1182001930919827,0.11198545123312431
KRCC1,-0.40965634148222385,0.11200381493081836
NPRL2,-0.7522153176871096,0.11200381493081836
RPF2,-0.45894129405959116,0.11206158570566238
RAN,-0.5337346809911594,0.11206158570566238
CDC25A,-0.7888691983461249,0.11206158570566238
PJA1,-1.1697339663417985,0.11207530469358193
LOC100233176,-0.6363532086748522,0.11207530469358193
LTBR,-0.9622369151939196,0.11212018019059863
CBR4,-1.1835713494720934,0.11213720463449482
INO80B,-0.8312701171854233,0.11213877495108668
SLC35A4,-1.246560483034476,0.11215670981201142
MBIP,-1.1415318398105136,0.11221209914941992
ZFP428,0.5205113801930457,0.11221209914941992
TPI1,1.1363909012057736,0.11225441210974017
CERS4,-0.5113217413988372,0.11226180498982677
FRK,1.9299460429364834,0.11239701560480966
RGD1305420,-1.5976567958130716,0.11245510927219006
STXBP2,-1.4255223459113675,0.11245510927219006
TNFRSF13B,0.3493958524398531,0.11247715764838932
IFT52,-0.9343845347988986,0.11248101244835744
FAM133B,0.5745382908301022,0.11248101244835744
DNAJC22,-1.027422444518471,0.11248101244835744
FAM63A,-1.178489738722766,0.11248101244835744
NR1H2,-0.786132253244852,0.11248101244835744
KLC1,-1.757835794886931,0.11248101244835744
SLC7A11,2.1168891292067027,0.11248101244835744
MAB21L1,-0.783584855963044,0.11248101244835744
RGD1307752,0.5893342167511513,0.11248101244835744
PPP1R16B,-1.6173880272411039,0.11248101244835744
KANK2,-1.5645169363294062,0.11248101244835744
UCKL1,-0.9806967200246111,0.11248101244835744
HMGB2,-1.8085465337992304,0.11248249030894028
GLTP,-1.1638716775398952,0.11249058826054815
MTMR1,-1.3601516599886811,0.11253545756217231
TMEM101,-0.5270323269817658,0.11260894767719078
DCLRE1C,-1.4833349853599906,0.11267870987252172
SRPK2,-1.0685776427372158,0.11267870987252172
NF1,-0.5630598579652961,0.11268418559134212
KDELR2,-0.7721789807531039,0.11269662700785325
DMKN,0.4901461360219441,0.11275019459970516
CENPF,-1.2773799282098222,0.11279078423465098
STARD3,-1.2840171696255638,0.11279078423465098
JDP2,-0.8974843946801545,0.11279078423465098
SLC25A19,-0.9548627504165901,0.11279078423465098
CSAD,-0.9410990000773012,0.11279078423465098
P3H4,-1.3481690351966407,0.11283303092782322
LAT,-0.8269891610443258,0.11283303092782322
RGD1311783,-0.7734473052340469,0.11283303092782322
UBL3,-1.4583163661602119,0.11297789751994529
POT1,-1.1031150885000351,0.11303014224191048
SCD1,-2.0154614247272202,0.11306037967186204
BDP1,-0.71969912403155,0.11319464927340245
TMEM198B,-0.6550982106863478,0.11324302307814607
MRPS35,-0.6798633341252702,0.11326710014631863
NIT1,-0.6299682922538361,0.11328760683214971
TLR4,-2.680177541819004,0.11330397838606678
ARSB,-2.356224449722432,0.11330397838606678
AGAP1,-2.3813464424127373,0.1133110283311437
CHRNE,0.3778241775454861,0.11331718357093223
CRYZ,-1.5104753509651658,0.11331718357093223
RGS16,1.8401110585144727,0.1133372569003
CCL22,2.6604478088735246,0.1133372569003
N4BP1,0.9405117312616649,0.11340990290141482
FAM162A,1.1981835392451332,0.11348004178462888
MAEA,-1.073117885581457,0.11348004178462888
RGD1564379,-0.8625907421402363,0.11348004178462888
ZMYND19,-1.749909194170953,0.11348004178462888
LRRC57,-0.6950409268114748,0.11348535286927325
ZCCHC7,0.48847960596160167,0.11359754793235484
TGDS,-1.0759546051495017,0.11376746355109152
KCNK10,0.8596840356046435,0.11378781333809682
EFTUD1,-1.0894103505484978,0.11380308831909336
TIMM44,-1.6450702815584695,0.11382522371511761
EML4,-1.1519313150744763,0.11382522371511761
ACBD6,-0.8282488983078808,0.11382522371511761
NUDT9,0.836477229294263,0.11382522371511761
GGNBP2,0.385058221326978,0.11382522371511761
IRS3,-0.8606221406388397,0.11382522371511761
FAM72A,-1.2630448394339442,0.11382522371511761
TEFM,-0.9566486800572958,0.11390098583126887
CPNE3,-1.1226928157460248,0.11393745806103267
HOMER1,-0.8799924009367641,0.11401672911718384
TAF7,-0.7473360994381109,0.11402685169678815
P2RY6,-1.818793635961443,0.11403748570259878
MLH3,-1.0561766684544882,0.11404210163135364
ELAC2,-1.9122922731524046,0.11405564658716467
NMD3,-1.1159286754703452,0.11405564658716467
VOPP1,1.701693307802178,0.11426917374685197
SEPW1,-0.9861227953046772,0.1144076151658449
ST14,-2.1194339785109966,0.11446503356015825
PRPF4,-1.3468824270519697,0.11446503356015825
CML1,0.34561100194498245,0.11457314161025824
PRDX6,1.2888451971470074,0.11458877165262325
STK35,-1.1434923317294459,0.11463737798683293
WASH1,-0.6867199411587537,0.11465355665973402
LOC306766,-0.6649421570862915,0.11466628054628188
FAM46C,-1.4137827332344997,0.11480875739516838
STARD3NL,-0.6525462260446426,0.11480875739516838
HEMK1,-1.1592263238707718,0.11482496575569616
SLC44A2,-1.9312671362070746,0.1149313563946167
COPS4,-0.8332766205664655,0.11498518680263639
TAF3,-0.7148621591536539,0.11500029407876873
ABCB1A,2.3334814009494833,0.11500029407876873
IFITM2,-1.5594725134836578,0.11500029407876873
HCK,1.474613655910825,0.11500029407876873
SYT17,0.4125119266928182,0.11500029407876873
PLEK,1.295217359227852,0.11500029407876873
PTDSS1,-1.4816878229304247,0.11507815500258528
GAST,0.4151853679423953,0.11508287753273276
ABCD1,-2.462551144264243,0.11521491748312669
RGD1310553,-1.168561328560706,0.11521491748312669
CD200R1,-2.3991945054675514,0.11521491748312669
MED20,-1.091232920219793,0.11521491748312669
PFKFB2,-0.8410433252470753,0.11521491748312669
CITED2,2.05106255284392,0.11525310138308849
SNTA1,-0.5188546137844019,0.1152565137429429
IGSF3,0.49594650026970144,0.1152565137429429
SMPDL3A,-2.6742632294614825,0.1152565137429429
YBX1,-1.3551998626875408,0.11532006975378163
B4GALT7,-0.9026163072710252,0.11532006975378163
CSGALNACT1,0.657979757972791,0.11535429725630784
MRGBP,-0.7077697443843436,0.11535964643453625
TMEM156,-0.9124144694713059,0.11536753444298016
GLTSCR2,-0.5392420882063123,0.11538390980978554
RBM45,-1.524222313839149,0.11539876892981586
NR0B2,-1.5995181720591791,0.11548460214990294
PAIP1,-1.174810273647819,0.11548460214990294
CCBL1,-1.771914448500938,0.11548460214990294
ZMAT3,-0.7809879363135759,0.11548460214990294
FAM45A,-1.7227461816175906,0.11548460214990294
ORMDL1,-1.0325768865954708,0.11548460214990294
HEXA,-1.4350138999187037,0.11548460214990294
CXADRL1,0.3703525271992099,0.11548460214990294
AIFM1,-1.2368555211143621,0.11548460214990294
IFIT2,-3.0630827330854484,0.11581707784745503
OAS1A,-1.2660011652017382,0.11581707784745503
RSPRY1,-1.748276771510631,0.11591053194071341
ZC3H12A,1.9165504864661496,0.11596813174602198
RDM1,-2.215157372133371,0.11596813174602198
AHCYL2,-0.9549701933404706,0.11596813174602198
NECAP2,-0.9380501968948005,0.11606981591038039
PLRG1,-1.2463807700675078,0.11606981591038039
ARFGAP2,-1.5471837837487752,0.11606981591038039
ENO3,-0.5783079547702045,0.11606981591038039
USP14,-1.350018417222091,0.11606981591038039
MED10,0.5858642250491899,0.11608559030100557
ARHGEF9,0.30234661921163974,0.11608559030100557
STAMBP,-0.47755233089720983,0.1161544071396397
NT5C,-0.9234500428120627,0.11617773732301742
GTF2H2,-0.8060720965345811,0.11631002540804859
DTX2,-0.9390533503032192,0.11638629080403758
KLHL9,-1.6042271726423905,0.11638629080403758
PGM2,-0.9908061558326007,0.11638629080403758
SUV39H1,-2.1329853537918635,0.11638870464931762
FHL3,-0.7976523533901334,0.11645284605921769
CNBP,-0.6763428363611226,0.11645284605921769
ATF5,0.9640753266776132,0.11645284605921769
ZFP496,-1.7164134041978945,0.11645284605921769
TSNAX,-1.8149252272013499,0.11651095031092881
SLC17A1,0.9398486610183849,0.11653235505801642
CDCA4,-0.8939128571202786,0.11661028521471284
SNX17,-0.5780892459469489,0.11664352430471629
DAGLB,-1.828675835084188,0.11669766284077954
DDIAS,-1.649982571522878,0.11669766284077954
RGD1559482,-1.6761796275420575,0.11669766284077954
NOP58,-1.039974415366828,0.11669766284077954
RELL1,-1.646670317237825,0.11671791661128361
RGD1309748,1.0845228326422132,0.11671791661128361
KIF11,-3.428145906171621,0.11671791661128361
STAT5B,-1.5524912404954714,0.11671791661128361
RPAP1,-1.3914547675863065,0.11671791661128361
DBR1,-1.2645167773774908,0.11671791661128361
APEX1,-1.530946957335285,0.1169386705688313
AP1S1,-0.4800450589268559,0.1169389758888144
SH2B2,1.8067837544722387,0.11698146939966375
RASSF2,-1.6960323206482275,0.11706666000299087
GPI,-0.8149862871329638,0.11706666000299087
TMA7,-1.5188337093259325,0.11709271202512812
DECR1,-1.026948676134027,0.11711363884927511
GMDS,-0.9986675751663956,0.11722726866255152
RIC8B,-1.4181372222121147,0.1172816242170696
RAD52,-1.206712797859643,0.11735187022508964
PDGFA,1.2994304114483124,0.11746658238912977
SPN,-1.523120610541304,0.11746658238912977
PRPSAP2,-1.4606856241959805,0.11747448224505219
MLF2,-0.6326474721640825,0.11749409622908473
BANP,-0.9886540704951032,0.117581192316608
RGD1565498,-1.1823629638325925,0.11758323024606011
FAHD1,-0.5056939945653833,0.11762777768407055
PRR11,-1.4964354791757712,0.11767699291165783
OXR1,-1.7669701160096665,0.11769337334464694
SENP8,-1.2583488034063666,0.11781001051002274
ZUFSP,-0.8378392520124192,0.11802551325232345
ZFP280D,-1.4123101576899098,0.11802551325232345
PPWD1,-1.3371739400527425,0.11802551325232345
CHAC2,-1.3410904179363052,0.11802551325232345
RGD1304704,-0.5310857643933735,0.11802551325232345
RARG,-1.0770047549987638,0.11802551325232345
MIEF1,-1.8332373384546563,0.11802551325232345
SHMT2,-1.08368332990743,0.11802551325232345
SETD4,-0.9064628015254779,0.11802551325232345
POLR2M,-1.7778476005626822,0.11802551325232345
LOC100125368,-1.4121561744961753,0.118041055111458
UBE2V1,-0.6835676141879192,0.118041055111458
VGF,0.5322726225045639,0.11813135300837581
DNAJB4,-0.879202765587537,0.11820194079184408
UBAC2,-0.9530596999199323,0.11822585733703193
ZDHHC16,-1.1716474791586955,0.11822585733703193
PIGV,-0.9687667878625563,0.11822585733703193
TMEM14C,-0.9968492810799665,0.11822585733703193
FGF18,0.24055246885964338,0.11822585733703193
CXCL9,0.24095172231912806,0.11822585733703193
MARCKS,1.6145008549302986,0.11822585733703193
TDG,-1.7034731317221605,0.11827792449315454
POP5,-1.0699255773602525,0.11840244533572797
ATP5SL,-0.8870595141925652,0.11840244533572797
RGD1307704,-1.0582076916907122,0.11840244533572797
GOT2,-1.5509548239196267,0.11840244533572797
UCHL5,-0.740566196686967,0.11840244533572797
PCGF1,-0.6526737851089555,0.11856692716402853
STK24,-1.8526690742334986,0.11856692716402853
LOC690326,1.0219472235569527,0.11856692716402853
TNFAIP8,-0.9728657049908076,0.11865057755563346
UHRF1BP1L,-1.3336906368162025,0.11865057755563346
MYD88,-0.8760368532494347,0.11865057755563346
SPRED1,-2.1245571596056454,0.11878370199291541
ELMO2,-2.7085356923071346,0.11878370199291541
MPZL1,-1.6763192923918537,0.11878370199291541
SCARB1,-0.871540247201092,0.1188565422338325
GABPB1L,-1.0424793409525295,0.1188565422338325
NSF,-2.0201323700471274,0.1189693898232517
ENO2,1.1330591228747569,0.11907743740956288
OAZ1,-0.649842733159085,0.11907743740956288
DNAJC12,-1.6461436361060504,0.11907835426412447
FIZ1,-1.5168605498685745,0.11907835426412447
GORASP2,-0.40452445883082255,0.11907835426412447
NTNG1,0.3921569312038483,0.11912453278531711
ARHGAP10,-1.9879942732361187,0.11917713811933796
ROCK2,0.716481068589395,0.11917713811933796
RT1-HA,0.23883454109288818,0.11919055068745273
PGK1,0.6378653482986483,0.11920533254394863
RGD735029,-1.727212765436877,0.11920946764797659
ANAPC5,-1.8508396396750353,0.11920946764797659
PPAPDC3,-1.354119848171077,0.11927843010096659
IFNAR1,-1.6745118341194294,0.11927843010096659
BIK,-1.2495459917344311,0.11929743130886024
EP400,-0.6559223494016142,0.11929743130886024
RGS14,-0.6450801466633598,0.11929743130886024
C1QC,-2.2199189863950193,0.11929743130886024
ZFP870,-1.3712365082117903,0.11929746847099261
GADD45A,0.9627489775307385,0.11931738871577585
RWDD3,1.0846064492969438,0.11931738871577585
TINF2,-0.6421503662495938,0.11931738871577585
MAGEE1,1.1655414348311786,0.1193364350311749
SERPINB8,-1.2566087153496113,0.11933906260084151
EME1,-1.7478477918031485,0.11934997343830572
ZFAND6,-0.45823894534477283,0.11937970229958306
SNRPB,-0.7475440865026979,0.11946105391090428
TMEM55A,-1.5978870443456907,0.1195426736984809
SAE1,-1.1642568848610493,0.1195426736984809
RANGAP1,-1.8975380337790178,0.1195426736984809
GIPC1,-0.5857858133444012,0.1195426736984809
GSTCD,-1.174634828585528,0.1195426736984809
KPNA1,-1.687506041961651,0.1195426736984809
CROT,-2.8547531468268668,0.11959104267615302
LOC688452,0.5948338528591578,0.11963667826612653
PRUNE,-1.183117718266427,0.11973565967802026
UCK2,-1.0095718741521522,0.11973867922540779
RGD1566320,-0.9636489333925486,0.11976484443207717
LBR,-2.817596652171738,0.11978054066049901
CEP89,-1.1434571394803164,0.1198228839512948
MAST3,-1.6355758766377109,0.11985215938072563
SLC35C1,-0.6807603377101605,0.11986865830929302
PTPN23,0.9948505119112268,0.11986865830929302
MYBL2,-2.4253144149861154,0.11987067777424622
TMEM17,-1.2455141361352193,0.11989934173989004
TICAM2,-1.607962864733435,0.11989934173989004
MPLKIP,0.7706023103204318,0.11989934173989004
RNPEPL1,-1.2843568601341429,0.11989934173989004
PEO1,-0.5168434753172091,0.11989934173989004
AGPAT3,-1.1010092122085462,0.11989934173989004
ALG5,-0.8634985608969363,0.11989934173989004
NAB1,0.574082501941338,0.11992491657858477
CEP44,-0.5495477866485869,0.11992491657858477
SCO1,0.6639272044388278,0.11998253946247026
KIF9,0.37652282190510755,0.12003794596208228
ALDOC,1.4330365185511809,0.12005432256638136
AAED1,-1.0760545011869136,0.12008987357412053
LPAR3,2.8468864477083353,0.12015290981081825
SDCBP,-1.213099156321518,0.12022092955309349
DUSP12,-1.2623695134056954,0.12023101514540648
EEA1,0.5255604346470761,0.12028086739118232
MCU,-2.034347502598907,0.12033421661568883
BOP1,-1.1135280954573434,0.12036884343372455
MYLPF,1.1550819489804012,0.12036884343372455
RGD1310352,-1.051935012354372,0.12037755324802366
UBTF,-1.0241753450447757,0.12037755324802366
HM13,-0.7856104804869783,0.12037755324802366
ZFP362,-1.1387390137385167,0.12045770739944696
DIS3L,-1.59609570877219,0.12045770739944696
THUMPD3,-1.3965040655163858,0.12045770739944696
TRIM27,-0.9077293361504841,0.12048421396476941
NT5DC2,-0.8982167813292974,0.12049825982833952
TRAPPC2,-0.9710994141599749,0.12051360664131278
KLC3,0.315660127061042,0.12053566166139232
FADD,-1.9700896025320633,0.12058444188946782
RALB,-0.8448290548539084,0.12058444188946782
CD63,0.8498133733811315,0.12062149438990603
PAN2,-1.5338252666305694,0.12063879527756771
DBI,-1.6553928950503973,0.12070730799371006
ZRANB2,-0.40005948657253665,0.12071637653065445
ALDH16A1,-1.5208961478800562,0.12071637653065445
UBN2,1.1309806567975866,0.12079619450359758
MARC2,-1.7661372497830126,0.12087787563005627
EDN1,2.4336536316696673,0.12090295279089665
CLK3,0.5961920134910992,0.12092557541553489
EQTN,0.4621186258453332,0.12092920388855323
CEP41,-1.5288114120422704,0.12100102094149659
OTUD6B,-1.8928751241522646,0.12103637914914499
GLA,-1.3246659263234606,0.12103637914914499
SLC29A2,-1.6685040914658664,0.1210832934607835
TUBB2A,-1.2520559113755296,0.1210832934607835
EI24,-1.3561147685784851,0.12109490482526178
SEZ6,-0.818188350991645,0.12109490482526178
TMEM50B,-0.8790477888652206,0.12110122746017514
TUFM,-0.8755270712657577,0.12110122746017514
TSPO,-1.1375192193302492,0.12110122746017514
RALY,-0.8304401379772797,0.12110122746017514
FASN,-1.5351453012454916,0.12110122746017514
CAPNS2,1.58702919442106,0.12115999564088867
CYB561,1.1741876557817363,0.12117513939291938
SF3A3,-1.0363705691326688,0.12121363929035107
MAP4K4,0.9996306220332505,0.12121653192636613
MSR1,-1.440003986120633,0.12130967033355974
HJURP,-2.2549452064890865,0.12130991705711805
QTRTD1,-0.6215789245774888,0.12130991705711805
FARS2,-1.4401283054734029,0.12146969358775464
TMEM165,-1.0624231963491124,0.12146969358775464
PALD1,-2.1837630866573225,0.12146969358775464
URGCP,-1.8652050199202386,0.12147409180576728
PI16,-2.2778281333801793,0.12147409180576728
TCEB1,-0.7446806809647901,0.12147409180576728
HADHB,-0.9468053976347512,0.12147409180576728
NSFL1C,-0.6321252199835614,0.12148596043195144
APBA3,-0.8154808574394146,0.12149304320628915
RANBP1,-0.8706483125462166,0.12149304320628915
ZC3H7B,-1.191864503117488,0.12149304320628915
SF3A2,-0.7914498538493757,0.12149304320628915
ABCF3,-1.5071027930803478,0.12149304320628915
MRPL37,-0.7055402504777177,0.12149304320628915
PBX3,-1.260656480645288,0.12149304320628915
GTPBP10,-1.3130380242403237,0.12149304320628915
SRGAP2,-1.9632694256855765,0.12149304320628915
FERMT3,-1.5831826792987016,0.12151162613612049
PCIF1,-1.7711060253712758,0.12157929497391562
CYHR1,-1.3453596811178115,0.12157929497391562
HID1,-1.9767084071421965,0.12157929497391562
SLC17A5,-1.3228747637824914,0.12157929497391562
AMH,0.5514650203739329,0.12158608847899445
S100A7A,0.4627517646703123,0.12159151620927004
MAPKAP1,-1.233791550746973,0.12161749459827048
TBC1D8,-1.4141153395489419,0.12161749459827048
CEBPE,-1.2584375413720925,0.12161749459827048
SEPSECS,-1.4310566799555957,0.12161749459827048
SHD,0.48515839938671723,0.12161749459827048
ASNS,-0.8903019670786279,0.1216531006915837
MTRF1L,-1.528333905683868,0.12165862977468311
METTL7A,-2.7578961277915246,0.12165927017777911
ZFP259,-0.8591275698521139,0.12167268225512794
FAS,0.6905859409947817,0.12167268225512794
ADCK5,-1.4162838802925954,0.1216799265852957
CFDP1,-0.6748601207648068,0.1216799265852957
RGD1305464,-1.4871023117896909,0.1216799265852957
USP21,-0.9187244302342812,0.12168344159336272
FSCN3,0.9873217454267607,0.12179116507310486
ADAM15,-2.1175654843744427,0.12183596698921978
NXT1,-0.8056640909998851,0.12183596698921978
TMED9,-0.7539837209637934,0.12183596698921978
CXCL17,-1.3951765092862638,0.12183596698921978
MICAL1,-2.1608892848952994,0.12183596698921978
CEP19,-1.3871959088181294,0.12184636027650035
DSTN,-0.9759379942377482,0.12189852683246942
LIPT2,-1.3598955330396687,0.12198098308565641
PEX2,-0.804216750160565,0.12200009963498559
CAPN13,0.49378748460640737,0.12204722833826903
SYCP3,0.7089385222243882,0.12221342048596448
POLR3H,-0.4355703791943544,0.12221438033217367
TONSL,-1.8580748695853841,0.12221438033217367
MFSD8,-0.802721155334586,0.12224300678852179
LIPH,2.7450899393774035,0.12229676538375414
TNFSF15,1.604134227997445,0.12232596351641735
NPR1,-1.8765226590380275,0.12232596351641735
NET1,-1.7040511903033535,0.12232596351641735
CBWD1,-1.0516712109937267,0.12232596351641735
NCOA1,-0.6354717637213763,0.12251511354497059
DNAJC15,-0.9936093098404131,0.12251511354497059
LY6G6C,0.8227266615982493,0.1225198332461721
LOC690784,0.3818572957698309,0.12258279934131824
FOXP4,0.5540815244875934,0.12265025961938837
NUTF2,-0.5785114174520407,0.12265025961938837
FAM136A,-0.9853027208404179,0.12266933991548803
SKP1,-0.5260698041454166,0.12267776977080566
MIIP,-0.40826479761551715,0.12267776977080566
CAPZA2,-1.4217860560363231,0.12271293109526846
RNH1,-0.4794399315415916,0.12272760512297973
HERC3,-1.4620912986350376,0.12272760512297973
PDGFC,0.34444562081927643,0.1227370962355577
GRIP2,0.23270004667340122,0.12275056581334631
PELI3,-0.9648664228602137,0.12275056581334631
OARD1,-0.8166152879378425,0.12275056581334631
ARL13B,-0.9678335510627305,0.12275056581334631
TCTEX1D2,-1.3783855423054552,0.12287336929573547
BAG1,-0.345233961283415,0.12289905540795142
HMGB1,-1.4094775830010309,0.12301494252477292
PLGRKT,-0.7249802436779094,0.12301912128533338
SMYD3,-1.0107660424733762,0.12318555272949343
RNF135,-2.104481916978895,0.12318555272949343
TNFSF13B,-1.154555084394349,0.12318555272949343
SLC50A1,-0.9764145900623298,0.12319344593245546
PLEKHB1,0.6693676188306519,0.12321418699182916
L3MBTL2,-1.1365789229611756,0.12321418699182916
TBCCD1,-1.6946284385341033,0.12321418699182916
PPL,-1.9112670816925887,0.12321418699182916
WBP5,-1.8734892871172932,0.12321418699182916
MTSS1,-1.015281587391485,0.12332923232106369
MIB2,-1.6434817422236827,0.12337737323048795
VAMP5,-1.763974176903138,0.12344409220877284
RTN4IP1,-0.8354613041212209,0.12347399382129866
AURKC,-0.5453699713549569,0.12351919495629654
CASP8,-1.8091040768677993,0.12357209558807658
TRIM25,-1.8643579538662465,0.12359123973636377
PEX11A,-0.548603912216,0.12359930205655749
SNX8,-1.4542967323548988,0.12360178331694027
ZFP523,0.5304988336200509,0.12365829941929203
VWA9,-1.566292864062338,0.12373269556536866
LYZ2,-1.3800911049088196,0.12373269556536866
POLR1C,-0.6653456734612262,0.12373269556536866
DNMT1,-2.473571954869107,0.12377223437768584
ALKBH6,-1.0071122813510223,0.12382251227073829
PVRL2,1.4449207390081737,0.12384583252311956
TNFRSF1B,3.9596499045569136,0.12385333510347332
DHX35,-0.8820621433823654,0.12387338440832273
BYSL,-0.884875779558632,0.12389157314862428
HBA2,0.30242083303993456,0.12389157314862428
SLC16A3,2.451044949024924,0.12392411057230796
GATC,-0.7910667570846628,0.12401159503021587
GJB2,0.3380638029302969,0.12401159503021587
CHCHD2,0.47063489404056735,0.12402805610767743
BOLA3,0.9545850946996159,0.12411910201623565
ELOVL6,-1.467282097322249,0.12421498958724052
PSPC1,-1.1554491941669154,0.12421498958724052
LY6G5B,0.22988688953956413,0.12421498958724052
ZFP133,-1.962359289699007,0.12421498958724052
CBX2,-0.36088959296975665,0.12421498958724052
GTPBP1,-1.0678978578802099,0.12421498958724052
CDC40,-1.381475989511982,0.12424555288084953
USP54,-0.5636135745208434,0.12429835601226422
DCTN5,-0.5320108343346792,0.12431207921023839
THUMPD2,-1.5171570032417618,0.12447622162411902
SMIM3,0.9772662031226673,0.12449890265839653
PGM1,-1.2959572414188867,0.12451544870998703
GPX4,-0.6927764235368805,0.12457556423375106
BASP1,0.8592842271725232,0.12457556423375106
DDX23,-1.8014438479513784,0.12459893163037056
KDM1A,0.7103140579039131,0.12459893163037056
ABCB7,-2.02597629318548,0.12459893163037056
BHLHA15,0.22910304651713223,0.12459893163037056
SURF6,-0.8955173068633222,0.12475774428054429
CPB2,0.39058955121817457,0.12477047022583214
EARS2,-0.5546149716058537,0.12477047022583214
HNRNPH3,-0.9510458558715553,0.12479029335160148
TMEM178A,-0.37434407516828305,0.12489498604108203
FBLL1,0.300927308889189,0.12504714370012956
RGD1562114,0.6722768585141221,0.1251071081116876
DAPK2,-1.2766167216586406,0.12516230030600317
RTN1,-0.39474734249355603,0.12516230030600317
GALK2,-1.0579020763296763,0.12516514831055361
COMMD6,0.5825174015954815,0.12520712164342365
OAF,-0.8669312491437102,0.1252212943763988
NOC2L,-1.267320831646463,0.1252212943763988
FAM101A,0.45161035250228404,0.12522134823791328
SELPLG,-0.6891818892496824,0.12524026612666905
FAM57B,0.3388636460583082,0.12525662142188607
TAC4,1.0468178844916884,0.1252679979598192
MYBPH,0.22796528599698102,0.12536752599313938
RNF216,-1.3528646571868475,0.1253871506583546
PRKAG2,-0.9997317684300386,0.12558287098000975
ZFP707,-0.8328990572146842,0.12558287098000975
RNF41,-0.8871649017461327,0.12565032548584085
GIGYF1,-0.4674910181778985,0.1257505118832444
CERS2,-0.874074604817773,0.1257505118832444
CLPX,-2.231748000897142,0.1257505118832444
TOMM20,-0.3737875427877846,0.12577364541781944
CFLAR,2.5006685208978716,0.12577364541781944
KLRB1B,1.5172060527521944,0.12577364541781944
NICN1,-0.7623506423163835,0.1259371789277763
LAYN,-1.9722300114552982,0.12596565597913095
EBP,-0.7794912018777249,0.12596565597913095
KCNA7,0.2754000508244512,0.12597715641993118
ZFP157,-0.701467839424056,0.12599097888759922
PRMT3,-1.3672332317226918,0.12601457911135308
PTPN22,0.7617775121589563,0.12601457911135308
TIMD2,2.6110759090133193,0.12601457911135308
EMILIN1,-0.5077029023352206,0.1260990568968681
PRIM2,-1.5388982366893982,0.12610291262297793
GSK3A,0.8107378840882548,0.1261047912656246
IRGQ,-0.9480766043825786,0.1261047912656246
COPS8,-1.164253201125156,0.1261047912656246
MAPK1,-1.2467142335708825,0.1262314432449521
ADAMTS10,-1.2919364365854735,0.1262314432449521
TMEM184B,-1.901428365642905,0.1262314432449521
BRMS1L,-1.7968670524570793,0.12624838210315417
RNASET2,-0.7372366888343587,0.12632903143928562
CD6,-1.29367497052972,0.12632903143928562
MT1A,3.4799515642409915,0.12632903143928562
ENO1,0.6672770726588659,0.1264183183025767
IRF8,-1.8804633987167603,0.12642903907259542
LOC102549726,1.0963385975150706,0.12642903907259542
ARHGAP22,-1.2798940304864468,0.12642903907259542
RHOJ,1.697828381231833,0.12646919291377778
HRH1,0.939941621202369,0.12653289964117762
CEP78,-0.8818401430209069,0.1265943743109973
SPATA6,-1.994261531352492,0.1265943743109973
OVOL2,0.3326712751172522,0.12660208266783882
FAH,-1.1691917022880298,0.12660581269632068
DNMT3A,-0.7243312246959142,0.12660581269632068
SF3A1,-1.270963394976493,0.12660581269632068
ABHD16A,-0.8472460727958162,0.1266071927424057
BST2,-1.4438620146185728,0.1266071927424057
TMED3,-0.5108315585176797,0.1266071927424057
ATAD2,-2.0440320230266167,0.1266071927424057
KLHL22,-1.8360426619203047,0.12670549805750336
CD83,1.5829134057755985,0.12677389962562952
SOCS6,-1.41421183752794,0.1268511199105063
CD79B,0.8193594860131658,0.12692482576554104
GSTT2,-0.5300963253162778,0.12694287053899664
P2RX1,-2.056096602970164,0.12694287053899664
RDH13,-1.4083258997696242,0.126972470413646
GCH1,0.7936689088281978,0.1271309659109294
GPR35,0.3644895099648413,0.1272173614603904
CCDC115,-0.9191439960262215,0.12739918498083722
ARL4C,-1.4719137583243027,0.12750273478274954
GPR160,-1.7201286683953905,0.1276295334564897
HSF1,-0.6552536665848323,0.1276295334564897
SH3GL1,-0.9070305125284612,0.1277296872472201
DTD1,-1.2796210596101556,0.12818810163455807
MSH2,-2.788897443807768,0.12818810163455807
TTYH3,-0.8838999756960515,0.12818810163455807
CCDC153,0.5802928178345106,0.12818810163455807
TMEM132A,-2.18891194154782,0.12818810163455807
GEN1,-1.5509933557885502,0.12818810163455807
SGTA,-0.8164400545860833,0.12818810163455807
DIEXF,-1.0327945422342553,0.12818810163455807
ZFP112,-0.6722953752555004,0.12818810163455807
NDUFA10L1,-1.2170435554299663,0.12818810163455807
TMEM120A,-0.3545908655301311,0.12830613020933493
ARHGEF18,-0.6002736534994508,0.12838949758954388
ANKS6,-0.29919217722607105,0.1285097220638058
LEO1,-1.4583280979851732,0.12857563674534986
ZFP516,-1.2331421580570185,0.12859331592616138
DDX41,-1.0983354102963094,0.12859331592616138
GBA,-0.631452499386465,0.12859331592616138
ANXA11,-1.5386000148259598,0.12859331592616138
SPAG5,-2.744176927700888,0.12859331592616138
ASCC1,-1.0493649158932548,0.12859680412959204
MPZL2,0.8602929740604209,0.12870078691317519
GNAS,-1.4683160771179988,0.12871395412727474
AURKAIP1,-0.7261849631325941,0.12875952457087012
RPUSD2,-1.2022045407504174,0.12877174464661956
ARL4A,1.5479837525790168,0.12888478069357273
PRNP,-1.1735404229337059,0.1289113369677555
KIF1C,0.5841779179964357,0.1289113369677555
ASAH1,-1.854404906711279,0.1289113369677555
PDP2,-1.0646387590092057,0.12894852636375034
CD7,0.38448752370904915,0.12897947751265473
CYB5B,1.0668619609634016,0.12904439632232395
FGR,-0.9796655779577259,0.1291828323451452
CHRNA1,0.31438446379511464,0.12935924316393035
RNF186,0.44224711966365265,0.12953673986908598
CCR1L1,0.6631190181231073,0.12953673986908598
MGC94207,-0.689830995835381,0.1295708129668867
HMG20A,-1.0548795732860716,0.1295708129668867
TDRD7,-0.7329516769210818,0.1295708129668867
CREM,1.0046454668553118,0.1295708129668867
CHMP1A,-1.0840037078413092,0.1295708129668867
PHACTR2,-0.6692539486845799,0.1296404300143754
PCBP3,-1.350265077425235,0.12968797194454373
RGD1563441,0.28902703812329367,0.1297902909551607
DPH6,-0.3383973698084315,0.1297902909551607
BAG2,-1.0099888155403978,0.1297902909551607
FOSL2,0.8771721293653636,0.1297902909551607
DNASE1L1,0.5289094437902762,0.1299415741085269
BLOC1S5,-0.9896228018278577,0.12994566087056034
ZFP955A,-1.2198128756002924,0.12994566087056034
GBE1,-2.000077938439209,0.12994566087056034
GPR19,-1.088974982029899,0.1299501981205042
FEM1A,-1.0312864836891342,0.1299501981205042
SLC27A1,-1.9256249316169378,0.13016132436473712
BUB1B,-2.807314433850018,0.13016132436473712
APTX,-0.9489159025959517,0.13016132436473712
ANXA4,-0.46891194618307086,0.13016132436473712
LPIN1,-1.121205624348861,0.13016132436473712
ERCC6L,-2.04138588676329,0.13016132436473712
ARNT,-1.568978869121432,0.13016132436473712
NXN,-1.04005044060873,0.13016132436473712
BTRC,-1.945331430961683,0.13016132436473712
TCF12,-1.9878639252109336,0.13034614551179113
ZFP131,-0.9355693515258645,0.13034614551179113
ZFP868,-1.4621128851716467,0.13034614551179113
RAE1,-0.6817843035731297,0.1303794845501866
VAT1,-0.9670255250339332,0.13038586803294605
SMCO4,-0.8624271011317419,0.13038586803294605
ACADS,-1.382027963877644,0.13050578039426355
MS4A6BL,-0.9675902169431575,0.13050578039426355
HMG20B,0.5854371798652789,0.13059178046983685
RNGTT,-1.3887347640351169,0.13059178046983685
SCAP,-1.4284136320104166,0.13076812853552736
SPPL2B,-1.235032398883307,0.13078712130684347
ZG16,0.325130782836112,0.13087829023522582
STIM2,-1.106887828506085,0.13088407706620356
METTL3,-1.1268103895996386,0.1309293395870744
SELO,-0.9501888248546728,0.1309293395870744
TJAP1,-0.9991892680492458,0.13096028217880767
NSMCE2,-0.5657501186407403,0.131038405142058
BRCA2,-0.4759273867675095,0.13108951634229557
STON2,-1.740083646050374,0.13113871202634694
CAP1,-1.2556041954215669,0.13113871202634694
VPS52,-1.629065338202281,0.13113871202634694
PGAM5,-1.3177344749901327,0.13113871202634694
ARL5B,-1.543359833211524,0.13113871202634694
PPP2R1A,-0.6328788986802172,0.13113871202634694
RPE,-1.1515287696568706,0.13125791566627854
ABTB2,2.7408581867457773,0.13128949920087965
EGLN2,1.0149343182326955,0.1313084514464311
ATP6V1E2,0.37834958840393357,0.1313285932276716
NKIRAS2,-0.8515317359868222,0.1313592453514356
ANGPT4,-0.8997269968298587,0.13139353941087825
PGD,-0.9222788708122831,0.1314322017528963
RGD1307621,0.6907581033278216,0.1314484189253632
SLC41A3,-0.8742779031878255,0.1314911099269178
PALB2,-1.4652919697851337,0.1314911099269178
SRSF6,-0.8332290488724992,0.1314911099269178
RT1-N3,-1.3185157781689014,0.13156827568877966
DUS2,-0.7836702667183832,0.13161597716067353
ABCB9,-0.3249995094058085,0.13162013207121945
LIME1,-0.7895405555499784,0.13173583840801587
SFRP4,0.4479666272932197,0.13179617032779162
ENG,-1.4477021999499842,0.131901019219734
TMEM150C,-0.47774265270623417,0.131901019219734
VCAN,0.22164821097747686,0.1319317827457567
DNAJC16,-0.7729009427070679,0.13198171146958276
SPICE1,-0.9371053113321297,0.1320579471760617
AKIP1,-0.9035075259524941,0.13209685268544127
CDK18,-0.9516586153473037,0.1321108679924018
ERH,-0.99787069597736,0.1321448869459656
RGD1563348,-1.8218837951402849,0.1321448869459656
FAM209A,0.3214871399015124,0.13228103654018464
HMGN3,1.5379114762500372,0.13230572461863682
STAT2,-1.8821824225414465,0.1323500535855802
MUL1,-1.1557104011899186,0.1323500535855802
CD82,0.8715753890885312,0.13238472019085396
CNPY2,-1.3126754895621415,0.13241150066594712
VAV3,-1.788180412550163,0.13249102044167466
CRY1,-1.306126249074517,0.13249102044167466
UBQLN4,-1.1310455850501957,0.13249102044167466
TUBA1C,-0.8043160168426722,0.13249102044167466
KCTD6,-0.6205560509254644,0.1325873509801761
ATOH8,0.47069306199080263,0.13262475682031255
IL1RAP,0.9441356023108831,0.1326502835483935
PA2G4,-1.1085574618607978,0.1326502835483935
AK1,-1.2531503051377377,0.13267501776450064
RNF215,-0.8797847325865522,0.13280475861669863
ADAP2,-1.2913774044321864,0.13280475861669863
INPP5B,-1.8022450867906987,0.13280475861669863
TRA2B,-0.7387852034640039,0.13280475861669863
ZFP455,-1.0360974952135527,0.13280475861669863
OAS1D,0.37175734149355727,0.13280647880772123
UBE2G2,-1.2826885681654918,0.13281401010721205
CRYBA4,0.8627080122177517,0.13292839562312309
OLR152,0.43281513055806103,0.13293837008298756
CCT2,-1.1153644064805084,0.13297679642871932
PSAP,-1.6615550815348783,0.13297679642871932
PAPSS1,-1.4831535683649535,0.13297679642871932
IRF5,-0.8855775633878205,0.13318338911679387
HSPE1,-1.5769684682438312,0.13320059221173808
ZFP512B,-1.0773209085391706,0.1332321139533795
SLC30A6,-0.4220606310378687,0.1332321139533795
IRF2,-1.0751352288253284,0.13323941351184165
GPN1,-1.1301698438237335,0.13323941351184165
USF2,-1.4877978968418235,0.13329938345515338
BIVM,-1.4740607774895216,0.13335157716349524
GMPR2,-1.1537557399967564,0.13335602341462724
BPHL,-1.4319277715672838,0.13335602341462724
TMEM243,-1.6536772454844328,0.13347032407265474
PCYOX1,-3.7783660722333865,0.13353868019395246
C1QBP,-0.7704868649131669,0.13356356587471122
DYM,-1.2757318380732467,0.13357439575299387
TSEN15,-0.9324114161817434,0.13374279764948324
NCAPD3,-1.7585039749621167,0.13374279764948324
ARPC3,0.641870566209942,0.13374279764948324
CUL4A,-2.826911788858149,0.1337685294735299
DUS1L,-1.0979985112430364,0.1337685294735299
SRSF1,-1.6685334402217182,0.13378225070457755
FBXO48,0.8929511773874312,0.13381758305862226
RNF130,-1.6239661735922817,0.13385071471629592
CDC42EP2,1.5740040271180318,0.1338548784587738
PGAM2,0.5279847181567912,0.1339512636655147
MYL6,0.9262913095131058,0.13399283455441674
BIN2,-1.2579996107336404,0.13400440148762535
MYLIP,-1.7843738633102926,0.13400440148762535
FKBPL,-0.7684644409756962,0.13400440148762535
CSNK2A1,-1.1016168409619493,0.13400440148762535
GGA2,-1.848489623679185,0.13413192137602611
CMPK2,-1.8568468178351218,0.1342034913062588
HDGFRP2,-1.208196146528223,0.1342034913062588
SLC7A6OS,-0.5865472587434093,0.1342034913062588
LOC499339,-0.9817882957400226,0.1342034913062588
COPS7B,-0.8910797834619557,0.1342045840163827
CD59,-2.1004351262954493,0.1342045840163827
HCLS1,-0.8766981048047544,0.1342045840163827
NCKAP5L,0.7916337478647841,0.13423494458662685
GALE,0.5088625934104476,0.13427352390668368
PTPN21,-0.5863703213916466,0.13428585922863343
PSTPIP1,-1.1129852481811753,0.13432757563335063
KTI12,-0.755878314121746,0.13432757563335063
RGD1307155,-1.5477207821453405,0.13436717669135512
PPOX,-1.534662438539622,0.1343916579070808
KNOP1,-0.9944269832550197,0.13449132372983533
PIGW,-1.1493007630672891,0.13449662222985792
GANAB,-1.0003306480199927,0.13451280881522498
OAS1H,0.41554554310959535,0.13460535208064636
NXPH3,-0.47075181090782603,0.13472767296747046
SERTM1,-1.1493361606477936,0.13472767296747046
DHDDS,-0.746258291539585,0.13472767296747046
RTF1,0.5253218269751332,0.13472767296747046
MAP4K1,-1.4219892508574072,0.13472767296747046
MGAT2,-1.4256800345014558,0.13475468997559045
MX1,-2.919852694360319,0.134848510887723
PSMA5,-0.2708056241137058,0.13489007128860364
FAM172A,-1.577858438361365,0.13489497122159538
MTFR1L,-1.0518184857472241,0.13489497122159538
PSRC1,-0.6204465116861576,0.13489497122159538
CRYGS,0.3958119287247585,0.1349207977297095
TNFAIP6,0.4018718056739235,0.1349207977297095
SDCBP2,1.3862538242538827,0.1349207977297095
SPG11,-1.236523333354612,0.13497309111904202
EIF2A,-0.8677677456763493,0.13498005297394383
AKAP9,0.5113848541076875,0.13504505566407413
ZFP612,-0.5257160983007784,0.13521882407999278
RIPK2,1.419503543378898,0.13530223750351178
AGFG1,0.576459875887068,0.13530223750351178
ASB6,-1.7692672113172794,0.13530223750351178
ABHD10,-0.5715057966827459,0.13530223750351178
GADD45GIP1,-1.0287254338746443,0.13530223750351178
CFH,-2.3331270752284805,0.13530223750351178
SUCLA2,-1.085952068795617,0.13530223750351178
TNFSF9,-0.7593201839282102,0.13530223750351178
YPEL4,0.41331416374665797,0.13530612144272638
GDPD1,-1.4312235695277395,0.13533100863330497
RGD735065,-0.4010817077234101,0.13536532223701106
ERCC2,-2.0125670821280686,0.13536532223701106
MED24,-0.8084561866984687,0.13536532223701106
SERBP1,-0.5547474139403681,0.13538541721637568
CALHM2,-1.1186619865276626,0.1353949461670041
GNRH1,1.008317183567974,0.13541517448727833
FBXO21,-1.256694770807293,0.1354439026778943
HS6ST1,-2.3492261705025217,0.13553797541582377
TUBGCP6,-1.3737950859580157,0.13558749970929157
ABCF1,-0.5394900842092785,0.13558749970929157
PPDPF,-1.062736772246064,0.13558749970929157
PIP5K1C,-1.5440746551403652,0.13558749970929157
MYBBP1A,-2.5001654697166624,0.13566515165043377
NFATC4,0.5600566754741865,0.13576359447320163
PPM1D,-0.8893067793535887,0.13584592984727406
SPAST,-1.0734053318637575,0.13596483181924232
HP1BP3,-0.8991371682994656,0.13596483181924232
XYLT2,-2.3205759743639307,0.13596483181924232
RNF115,-1.4883627274273854,0.13596483181924232
FAM219B,-0.717269886053117,0.136015050612688
ANAPC4,-1.754525008673022,0.13609922453933337
THUMPD1,-1.4764443312572482,0.13610424540472132
RFT1,-1.2474885831906553,0.13612892880626765
DFFB,-1.17101048580319,0.13612892880626765
PPP1R1A,0.4598144453933932,0.13612892880626765
ASF1A,-0.8056646316124403,0.13617483428946695
HINT1,-0.9839530189557175,0.13626488374690623
FN3KRP,-1.871872810456748,0.13627312929048677
FAM32A,0.4638339982846924,0.13641389307900104
LSM14A,-0.8218227288608566,0.13650394929801357
HEATR5B,-1.1792476824999696,0.13656364011087238
ZFP426,-1.5863109635037653,0.1365958774740682
PROCA1,0.5216207535713251,0.13659949537367438
MGC112715,-1.1940906342022441,0.13677499614708605
DAB2,-1.7454732975955922,0.1368207197916816
TMEM138,-1.1208936913745757,0.13686136618084024
TPK1,-1.3797782475948361,0.1368989412260461
GPT,0.5284662057854559,0.13694067478189592
PPFIA1,-0.5757619583448851,0.13700862188338853
DNPEP,-0.4266100734290914,0.1370734461884547
RASA1,1.0853047719932447,0.13708946675611264
CLK4,-1.0419828798266755,0.13708946675611264
CMTR1,-1.7546907059370387,0.13708946675611264
PDE4DIP,-0.9222221853765407,0.13708946675611264
ANKRD50,0.7232980159539069,0.13711109890152032
MAN2B1,-1.9747468010408218,0.13725668797723156
SETD2,0.46966185459826315,0.13729134785054445
LPGAT1,-1.1491320528183908,0.13730496865751107
TFAP2C,0.2794522775000395,0.13730778166981447
TAGLN,0.3595447841048485,0.13734008676655554
PIK3R2,-1.3925350604958906,0.13735454004554365
PI4K2A,-0.6851853314243987,0.13743899127597464
GUCA2B,0.35924227490592786,0.13744465339186757
PELI1,1.138843423058102,0.1374533394782589
OLR877,0.7247711372888025,0.1374533394782589
MARK2,-0.7049345037450996,0.13751951619274322
B3GALNT2,-1.9347610280057261,0.13751951619274322
LRIG2,-1.1673272677322446,0.13751951619274322
MAS1,0.3101923531495804,0.13765085674156385
NCLN,-1.4582832078063617,0.1378003739205568
LGALS8,-1.9078553729928553,0.1378003739205568
CLPTM1,-1.6770118941686487,0.1378003739205568
VARS2,-0.9969376773550425,0.1378003739205568
FGFR1,-2.4405840286880003,0.1378003739205568
BCAR3,-2.2766533593012532,0.1378003739205568
GTF3C6,-1.01018682495011,0.13784160922224767
GMCL1,-1.3143389759693394,0.13784160922224767
DYNC1I2,-0.6467414185841882,0.13784160922224767
H2AFX,-1.3179376964557852,0.13784160922224767
SGMS2,2.4242259150511742,0.1379245767326448
TOMM40L,-1.842299074638647,0.13797194713116623
CCL2,2.0982911647742313,0.13797194713116623
TBP,-0.7615496741157037,0.13797194713116623
MRPS18C,-1.3848584072114511,0.13800183313967174
PDHB,-0.5082796123698827,0.13800183313967174
GINS4,-1.6525929972318885,0.13800183313967174
IMPDH1,0.7813224141295625,0.13800183313967174
WDR53,-0.8928372565771008,0.13811020920664557
TRMT1,-1.271193419411107,0.13814386210665439
FAM118A,-1.2072930539946716,0.13816034593620719
STX17,-1.8687230495334084,0.13824408350073097
POLR1B,-2.1956759981694907,0.13824408350073097
FAF1,-1.5105428824533842,0.13824408350073097
ZFP292,0.5949631144266398,0.13828022962041683
NDUFB5,-0.9017113169038673,0.13832698296581494
TEK,-2.26356667321485,0.13834216982158498
OCLN,-2.3943186582729052,0.13838772049931536
MFSD10,-1.3744604393655253,0.13838949767426742
ARL8B,0.3284125809125982,0.13838949767426742
DDX56,-1.0293296245127905,0.13840429905486584
CKS2,0.9850388814958242,0.13840429905486584
MYC,-1.0060571329567969,0.13847238286875266
ARHGAP25,-1.6151879211311306,0.1385517459345699
RAD23B,-1.053859838700839,0.13860995219280436
PARP9,-1.7280358788714647,0.1386185999321711
TRIM24,-0.9442257812802227,0.13864155789021868
DDX27,-1.1092876532291909,0.13868159302307093
ZHX1,-0.9473366724941656,0.13868159302307093
SYN3,0.3146941801959703,0.13868159302307093
SLC7A6,0.9192331048718101,0.13869799065653313
KXD1,-0.5570099308843144,0.13886229669883227
CXXC1,-1.0655463166050736,0.13886229669883227
MKKS,-0.4875854107198716,0.13889926354284748
RPL4,-0.32857141689334846,0.13894640571900543
ARL8A,-1.0362737925849235,0.1390351241313579
SRSF2,-0.9144498844045099,0.13910116436571446
SRP68,-0.4174513712595176,0.13910116436571446
ATG9B,-1.216955855930887,0.13921587590040257
UBE2B,0.6311167374736302,0.13932180217876192
ZC3H12C,1.777381319277833,0.13937510076683307
RPL7A,-1.033249274649779,0.1394818605468345
COQ3,-0.5289554882582341,0.1394818605468345
ST3GAL3,0.7410613389914722,0.1395443139475659
TRIM69,-1.111056455931872,0.1396004443097865
SQSTM1,1.7317359129552354,0.13962271348078478
SNX19,-1.3016800412302016,0.13967237530185872
SLC11A1,1.0826014738748695,0.13969926808792146
NT5DC1,-1.4638109875879055,0.1398054793434388
RGD1560065,-0.407717000823991,0.13986941453228519
CES1A,0.2134070104049101,0.13986941453228519
CAV3,0.30544761338746346,0.13990775126396068
RPL35A,-0.84435028258366,0.13990775126396068
ABRACL,-1.2676841085625083,0.13990775126396068
TRMT61A,-0.9432839517072518,0.14000484929535498
SEP15,0.6509545453741454,0.14001904123919656
NARS,-0.9845137973691509,0.1400705301505081
CCPG1,-1.5597408866579625,0.14011260005045917
CCL12,2.64272397616247,0.14011260005045917
FGF9,0.784867383805636,0.14014804182721394
CNTF,1.3126305655844712,0.1401960336093928
PFAS,-2.0474024145468688,0.14021992209108408
SEPT9,-0.642494112035144,0.14021992209108408
CARKD,0.3043809915602078,0.140228210523363
PAQR4,-0.6068509522864072,0.1402400088782479
SLC39A13,-0.4729394267808211,0.1402400088782479
BRINP2,-0.6442128012729424,0.1402400088782479
THEMIS2,-0.9816179623102439,0.1402400088782479
RECQL4,-1.8717225375868063,0.1402400088782479
DAXX,-1.6360591893198575,0.14028143062311574
UBE2Z,0.6095324903750639,0.14033936137289735
CALR,-0.5262017756186026,0.14037554375152703
PHF1,0.5810630665130874,0.14054575369697053
RGD1309779,-1.0321286676980979,0.14054575369697053
PLA2G16,-2.366255219110918,0.14056629326762785
PRR7,0.6401958423080756,0.14057372051103834
MSRB1,-0.7621023405801681,0.1406798593937757
OGDH,-1.855142591504169,0.14068813664059115
COIL,-0.9846087508511792,0.14068813664059115
ACP2,-0.9821235085178128,0.1407898031056857
CTC1,-1.5429944001541718,0.14082042911761758
MAN2B2,-1.3731598256045219,0.1408349370375987
PDIK1L,-1.6282527682695158,0.1408741732713606
CAMTA1,1.1348242337543808,0.1408741732713606
SULT1A1,0.27305272069656533,0.14102563401610907
RHPN2,0.3059355107709326,0.1410645213714517
TCTEX1D1,0.34559394465453513,0.14120513968563034
FOSL1,1.3543588507402395,0.14124279809165163
CORO1B,0.8665246320968256,0.14129190751815157
IKBKE,0.6675021933883557,0.14129190751815157
IRF2BPL,-2.1596837664353385,0.1413051791890697
TFAP4,-1.014470188084727,0.14133192694160693
JRK,-1.8546376677873617,0.14133192694160693
UBTD1,-0.7116403713987216,0.14133192694160693
ZFP161,-0.9065327712765368,0.14133192694160693
PRMT6,-0.6779946441255554,0.14133192694160693
ERLEC1,-0.7013327876046049,0.14133192694160693
IL7R,1.482005400326984,0.14133192694160693
PHLDB3,-1.641421886411154,0.14133192694160693
PTGS1,-1.4705826904017352,0.14136460307354448
DGKG,-0.8594083154041527,0.14136460307354448
CALM1,0.8749150514456829,0.14145594300408354
KARS,-0.8860942699920136,0.14145594300408354
WDR13,-1.9018822287433763,0.14145594300408354
COG8,-0.9110080971889065,0.14145594300408354
CDCA5,-1.9346950769872941,0.14147084964377174
LOC500684,-0.491086908745114,0.14147084964377174
RRAS,1.6995164999963843,0.14147542974577468
CRACR2B,-1.0116053650965866,0.14150479561009108
SIRPA,-1.6345152766744633,0.14150479561009108
SVBP,-1.1742964761533958,0.14150479561009108
COL15A1,-0.8530951302221655,0.14150479561009108
VGLL4,-1.041565166374483,0.14150479561009108
PDK2,-1.2765682436941224,0.1415097981454211
SMAD5,-1.7753239566691243,0.1415097981454211
PLEKHG1,-0.4466222741933744,0.1415097981454211
CSTF3,-2.265124083525774,0.1415097981454211
FAM3A,-0.9926094910726482,0.1415097981454211
ORC3,-1.5228571690272115,0.14152181036507788
IDUA,-2.1363714656703188,0.14152610541817157
RGD1308139,-0.9532848428616734,0.14156234767332468
ACAD9,-2.1279665279171245,0.14159868982308563
CCNL1,0.980862227332624,0.14161773684688858
HDAC1,-0.6701667920222665,0.14161773684688858
USP46,-1.4128270405404462,0.1417298118639104
POMK,-1.5985588052350344,0.14182570997007923
OXA1L,-0.546298475124356,0.14182570997007923
COMP,0.768312831820025,0.14184855545943037
BAX,0.6646378691867172,0.14194698564042238
RASSF3,-1.3240823181966057,0.14200394386881532
ZCCHC24,-0.8189634630975728,0.14200394386881532
KLF2,-1.0676989070076925,0.14200394386881532
EIF3E,-0.7986637418869122,0.14201193206712084
MCOLN2,1.328782114183344,0.1420851673237075
HES1,1.7243223073125424,0.1420851673237075
LMBR1,-1.738538181865494,0.14214312407937216
ZBTB6,-1.048568693116163,0.14214312407937216
VPS36,-0.5747656606015781,0.1421533853511481
SPON2,0.6140341192634876,0.1422126167755342
RGD1560958,0.20877693402726258,0.1422152959290627
ACO2,-1.4026684186309053,0.14224845681620768
SPG20,-1.031465422971113,0.14224845681620768
ZFP949,-0.5307327371500145,0.14224845681620768
AP2A1,-2.032326803298485,0.14224845681620768
PRKAB1,-1.0090323455876438,0.14224845681620768
TUBB6,-1.204755837217923,0.14224845681620768
PTPN4,-0.7434390134448781,0.14224845681620768
UBR7,-1.4473275035064428,0.14232933057782918
TMEM65,-2.5263900819518854,0.14232933057782918
PDLIM1,-1.5218475521240324,0.14232933057782918
XRN2,-1.0761546876569237,0.14232933057782918
H2AFV,-1.8102840061898893,0.14241965809380613
KNTC1,-1.5653512681116903,0.14249490103175977
RGD1564664,2.070878959434711,0.14249908975781872
GEMIN4,-2.204692659029125,0.14252726117963835
MMP19,-1.1197362880955526,0.14261836989878807
MCOLN1,-0.5567517288648625,0.1426913745134396
SLCO2B1,-2.7276214903507556,0.14269922452798806
PPP5C,-1.69905191818538,0.1427003067669139
POMGNT1,-1.7481682176924735,0.1427080378980416
WDTC1,-1.2047041435797716,0.1427080378980416
MICU2,-0.6643173320145479,0.1427080378980416
HSPBP1,-0.5144452129741541,0.1427080378980416
SYNE4,0.7942738878558593,0.1427080378980416
FAM189B,-1.4753611082938392,0.1427080378980416
MRPL19,-0.906239828411437,0.14278661245219465
SLC48A1,-1.0644485661511913,0.14285153368663392
SERINC3,-1.0927228403437654,0.14285153368663392
FAM117A,-1.4728435198048473,0.14295842502544023
CHPF2,-1.6047646534644886,0.1429897311624564
SLC25A20,-0.9992762002033584,0.14318622916225376
IFFO2,-1.1674978968513765,0.1432848666103024
TPM4,-0.5130988699784877,0.1432848666103024
FOXP1,1.6533351603815425,0.1432848666103024
STK4,-0.5407555400455237,0.1432848666103024
NDUFAF4,-1.0990267516502654,0.1433199014874252
GIT2,-0.6976846339230631,0.14332943673163206
PYROXD1,-0.8450431420239246,0.14335894975121521
LDB1,-0.7866587353509509,0.1434624109579932
NUAK2,-1.1259236403425021,0.14351269634909494
REP15,0.49929890741458005,0.14353606849462908
CTPS1,-2.1832123361822067,0.14353667940324702
MAST2,-1.003198118144863,0.14355400191013792
CD38,-0.6790436514127679,0.14357174661270353
SLC39A7,-0.8476705250536716,0.14368109754585145
ZFYVE19,-0.8351717736912745,0.1436865082304646
PRKD3,-1.6259740168307728,0.14371859598845874
ZFP692,-1.4771401565334805,0.14372320582538736
SDAD1,-1.206021598466421,0.14399801848455596
MAP3K10,0.2948034451196305,0.14399801848455596
RGD1304624,-0.9270411479655883,0.14399801848455596
CAMKK1,-1.0490346640963615,0.14399801848455596
CLN5,-0.7027578680466817,0.14401670702100253
FGD4,-1.630209445855127,0.14404579691089045
CXCL16,-1.0981166960148823,0.1441018074043423
SERTAD2,-1.0114384298828694,0.14428955565837742
CCNF,-2.3674305743941386,0.14430939893894354
POMT1,-1.3034679981279211,0.1443409370361494
TMEM150B,-1.11447729757452,0.14448624568421498
FAM127B,-1.3532238768076548,0.14451987218062884
SYT3,-2.065672208548337,0.1445451321088262
RTCB,-0.576195652983527,0.14454779183024088
CTNNBL1,-1.2717073089593685,0.14454779183024088
CCDC25,0.6420483172001479,0.14454779183024088
LPIN3,-0.3354035797861108,0.14455634405045156
PYGO2,-0.7450132279730366,0.14462444983437722
TMEM209,-0.7744490482864457,0.14468080788125687
HECA,1.216277144621471,0.14473224935028084
TMEM87B,-1.156893610453031,0.1447656177715936
MBTPS2,-1.4967512423132818,0.14481701960887888
ICK,-1.4990270618320487,0.14481701960887888
PPP1R13B,-1.805230250582788,0.14482462099014948
TGFB1I1,-1.8746841728329233,0.14483932472203775
MFAP3,-1.580779625324193,0.14483932472203775
FAM109B,-1.2062859837762296,0.14487115116397536
DTX4,-0.9977599436136637,0.1450161911547564
ARHGEF11,-0.7774022427071954,0.1450161911547564
RNF14,-1.314246421441318,0.1450161911547564
TYMP,-0.8104197650305132,0.14502512703751128
EXO5,-1.0350772577948115,0.1450695592681462
DOK2,-1.8688904254004344,0.1452501197814179
DNAJC30,-1.017649728589997,0.14532176121119206
NPPB,0.26590491585527065,0.14536991038253277
FCNA,-0.9120999174855551,0.14542414571199277
KPNB1,-1.9232167806215785,0.14546859007488822
GRM5,0.20686198697375732,0.14546859007488822
ALG10,-1.3148534392353317,0.14546859007488822
DHX15,-1.3200141003493924,0.14546859007488822
UBL7,-0.41874668288798667,0.14546859007488822
TM9SF2,-1.1255590013244676,0.14546859007488822
MKLN1,-1.544550782526707,0.14546859007488822
SNF8,-0.6946458971296376,0.14547159932293424
TOR1AIP2,-0.9162821578980509,0.14547401814992275
TRPM2,-1.8716151107309487,0.14552633451759572
CCDC61,-1.2360672458941493,0.14552633451759572
RBMX2,-0.986756124661162,0.14567811410895665
ATP6V0D2,1.0857717370076219,0.14575925496580444
HNRNPK,-1.0177724727586117,0.14580534433837436
SUMO3,-0.5717368163485901,0.14580534433837436
CRIP2,1.6781091470975769,0.1459190211875214
SRGN,1.4337196632736813,0.1459190211875214
TXNDC11,-1.0180227250281422,0.1459190211875214
GMPS,-1.5933266120426328,0.1459190211875214
YWHAZ,0.2934390845348869,0.14600690396836818
ZFP347,1.43002559047,0.14602582278194248
PSKH1,-0.9307507823154237,0.14602582278194248
EXOC4,-3.238645690604953,0.14611531502199704
ZFP593,-0.7975303705864756,0.1461529915348699
ANXA7,-0.5710104960911728,0.14615516108632837
G2E3,-1.5167770779132,0.14618105447247545
RND2,0.5044803586618927,0.14619738740212057
TMEM98,-0.8531757108686773,0.14619738740212057
NT5M,-0.44573630921377416,0.14625689704922548
ADAMTS3,0.29644448546466257,0.146270949890101
BET1,-0.6993927260728396,0.14642561459691114
PTCH1,-0.6265080066094093,0.14642738851998163
CPNE1,-2.3225323454582893,0.14642802064515067
ATN1,0.7825000272810296,0.14647372231508246
GEMIN6,-0.9633702643612843,0.14647372231508246
ABHD11,-0.735864401826452,0.1465168724549689
CYCS,-0.5516600013655477,0.1466661197777369
RBMS1,-0.5171233448437071,0.14673493323325412
SQLE,-0.9258182773616315,0.14673493323325412
ST3GAL4,1.30912269395245,0.1468343087388858
ISYNA1,0.778715266550547,0.14688106498598896
HIST1H2BO,1.404104152892837,0.14690441188380418
KLF9,0.9507317045301527,0.14690441188380418
MERTK,-2.4327847872019066,0.1469781925376489
SMTN,-1.2723863711097045,0.1469781925376489
LOC361016,-1.7963783942412372,0.1469781925376489
PLBD1,2.5075051702014144,0.14716348097753235
MRPL45,-0.7060545947522066,0.1474127639717327
CEP290,0.3171027953548884,0.1474240539785717
RBM5,-1.3330107511873255,0.14751910267612742
PGAP1,-1.524319979829034,0.14751910267612742
SLC25A32,-1.0587634892676174,0.14751910267612742
NCALD,-1.4263651609142909,0.14751910267612742
PCDH17,0.20384763958338423,0.14751910267612742
BTK,-2.0038903259891194,0.14751910267612742
APOBEC1,-0.8361445053888468,0.14751910267612742
MAP4K2,-1.7399684727326428,0.14751910267612742
CASP8AP2,-0.743569035869523,0.14751910267612742
LFNG,-1.4254370939570808,0.14757020729410253
RGD1309534,-1.3548444470461718,0.14757739637584746
NAT9,0.7757591836195576,0.14759366677146102
PFKFB4,-2.0955021297883025,0.14759366677146102
TMTC4,-1.727948552748546,0.14759366677146102
REST,0.7426340010292778,0.14759366677146102
DNAJB1,-0.8205862969640703,0.14759366677146102
BCAT2,-0.6862806910125006,0.14760649157853567
IGTP,-1.1549832679406182,0.14760649157853567
ZFP330,-0.6971001698879702,0.14760649157853567
HDAC5,-1.7123517444962728,0.14762958101728374
C2CD3,-0.6588479751855321,0.14763386132489587
BTBD9,-1.4401185555602503,0.14763386132489587
ASPM,-1.1730751490445008,0.1476937219524071
PLBD2,-0.9694452307558583,0.14793688404243216
TRAPPC8,-1.6113391313368344,0.14795699996052752
EEF2,-1.3940770324917153,0.1480349595448233
E2F4,-1.252895066485256,0.14804251107675442
FLRT2,-1.0438620869408077,0.14804251107675442
PRDX3,-0.45676498695174583,0.14804251107675442
ANP32B,-0.9558524128075865,0.14808080045686733
EOGT,-1.599526210300911,0.14830730620789606
ASNSD1,-1.903293425358083,0.14831001200840913
ASB14,0.20286025780182645,0.14836063811963066
RGD1359108,-1.7651588172626262,0.14836063811963066
BLVRA,-0.8567272180213283,0.14836063811963066
RAB43,-2.2827990568794236,0.14836063811963066
PEX5,-0.9831249133676168,0.14838067770714664
PTGES2,-0.7241098973015876,0.14838067770714664
GPR137,-1.0638310764816579,0.14838067770714664
CBX6,-1.7481680121783014,0.14838067770714664
NDUFS3,-0.8397002097383917,0.14838067770714664
FBXW9,-0.8203224162036051,0.14839329589818342
PLEKHM1,-0.5948551334992849,0.14845419840470248
TMEM223,-1.412543430651009,0.14849331224298024
ATP6V1H,-1.3032979098204454,0.14852476129677372
THOC3,-1.4426660886048848,0.14852476129677372
RGD1564171,1.236361192638897,0.14853963764253927
NGFRAP1,-1.5440088949228952,0.14860318086672183
S100PBP,-0.7735863463678043,0.14860318086672183
SLC15A3,0.5749845219504497,0.14860318086672183
TP53I13,-0.9551496180813066,0.14860318086672183
CCDC90B,-0.8135485996830627,0.1486608553294372
RGS20,0.3414347430855934,0.14874032365426873
POLD3,-1.0959222398497377,0.14895537833317685
TSN,-0.9909102858333028,0.14898481214028472
PPP1CA,-0.437966101957584,0.14898481214028472
NUDC,-0.7047250391200945,0.14899085753385793
GNG8,0.3398044058763635,0.14908853534046218
RTN4RL1,-0.2623647406678462,0.1491122979095793
SLC25A30,-2.328207062474555,0.14912330249113956
PRDX4,-0.921528622313156,0.14920714333256768
PTPN18,-1.0050426666651768,0.14934697678752418
SLC13A3,2.0235353724651834,0.14937045140914612
TM7SF2,-1.1671705510372745,0.14937045140914612
RP9,-1.03116018027014,0.14937045140914612
FLOT2,-1.4433648665078769,0.14937045140914612
CNNM2,-0.8054906615338713,0.14937045140914612
SOCS5,0.6390209963196254,0.14937045140914612
LYSMD3,0.6643801098689326,0.14937045140914612
ARHGAP1,-1.2652627527124611,0.14937045140914612
GAS6,-2.428685650041327,0.14937045140914612
PAPD4,-0.924173908066964,0.14937045140914612
CHTF8,-1.3987657227375723,0.14940944454656716
XPNPEP1,-1.3282848440062462,0.14940944454656716
DNAJB9,1.011185024759695,0.14940944454656716
SMARCB1,-0.43705042697873786,0.14943204150741965
TGFBR2,-2.576551515184195,0.14943428637727527
BSPRY,1.2487349475885106,0.14946576225378758
KCTD5,-1.0531674341208106,0.14951408009334677
SIAE,-1.3294596086199224,0.14957252073972122
SHARPIN,-0.7692111636904673,0.14961496216463666
ACOT11,-1.8119012596175699,0.149690464802023
GLMN,-1.4933165757254554,0.149690464802023
ISY1,-0.7298685949209407,0.149690464802023
ISCU,-0.7781564331366164,0.149690464802023
CTH,0.7511945507650378,0.149690464802023
TRIP11,-1.0689344268739887,0.149690464802023
ADAM9,-3.0432903469818937,0.149690464802023
POLRMT,-1.884214176248153,0.149690464802023
BFSP1,0.3915380283417496,0.149690464802023
MCM8,-1.4149694190323787,0.149690464802023
NAA25,-1.4862651955321726,0.149690464802023
TM9SF1,-1.2743046709074215,0.1497557934195626
BBS10,1.0361024907372594,0.14984003441660307
ATP6V0A1,2.0296086051638786,0.14989717529900734
RHOB,-1.4732617043128657,0.14993278102231872
SCCPDH,-0.9797710851446859,0.14993278102231872
SLC16A6,-0.8818520554910088,0.14999113168439326
MAF,2.0378993388815054,0.14999341708396952
TOM1L2,-1.1862550617573913,0.15008379079295833
ZFP598,0.6425718552248498,0.15017787198369453
GGT7,-1.266149428853642,0.15022880120841667
ACTG1,-1.0605415247827743,0.15022880120841667
TBRG1,-0.4918671681448039,0.15024996860457815
PES1,-0.7271640203074616,0.15024996860457815
OCEL1,-0.47753504406722325,0.15024996860457815
RHOQ,1.0911896442896145,0.15024996860457815
ATRIP,-0.8609097898761668,0.15024996860457815
NSUN2,-1.9218615017490062,0.15024996860457815
NT5C3A,-1.318127774091146,0.15028542641810305
FAM13A,-0.5997862469636516,0.15032092934612554
RABL2A,-1.100734100242675,0.1503537973445869
SIPA1,-2.5775903991425366,0.1503537973445869
RAB9A,-0.8387684932401194,0.1503727758020489
ZFP652,-1.234009568818795,0.15041225042672204
CCDC127,-0.4413507910159957,0.15051856653321904
POR,-1.690598718965063,0.150563025904182
MAP3K7,-0.7470287494098329,0.150563025904182
ELMO1,-0.9265941894272007,0.150563025904182
FH,-0.9215764252497793,0.150563025904182
SLC25A29,-0.9269275834472664,0.15059484593047148
AGBL5,-0.6129352274703901,0.15073337813592333
PRRC2C,-0.35355349506466194,0.15080241706941008
CDK2AP2,0.900983987362574,0.15080241706941008
PHKG2,-0.7208950011775723,0.15088631578298914
PCCA,-0.974702561852574,0.15091391123144485
ZFP532,-0.7782868801820119,0.15112096834665373
C3,2.6303007436753076,0.15127028319489816
ANKRD52,-2.0624730427915723,0.15136849021265078
RCE1,-0.532945506273526,0.15142338662636828
ATF4,0.6881275538200669,0.15152556639647505
RNF168,-0.9219903139855803,0.15156807045096302
MCMBP,-0.80407842921319,0.15156807045096302
SH3RF1,-2.2601384428561873,0.1515825907601569
FUNDC1,-1.3273139710618267,0.15160350393572
ZFP219,-0.8053840500803428,0.1516747621981373
PSMD8,0.5197696023392542,0.1516747621981373
EPB41L1,0.44356643994708006,0.1516747621981373
XAB2,-0.9428043958307724,0.15170261718506375
PSMC2,-0.47142561413181205,0.15170261718506375
SLCO3A1,3.2125110545186186,0.15170261718506375
SLC30A5,-1.5880710350403828,0.15171164086037098
TMEM68,-1.1547084442134339,0.15172270405263996
TRIM32,-1.619360303104275,0.15180674823799767
SNX27,-0.6496216091106799,0.1519554063378372
SLC35A2,-0.972467257493808,0.1519554063378372
MPP6,0.6718957502736624,0.15197294362652675
MAX,-0.7242471070730958,0.15201668394678505
DNAJC19,-1.3915705515639765,0.15209525239804716
EEPD1,-1.9955902582986949,0.1521092072719186
LAMP2,-0.7914837142048707,0.15212268430328996
TPRG1L,0.48252631571109106,0.15220697083996643
ORAI2,1.1579891882248559,0.1523287810086334
CACNA1G,0.45466559062175615,0.1523287810086334
ALG2,-1.285271170868823,0.15238295668625923
LGALSL,-1.0369202877195214,0.1524359728399046
DNAJB14,-0.6358097065842194,0.15250816151875146
CS,-0.8700180711668448,0.15251908235189077
ZFP498,-1.443024301403724,0.15253489309778825
TTC30A,-0.3829015384470662,0.152612094202606
CSF3R,-1.532707051785589,0.1526653218508318
CCR1,-1.2796011907814004,0.15266785444616746
TMEM216,-1.2264177628960915,0.15271124520890145
LRRC28,-0.6940582983211776,0.15271124520890145
SEC24A,-0.7273518939667318,0.15282009243952913
DCUN1D2,-1.663971391272646,0.1528535123030884
HNRNPDL,-0.8986804344842314,0.1528535123030884
GSK3B,-1.2350013955598556,0.1528535123030884
COPB2,-2.273358365354954,0.1528535123030884
RBMS2,-0.9033551541991178,0.1528535123030884
SRSF7,-0.677721169173954,0.1528535123030884
CEP85L,0.8669420955065847,0.15286581022904175
DYRK3,-1.0361936365585427,0.15286581022904175
ORC5,-1.5127895526003972,0.15292806175358964
POFUT2,-0.8962737507073015,0.15293673471004632
MED9,-0.9795401091274942,0.15293673471004632
MCFD2,-0.4976098983388102,0.15293673471004632
VASP,0.7146994108231164,0.153083600635748
AGO4,-0.6486634030490936,0.15313550983762184
CCT8,-1.0686013436461854,0.15317986373708226
CSRNP3,0.8664860587882199,0.15322752720518973
F8A1,-0.9103961776982077,0.15322752720518973
GALNT6,-1.5284757560313738,0.1534857879835812
TMLHE,-1.5672457810222007,0.15351695100947518
NDUFAB1,-0.7341717469027667,0.15358361673676424
CYB561A3,-1.680619168170907,0.15358361673676424
ASL,-0.8063396373394887,0.15360747284754367
WDR6,-1.9123879772305576,0.15360747284754367
MRPL51,-0.7873874407141783,0.15368749519090016
SMAD2,-1.2983967132322056,0.1537619060053368
RAD54B,-0.8354629596041101,0.15383411948114006
STK17B,-1.8063812819707712,0.15383411948114006
FSCN2,0.3879054575025877,0.15390329604767727
ETV4,-0.556150584110783,0.15390329604767727
SDCCAG8,-0.7711458168735537,0.15390329604767727
PRCP,1.1792398625027118,0.1539419692599966
IPO7,-0.8728951152626312,0.15395691764939282
GABARAPL1,-0.6442435600514762,0.1540841554879094
VPS18,-2.482411644763406,0.1540841554879094
TSSK4,0.28535368430500496,0.15416570575570096
PTGES3L1,-0.7045808266196227,0.15416570575570096
PPIF,-0.8100945552708589,0.15421814985958618
TVP23B,-0.798311274844326,0.1542834736477026
STOML2,-0.8429812770156415,0.15434976260483274
TRUB1,-1.50211265741204,0.15434976260483274
IL10RA,-2.8354882018464282,0.15435959826216403
CYC1,-0.7775618705947887,0.15446853843835762
MKRN1,-0.8780737640522602,0.15450416839147615
ATF6B,-1.4559763819026221,0.15450416839147615
SLC33A1,-1.794247146456851,0.1546002609418053
AKR1B8,1.3699400110791142,0.15468956964455668
PDZD11,-0.6142218257172996,0.15468956964455668
ZFP451,-1.1520880435866099,0.15468956964455668
CYP4F6,-0.9388441756539725,0.15468956964455668
LOC100125362,-2.0172417957020077,0.15472446163551135
FGFBP1,0.47971896637289535,0.15476500788462955
CDK5RAP1,-0.9727342346621002,0.15486075466857094
SSX2IP,-2.235879240621242,0.1548733030149449
E2F6,-1.2881276173092502,0.1548777889544065
PAG1,-1.7890584746831264,0.15494139538224003
GPR108,-0.630934116732413,0.15506249536394823
PEX6,-1.3395782312863822,0.15506249536394823
STAU1,-0.9394210545504973,0.15507634632998035
RNF150,-1.1750807966301586,0.1550882027466041
LRRC8C,-1.7107676920597403,0.1550882027466041
POLR3C,-1.3635889480934353,0.1550882027466041
PPP1R8,-0.9475247447541211,0.15512529459904534
LOC361990,-0.8537057024950738,0.15512529459904534
HNRNPH1,-0.9230994363352094,0.15512529459904534
ARFIP2,-1.2758247531592932,0.15512529459904534
RFFL,-1.3453787582513048,0.15515825551919832
RBM25,0.9548245372487894,0.15525227167205816
PSMB8,-0.9512385713165976,0.15525227167205816
STAT1,-1.601189472686106,0.15525600509256782
QARS,-0.9225208818166468,0.15525600509256782
MRPL16,-1.4285171460631196,0.15532524450919852
ZC3H10,-0.9161102835849304,0.1553270556082308
SLC45A3,0.49600971622933493,0.15539471518415646
IZUMO1,0.28235439730430945,0.15539471518415646
SRP72,-0.35371017329688836,0.1554025858434086
WBP1L,-0.938661253585904,0.15544517232076419
UBAC1,-1.261126444638431,0.15548826306800012
MICU1,-1.3856312244887263,0.15549516361346863
CEL,0.19725019667127544,0.15561690268425546
SLC41A1,-0.9490926102853044,0.15561690268425546
ARPC5L,-0.9828997356741471,0.1556440409172127
SLMAP,-1.70903825148196,0.1556751299023062
BCL10,-0.623450825423876,0.15570545682012268
ACTA2,0.2840426336877624,0.15571630468031675
MCEE,-1.7056607995095603,0.15571630468031675
ZFP191,-0.84940559301047,0.1558847994000451
PRSS35,1.0329932970011009,0.1559282903240963
TLR8,-1.0118262910387803,0.15593143014710265
LOC680663,-1.2953776997292192,0.1559443158374572
FV1,-0.8216557679783971,0.15595207825904903
WTAP,-0.45275107474176135,0.1560669707059346
ABO,0.5038460010222179,0.15608295067025532
SURF4,-0.8476189016858893,0.15608295067025532
DYNLT1,0.44686065436879385,0.1562043457226303
GEMIN5,-1.8696048256627897,0.1562043457226303
CCAR2,-1.846241980267134,0.156304163360943
PECAM1,-1.459909525537409,0.156304163360943
FAM192A,-0.7968197798548062,0.156304163360943
PSMD4,-0.4401934643789698,0.156304163360943
HTR3B,0.249575192965884,0.1563161044450686
ATOX1,-1.657442482611736,0.15639343986764098
NAT2,1.0808384304826393,0.15651185740313142
HACE1,-1.5011065989459764,0.15664498866948617
EPC2,1.8007784068137365,0.15664498866948617
PPIL1,-0.8292463068350227,0.1566716475853401
TRRAP,-0.40847618680190156,0.15667620869788343
ARHGEF39,-1.141867806650507,0.1566838167668757
RASSF1,0.913611549156796,0.15672848725958502
CIB1,0.7799740098065042,0.15685187257939168
RGD1310587,0.24889546482219352,0.15689144229893656
RT1-S3,-1.3999359158534634,0.1569450089951589
RASL10A,-1.0522455295373436,0.1569450089951589
ARHGEF40,-1.4211543201952412,0.15697461628708215
MRPS15,-1.3139079318578157,0.1569831897502196
PPP1R32,0.2801165753370123,0.157007718889779
PCDHGA7,0.28023181591722857,0.157007718889779
TMPRSS4,0.2802876508259562,0.157007718889779
EXO1,-1.4422588949204507,0.15707865045139727
FABP12,0.27960560415223884,0.15707988785288166
PSMB2,-0.8246586984066138,0.15707988785288166
SLC25A47,0.36008779203422825,0.15717514804698163
RGD1309036,-1.0064691807460464,0.1572414007104916
PPP1R42,0.28255960451252327,0.15732614404747616
ITGB1BP1,0.6289977243420743,0.157371774024739
SPTLC2,-1.0202843461301052,0.15738601789936874
CD200,0.9410231193964751,0.15744593027398138
WDR83,-1.0510136894646083,0.15745725727864146
LMBR1L,-0.8368696952305119,0.15755669253037133
EIF2S3X,-1.0598751193563296,0.15759449858940777
DHRSX,-0.6437544560154222,0.15767771030140335
DNAJC18,-0.8364097494226308,0.15771609377824047
TRPV2,-1.5026587773969835,0.15780935104341565
LIMK1,-0.7739278488560868,0.15782344497013714
PEX16,0.4163102975083097,0.15783742618116434
EIF3D,-1.0072282166902236,0.15787957966529018
COPRS,-1.6621597940398232,0.1578863399334
ADCY4,-2.047171197533039,0.1579408314604116
CDC42EP4,-1.131106891794277,0.1579408314604116
RAB6B,0.7152943931551112,0.15794480763412022
GPR151,0.2818240446549793,0.1579672293879658
THOP1,-1.5478498225730908,0.15797338957596005
PACS1,-1.62683064378546,0.15798654174791663
MAPKAPK3,-1.0334136071598232,0.15803030565981602
DYNC2LI1,-0.7420722539067967,0.15815431878598477
NUP88,-1.0982050772611314,0.15821016879005684
B4GALT5,1.8940315369440297,0.15822597909664707
DFNA5,-0.9418973404965246,0.15822597909664707
SDF2,0.3669243516208214,0.15826405066235816
MBOAT7,0.8569341886072541,0.15826633707082233
NOL3,1.1885182449384888,0.15827696092647087
NAA20,-0.6771746193762764,0.15841412762370313
UTP3,0.24124401001272666,0.1584297291231723
PDK1,-1.4757584272282114,0.15843056445081982
LITAF,0.6402497346728362,0.15847522181571957
CHN1,-0.8486472894722576,0.15854077631141927
KIF20B,-1.7369741090255504,0.1585488219568384
PLEKHN1,0.45536716558067775,0.15869857967233403
PEX26,-1.1310384788254755,0.15879918728893477
GDNF,0.28090881691617636,0.15893868348529092
FRMD4A,-1.3625880958709948,0.15900663750348001
CCDC94,-0.7267204105485132,0.159040485794352
DPCD,-0.4980415986981117,0.15913793921876063
NOA1,-1.2262279845570536,0.15913793921876063
PDCD1LG2,0.4992109979485051,0.15921011251824804
SLC30A7,-0.4243253985381523,0.15923972755903099
IKBKG,-0.9997165531877936,0.15925789813673602
FAAP24,-0.34581525521601164,0.1592878795008778
TGM2,2.327489568641558,0.15935079129061347
FABP4,-1.7695003708078874,0.15935079129061347
TMEM208,-0.4082197013126123,0.15935079129061347
TGFBRAP1,-1.9989581735722945,0.15937434267327527
PCMTD1,-1.6456509355628026,0.15938783136241508
AGO2,-2.142738249518771,0.15940595698052776
DPY19L1,-1.5687733949583715,0.15948312123513847
ANKS4B,0.9410763387875116,0.1596410898658988
OGFR,-1.055021622486454,0.15975988054369197
FAM213A,-1.3102778022029646,0.15975988054369197
EPN3,0.1941702821216651,0.15975988054369197
FAM188A,-0.6208874894370537,0.15975988054369197
UBE2G1,-0.45985775107336035,0.15981732283552472
AKAP13,-0.7835399767284983,0.15982270888612188
TAGAP,2.0353866817375312,0.15983472198276077
PEX3,-0.9173480330299837,0.15990050402768993
SNRNP27,0.5679888327103271,0.15990050402768993
MLST8,-1.8401456824476794,0.15990050402768993
EXOSC3,-1.2052907941420412,0.16037923254826214
ANAPC10,-1.3158926608470083,0.1604048390516438
DPF1,-0.48352386170333056,0.16047382909646074
PGP,-0.5573809301579371,0.16049890542844006
MEFV,-0.4773336960550272,0.16057226577441694
RGD1562747,-0.5687958070998316,0.1608231117194986
UBE2E2,-0.727088808691831,0.16085754239440428
ERAP1,-1.6843427510794418,0.16085754239440428
TEC,-1.8100744676405056,0.16085754239440428
GGN,-0.284540922898848,0.16085754239440428
BCORL1,0.6875699446745602,0.16089548602924217
DDX31,-1.0467382372338754,0.16093847378777687
ZFP207,-1.152503591791203,0.1610839008880743
POLR3G,-1.5004896944373582,0.1610839008880743
COG2,-1.584026208609148,0.16125258244230842
AMDHD2,-0.7220344704677331,0.16132225411541018
ENPP5,-2.343037296105661,0.16132225411541018
SLC35F2,-1.252104416237365,0.16132225411541018
TLR10,0.5048234399774048,0.16139887619614712
TGS1,-0.8781531873222619,0.16144945513602163
RET,0.7767853917764973,0.16145479336824461
HSPA5,1.791252513371493,0.16146622343994949
JOSD2,0.5118680018603152,0.16151050278131687
STAT3,-1.3837406319722652,0.16151050278131687
BECN1,-0.9654090509552571,0.16173101837437714
CIRBP,-0.7082815442693553,0.16179250067681614
LIMA1,-1.7093729178240544,0.16190369363958593
PARP1,-0.8669477865554742,0.16190369363958593
PLA2G4A,-1.724884161347565,0.16190369363958593
LYVE1,-2.446168253299359,0.16190369363958593
DNAJA1,0.5247297836518818,0.16192520686723214
TMEM230,-0.4832141991291845,0.1619445824223786
NOP2,-1.4029158193934204,0.16195543257222006
RBM4,-0.43354919744548903,0.16195543257222006
MIEN1,0.6676489172158195,0.16202299271545545
PANK4,-1.6727221991656287,0.16204941933661687
CTBP1,-1.2411836452204863,0.1620781971725001
IL1RL1,-2.0126757225757306,0.1620781971725001
SMC4,-1.2614080025445422,0.1620781971725001
MMGT1,-0.925709250519791,0.16210363709347192
ZMAT2,-0.784540124900027,0.16210363709347192
MMEL1,0.30491750913969806,0.1621635567619305
SOCS1,1.3380929227133742,0.1621696746911681
LSM11,-1.1015624847129961,0.1621696746911681
GPR171,0.6371244142251873,0.1621696746911681
TRAK1,-0.6100439141496274,0.1621696746911681
EFCC1,0.3046243502500979,0.16221601619150877
TBC1D22B,-1.140498125959077,0.16224537803903136
IRF6,-2.320917744383245,0.16224537803903136
TNFSF12,-1.1984906837503244,0.16224537803903136
FBXL17,-1.5111324050920447,0.16224537803903136
MXD4,-0.9527591789134444,0.16224537803903136
TMEM14A,-0.9965661047296891,0.16227922830578542
SUMF1,-1.0363650508305238,0.16230946646280736
GPR68,-1.140979708401295,0.16233051582144123
HMGN5B,-0.8274201172621474,0.16238647128327433
MFSD9,-0.9813901961515406,0.16238647128327433
LOC100125364,0.760439578954033,0.16244026034170295
LSM2,-1.7150812561636375,0.16244026034170295
CMAH,0.8988657082811072,0.16244026034170295
PEX1,-1.0677836630088784,0.16248434363291742
CLSPN,-1.0257991668579383,0.16248434363291742
GLS,0.8682750658132234,0.16250894588771977
GART,-2.1163491457668986,0.1625887871776889
YARS,-1.0727811176372333,0.1625887871776889
CBFA2T2,-1.850491384879486,0.1625887871776889
PPP1R16A,-1.6630363025650783,0.1625887871776889
ABCE1,-1.9943540244452937,0.16259183185891507
IDO1,0.3138483486802457,0.16264275492136354
ZSWIM8,0.6274321653228578,0.16265106150778916
MOCS1,-1.6218111844061434,0.162659151022338
SUGCT,0.4087801398855649,0.16276170534019427
ATP6V1C1,-0.5865264773441083,0.1628713804880568
TBCB,0.48340715604172413,0.1628713804880568
FTSJ3,-1.8019118474690035,0.1628713804880568
GGTA1,-2.8244808126463656,0.16308382124980586
ESPL1,-1.8959194881554569,0.16308382124980586
UFSP2,-0.6534428052475398,0.1631106856996206
FEZ2,-1.180697087666454,0.16311182859216566
MTCH1,-0.6688203572368536,0.16313095921580992
SH3GL3,-0.5691524781114581,0.16313095921580992
CAR2,1.1283028064828464,0.16318386276314714
PLK5,0.2413435425888744,0.16326047993448903
PLEKHS1,0.851422700761403,0.16330154177193376
GLE1,-1.9710123081195015,0.1634763130037247
THOC7,-1.161789213436066,0.1634862534627256
HRAS,-1.3912860054261693,0.16360016843707378
OAS1I,-1.302576304563114,0.1636902744053202
DCTPP1,-2.4879471206772363,0.16371690555661259
ALKBH2,-1.3336830029572588,0.16376292803090758
B3GNT8,0.4548483541406974,0.16377365995370105
ATXN1,0.43747107152566056,0.16381300720302883
ETS2,1.3107963834821428,0.16384441715330517
DIAPH3,-1.0717262621379142,0.1639226468736798
ACTA1,0.1897284287091946,0.1639226468736798
GOLIM4,-1.345967301163897,0.1639226468736798
DIP2A,-1.634869214453913,0.1639226468736798
ZFP524,-0.6539789611465654,0.16399510012479018
ADIPOR1,0.5037595690410388,0.16400540915530806
MPHOSPH9,-1.1966971665264938,0.16424509410036617
GALNT10,-2.0268833936363944,0.16424670666018712
MTPAP,-0.7518542909725752,0.16424670666018712
MIP,0.22868056282861185,0.16429105174576944
AOX2,0.2725368523625191,0.16433132627410812
TRAPPC6A,-1.6870816990164654,0.16442669254091316
ISOC2B,-1.1480387832391967,0.16451076390855654
ANGEL2,-1.1576117987829004,0.16451076390855654
FICD,0.6312169908684462,0.16452610180172234
MSL3L2,-1.2678544819499664,0.16454332071579866
ZC2HC1C,0.3561547578218819,0.1645449611781122
AP3B1,-1.3037768930351832,0.16463320983874602
LYPLA2,-0.4357539353255513,0.16464985038066457
EHD1,2.2528414243175936,0.16466217784026657
BEX2,0.27039259004341915,0.16466217784026657
ZFP105,-1.0731198953305074,0.16466217784026657
NCBP1,-1.4824203336344182,0.16491551031509513
SASH3,-1.1953920530916289,0.16492544434219172
GPCPD1,-1.549957801741866,0.16504154320529205
ADGRE5,-1.1298947665645032,0.16504154320529205
RGD2301395,0.691281404288504,0.1650847290934908
HNRNPC,-1.1798765398194666,0.1650847290934908
SH3GLB1,0.7804752008101996,0.1650847290934908
MRPL32,-0.44638378928247846,0.16511320796061058
GPR157,1.2460724795692473,0.16517585482994415
MLF1,-1.1702310510848912,0.16520365480506102
SLC52A3,-0.6616701902256724,0.16520365480506102
KLHL24,-0.6823130953376411,0.16520365480506102
NCOR2,-0.8709600374093407,0.16524444608464717
LY6I,0.3423044138950917,0.1652949515056645
MARS,-1.5232296047909468,0.16543394711108983
NAPA,-0.6559934578612756,0.165545487799359
MYL6L,0.7489076486886734,0.165545487799359
CREBL2,1.0759557702574163,0.165545487799359
MORF4L1,-0.3059283610693839,0.165545487799359
DLGAP4,-0.40970857905519154,0.165545487799359
XRCC5,-1.5504596437419114,0.1655529660042199
DPY19L4,-2.1180198515016064,0.1655529660042199
CNPY4,-0.5774851586134941,0.16564858032587898
TEAD1,0.26834096571676136,0.16564959358108713
IPPK,-2.007990516983196,0.16569291861929228
ERRFI1,-1.171420736645001,0.16571332219299897
BFAR,-1.075900195457887,0.16571332219299897
CDKN2C,-2.4939358467731005,0.16571332219299897
TMEM154,-1.652106558121157,0.16571332219299897
VEGFA,1.309682641201674,0.16571332219299897
LYRM7,-0.9234775572457681,0.16571332219299897
ARHGEF6,-1.8204562708040775,0.16577663891536146
PELP1,-1.5556932736915163,0.16582218059591688
PURB,0.9365865848235542,0.16582218059591688
MMP2,-1.488892601062017,0.16582246089751004
ENPP1,-0.29820008358518624,0.16592306581052743
DGCR8,-0.9893037006937977,0.1660009799879297
HEMGN,0.18886170313559686,0.16610290174649706
NCK1,-1.1037524209121323,0.16610290174649706
YTHDF2,-0.6467886811769041,0.1661929197920197
TSPYL2,1.09878042323958,0.16619695902002404
CCDC93,-1.6969040146566168,0.1662308462482879
EXOC3L4,0.39659373987565766,0.16625329771502945
POLR3B,-0.3827262241152902,0.16630605479205474
ANKRD2,0.6953835531463948,0.16631463709095726
IFIT1,-3.0322896970095643,0.16632219759351902
HSD17B7,-0.9025072534947878,0.16648112324411177
GRPEL2,-0.5274386342662631,0.16648631703391392
APH1B,-0.6226871703377155,0.16648631703391392
PCED1B,0.5357830016448406,0.16648631703391392
TRAFD1,-1.3852095888865996,0.16648631703391392
RNASE10,-0.9094187354017351,0.16648631703391392
RT1-CE2,-1.1990027492472652,0.16650474100811666
PLA2G15,-1.6413316836775511,0.1665477698912536
LPCAT1,-1.6906200315489004,0.1665579747771758
ATIC,-1.257175094202629,0.16660662152604963
KIF18A,-1.1890954198648873,0.16660662152604963
H2AFJ,1.0872849888373555,0.16660662152604963
ESPNL,-0.8551719015823086,0.16660662152604963
NPC2,-0.6945446656115921,0.16660662152604963
HIBCH,-1.1833079091632703,0.16660662152604963
BCL6,1.1577684269285071,0.16660662152604963
HSD17B13,0.8430087735164935,0.16660662152604963
GOPC,-1.276370709406047,0.166635409299226
SCYL3,-0.9117574352613707,0.166635409299226
SLC44A1,-1.493863789000053,0.166660475732591
UBXN6,0.6817972728385757,0.16679271246958513
ACBD4,-0.9731635783853776,0.16689285152520017
NIPSNAP3B,-0.47286976378643786,0.16728493518212403
RGD1308430,0.34055523453918735,0.16728493518212403
CORO1C,-1.7699188478521477,0.16728493518212403
CD14,-1.2636148766932322,0.16728493518212403
CEP63,-1.168837435365279,0.16728493518212403
CLEC7A,-0.8382809464487453,0.16728493518212403
PANK3,-1.40739878202795,0.167314336790356
RAB1B,-0.37191040796638575,0.1673190090831259
NR4A1,2.364287318942936,0.16732929891029605
ARG2,0.630549888364855,0.16737465497517978
PIGK,-0.8546895005141142,0.1673969181589421
CHERP,-1.4753729123239958,0.16751516574563674
NDUFAF7,-0.7999757155898497,0.16751516574563674
BCAS2,-0.7524564231106128,0.16751516574563674
FIGNL1,-1.7872918224867462,0.16752085801107608
ABHD2,-1.2310077809726714,0.1677015063966114
SRR,-0.9226125815964572,0.1677015063966114
SEMA4F,-0.5388560103892481,0.16770344329573214
AREG,0.4591682371750119,0.16773543320514714
BRAP,-1.1884680292813359,0.16774289767249784
RAD51D,-1.1168687243635531,0.16774700371560045
RNMTL1,-0.6041897819097195,0.16774700371560045
SNX1,-0.9780415513062488,0.16775931114231932
VPS16,-0.7521765107408158,0.16780780534288747
DNAJC10,-1.9965297583825632,0.16780780534288747
SENP7,-1.4817640442693003,0.16792395582679928
LPAR2,0.2678295173515432,0.16793828276762207
DHCR24,-2.6606305906492325,0.1679788051258219
ACAA2,-0.9784294548994614,0.1679788051258219
CRY2,-1.1224371367155312,0.16813125054615166
ARPP21,0.2674039569839015,0.16817302010245744
EWSR1,-1.6117458168003096,0.16822555067366704
MORC3,-1.6412393214838343,0.16822623898886693
PDIA3,-0.7581065849990036,0.16825905292353724
PDPN,2.301814824321423,0.16825905292353724
ZFYVE28,0.19592177818123674,0.16825905292353724
INIP,-0.5558243491954995,0.16831418694041675
ARHGEF1,-1.8438529618562254,0.16831418694041675
STX7,-0.42381491357794476,0.16831418694041675
KDELR1,-0.35638678655356504,0.16831418694041675
MRPL48,-1.1061529962079266,0.1684034885770221
TRIM21,-1.5825123682291546,0.16841287601139926
MAPK1IP1,-0.41126324246417223,0.16842751654248525
SOS1,0.5929063870837914,0.16842751654248525
ZFP217,0.9483574505806276,0.1684988056237939
WDHD1,-2.162422663207668,0.1684988056237939
PARP6,0.5931813900422034,0.16850014725
LARP1B,1.5677770883885347,0.16850817086571804
RGD1307100,1.761983792839497,0.16866275583611878
RASAL2,-0.735755738178618,0.16876314466612863
MRPS12,-1.0121536026641733,0.16876586242597538
SIVA1,-1.231750698390005,0.16885848429768474
RRAS2,-0.4433291649832036,0.16887816094093008
SGCB,-1.5837095828268117,0.16887816094093008
TOR4A,-1.4596198154818936,0.16894840883098267
CSNK1A1,-1.2401190240137572,0.16895371748655622
GBP4,-0.8491570843803017,0.16897927507176
SAT1,0.7712299555533129,0.16897927507176
CASP3,-2.0885923726401363,0.16897927507176
FAM83H,0.9022977423771317,0.1690583837958235
COA4,-0.8177005630236405,0.1690583837958235
TMEM9B,0.465859129572471,0.16910062234980255
OCIAD1,-0.3445161478473713,0.16918913585037548
ZFP418,-1.3332734461430904,0.16920990820001097
NDFIP1,-0.7870719664902941,0.16922661602634906
RGD1565033,0.8793903748342897,0.16922661602634906
SLC30A9,-2.600741699636301,0.16922661602634906
HEXIM1,-0.9800594177398589,0.16922945400693737
PIK3CA,1.332748278819678,0.16922945400693737
PPCDC,-0.3640943948427405,0.16923680917343661
EPS15L1,-1.4673644252257276,0.16950315746535285
STARD4,-1.7218799159392553,0.16950315746535285
OXCT1,-1.5030165287921613,0.16950315746535285
CORO1A,-0.7330366085734692,0.16955864741815024
SURF1,-0.7347624277888904,0.16960491024833785
BRF2,-0.5897944235147734,0.1696286206099408
BTBD1,-0.7141653074046435,0.1696286206099408
RNMT,-0.8693009603829367,0.16970623022361137
MOB3C,-2.463528628190842,0.16974341437304657
KCTD11,1.2848510041283845,0.16977833091708555
PIGP,1.2041385639059294,0.16991056812620675
TFEC,-1.7140465583001934,0.16994321914696456
TSPAN7,0.29629778333506407,0.1700390602954351
HSPD1,-1.0464277869425054,0.17005032422545094
LAP3,-0.7890776628687872,0.17008724328003613
ZGPAT,-1.6025960864465159,0.17008724328003613
LOC100911177,1.1309693329501131,0.1701301308784513
RSAD1,-0.8941243263520979,0.1701301308784513
C1R,-1.170319719364786,0.1701582164816774
RGD1311745,-0.6465980253299626,0.17024467072920152
HNRNPF,-1.2567804720788258,0.1703110853758553
FAM210A,-0.5821234758672479,0.17039564003581717
CSNK1G1,-1.7037539574449092,0.17047697854917052
SLC5A6,-1.459107346587784,0.17048698935035383
MTA2,-1.8072149337936816,0.1705511937482714
TLR1,-1.2611212035539847,0.17076238677342603
SMTNL2,0.2077381582723135,0.17076238677342603
IPP,-1.610612559785316,0.17076325340846302
FAM65A,-0.9608099916355277,0.17087559450541184
TMEM183A,-0.9533339247609707,0.17100125727291351
TMEM117,0.39966011557251546,0.17101696280348905
PABPN1,1.331486201604489,0.17101696280348905
PFKL,-1.3527264979475682,0.17103651802557307
ICOS,1.6209099106151177,0.17111416126692033
PSMB6,-0.3899829630792482,0.17111416126692033
POLR2G,-0.6063311113736525,0.17111416126692033
RASD2,0.25702269091735885,0.17111416126692033
HSBP1L1,0.44127099043859935,0.17114172090299348
GLUD1,-1.1425742134054255,0.17115824781318142
SLC20A2,-1.5555412244472364,0.17115824781318142
WDR45,0.9386338048329983,0.17115824781318142
TRAF3IP3,-1.9735755353246,0.17115824781318142
PLEKHF2,-1.657589890862012,0.17126242022751637
ATP1B4,0.23211983641232375,0.1713355411704918
CAMKMT,-0.8411678715363782,0.1713355411704918
SRD5A1,-1.3718893016650522,0.1713355411704918
ALDH18A1,-1.6486037469495745,0.17149840710894868
GMEB1,-1.512256371218655,0.17156820748645654
NUCB2,-1.024773623523103,0.17158113673475592
CCDC104,-0.6373726776753301,0.17158113673475592
HIPK2,1.1206464949020836,0.17158181760156097
DHX57,-0.6520098007464002,0.17169299737776159
EIF4H,-0.6912466217519784,0.17175989150592533
DMRTA2,0.23054734960367076,0.17204512950729117
PM20D2,-0.5890841438950601,0.17204512950729117
TCTA,0.6656534323229475,0.17214471882712262
ISLR,-2.4069608877200257,0.17214471882712262
SLC6A6,-1.8131877769808757,0.17217977787616265
KLHDC2,-0.45168254088179616,0.17218765417930915
ATP5O,-0.8348535976341465,0.17218765417930915
BCL2L12,-0.6809338256467639,0.1724737324679296
ALDH3A2,-1.678225490616513,0.1724943210354775
FCMR,-0.8230965424677128,0.17253282911986226
ZBTB20,-1.2430346992683285,0.17258007544023346
TFR2,0.2907534848230753,0.17258479072004826
GTF2F1,-0.6038798576326223,0.17263221597374998
PLK3,-2.1211788644253624,0.17272939071577414
CLPTM1L,-2.918937515064931,0.1727692205903002
NRAS,-1.201081962041136,0.17280125814336628
CRAT,-1.5116966246290113,0.1728188050856682
GCC2,-0.6119556395526609,0.17287235544744978
UBE2D2,-0.721356276933431,0.17287235544744978
PRKAR1A,-0.9247365569416903,0.17287235544744978
WDFY1,-1.15958064424881,0.17287235544744978
FAM49B,-0.7584162175058919,0.17304395097194264
GUCD1,-1.5449101874184357,0.17310514713933026
NAPRT1,-2.0167956465797654,0.17314563993103085
COG4,-1.889249173524651,0.1731468070009591
RPL5,-0.6240735502212527,0.17326901669525466
ERI1,-1.3314101742921416,0.17328074017205455
SMAD3,-0.6309826074329592,0.17328074017205455
SNX20,0.6536769726780838,0.17328892383054356
HIF1AN,-1.1698303303689181,0.173312575777015
CALM2,-0.3441892833416693,0.173312575777015
MTMR14,0.7384620096230052,0.17332533162805383
PGAP3,-0.4939820308910112,0.17334310235625489
F8,-0.7373246867815805,0.17337202240319702
NUDT16L1,-1.00330791443657,0.17343050330159596
PDCD7,-0.6794592195450835,0.17343366868248625
BHMT,0.2307455391932239,0.17343366868248625
OSM,-1.4311128714732768,0.17343366868248625
TWIST1,0.1827050084297185,0.17343366868248625
GPN2,-0.4185262376851697,0.17352722390231948
ARHGAP11A,-2.166131057665463,0.17362058082547682
CSRNP1,1.5197757183886202,0.17372198364726552
MTMR2,-1.724154087606935,0.173773459995082
DCAF8,-1.8277161582467312,0.173773459995082
DAZAP2,0.29153614697376895,0.17378783703203188
ST3GAL2,-0.4733255070261242,0.17378892576238164
USP42,-0.5235897753282197,0.1738004971395861
ELL,1.3865774341097499,0.1738004971395861
TMEM255A,0.26051109086068847,0.1738004971395861
IL16,-1.171519954447355,0.17380456316234402
MAN2C1,-1.507448625040355,0.17381433162734106
GABPA,-1.3108515461348806,0.17381433162734106
MIER1,-0.8347244221252268,0.17381433162734106
SEPT1,-1.2103685357963891,0.17381433162734106
CCDC77,-1.4008426333394624,0.173914747272363
TRMU,-0.6055094579531688,0.17391762402584895
CAMK2D,-1.2982245653724185,0.17391762402584895
MLANA,0.2596774395221098,0.17392507380711958
PIP4K2B,-2.359683094267587,0.17394423643194204
HES7,0.18190527387189528,0.17399625557731008
SF3B4,-0.7780844653591208,0.17399625557731008
PRPF3,-1.319774335885866,0.17399625557731008
RAMP1,-1.7645453602597423,0.17399625557731008
RINL,-0.4862248398921887,0.17399625557731008
SBK1,-0.6576743014217031,0.17399625557731008
TAF2,-2.321958864190576,0.174021019770794
MLH1,-1.322711307703307,0.17402813860509816
RHOBTB2,-0.8091445968099406,0.17403842281898316
RARS,-1.2266513098495606,0.1741519906152244
LOC619574,-1.0209612327364495,0.17415473920407035
R3HDM1,-0.4456703835548561,0.17429863609157767
SREBF1,-2.4728247356967885,0.1743963687782308
LOC102554586,1.0087436385643471,0.17441764567218723
BLOC1S6,-0.4964275531794158,0.17447933425506484
TUBB3,2.395803952155825,0.17450285398543441
NGEF,0.433956517883226,0.17458260577210358
RQCD1,-0.3992488177377451,0.17461035753220563
NDUFAF3,-0.764006659272852,0.17470326117108284
FOXA3,0.34446380121455566,0.17475813498975726
CRISP1,0.34446380121455566,0.17475813498975726
LCN12,0.34487393549576434,0.17475813498975726
RT1-N1,-0.8374154385606524,0.17483482296114336
ST13,-0.40875558223296515,0.17483482296114336
TMSB4X,0.656011778381357,0.1748814076594472
SRSF5,-0.47906609257029587,0.1748814076594472
PHF19,-1.6035584551115545,0.17488446619880993
ALDH2,-1.4225235396357725,0.17488446619880993
SLC9A7,-1.186791522662988,0.17488446619880993
CASS4,-2.6972223209743103,0.17488446619880993
PPP2R3A,-0.7097221145447566,0.17488446619880993
ACLY,-1.3993376952725574,0.17488446619880993
PYGB,-2.0951942392649574,0.17488446619880993
CNDP2,-0.9318012192395662,0.17488446619880993
KLRK1,-0.8003248812306824,0.17488446619880993
IGSF6,-0.9697593448872777,0.17488446619880993
PKN3,-1.166019096526563,0.1748999327510847
APLP2,-1.5355125034621215,0.1748999327510847
CLDN15,0.900763780464238,0.17493455161567809
CCDC101,-0.7350689569574653,0.17507885017017852
EFNB2,2.0147191734907146,0.17514518493637402
MAPK8IP1,-1.1055932005580313,0.17514764538927174
RAI14,-1.4566110723212033,0.17516129623753665
B3GNT1,-1.248070693856155,0.17516268810254945
RFXAP,-1.9078414082246289,0.17516268810254945
WDR74,-0.6969571274108488,0.17518613568548935
SERPINF2,1.008681331317705,0.1752139539350213
ENC1,1.3669285643598008,0.1752139539350213
DDB1,-2.1354892613437357,0.1752139539350213
TIMM23,-0.39579019174477725,0.17527107834766087
ARL6IP5,0.9884542823305047,0.17530270735453543
RIPK3,-0.5683542108150297,0.17530796810082222
SLC15A4,-0.8674546437304187,0.17530796810082222
LOC360479,0.3649753428598231,0.1753731955316882
YBX1-PS3,-1.9733144415120316,0.17542829988693218
DDR1,-1.1566826723917152,0.17553655266691892
SPOP,-0.9985952320624376,0.1757628963017925
TMC8,1.2726073764301282,0.175887599467585
CRTAP,-1.225101600699181,0.17594913510448765
IRAK4,-1.1116843267459764,0.17594913510448765
ALKBH4,-1.236799123395648,0.1760021388154649
TPM3,-0.9057403789093224,0.17601170106700612
SBSN,1.3224375067801595,0.1760765256565157
DARS2,-1.4090258532623168,0.17613758556153208
TAF11,-0.5051649564884126,0.17636367871428324
TBL3,-1.3456888287518,0.17636367871428324
SKIV2L2,-1.841532716988671,0.1764202224941545
TSPAN9,-0.8855019710883496,0.1764202224941545
PXMP2,-0.6498962770871569,0.1764202224941545
TTC25,0.684105063810709,0.176438206432452
S100A6,1.5497343441067084,0.176438206432452
CD3EAP,-0.7238697435645256,0.17657923981325874
MRPS7,-0.5539493369197661,0.17662665375089479
POP4,-1.11507150975973,0.1766452432926389
UTS2B,0.22669101302455866,0.17664892927646766
GRAMD3,-0.8955046780971123,0.17669630207482806
TMEM175,-0.4910012380565023,0.17671376657536733
PPP2R5C,-1.5996387108199017,0.1767259239147931
CCDC12,-0.7984415211618447,0.1768062357612099
ITPKB,-1.3649784268658693,0.1768141866010429
SOAT2,-0.7330160808892322,0.1768418132039905
DNAJC14,-0.7423106402005413,0.1768418132039905
NKX6-3,0.290042509475632,0.17694812711044128
SPATA2,-1.1208600196343868,0.17702499444185285
PSMC6,-0.686728462455398,0.17707793560057913
ECE1,-1.312002156503401,0.17707793560057913
YIPF3,-0.4487010280242947,0.17707793560057913
TTC7A,-1.3193503422682125,0.17707793560057913
NOP16,-0.4904734851724619,0.1771807097973163
SELT,-1.1860679021608007,0.1771807097973163
CHD8,-0.7506853004457996,0.17721970666135253
TMEM181,-0.9703249604136523,0.17724140849408218
SNRPG,-1.3392100077021292,0.17725270343108265
SAMD4B,0.7076176245909278,0.17726668768570714
IFNGR2,-0.6931125277309995,0.17742340039952686
TMEM263,-1.0838930004033474,0.17750432243978517
HPS6,-1.3578936085359714,0.17751632303681109
SCARF1,-1.3659906359692002,0.17754780776197598
MARCH6,-1.676023241646763,0.17758732317697395
DCTN2,-0.5624484382111659,0.17760910692273704
DCLK2,-0.6073204108523891,0.17760963106354877
TRERF1,-0.7111301197535155,0.17773606996400304
STAU2,0.9542859235620147,0.1778019660207281
METTL15,-0.9606031094298519,0.17782365862061889
PICALM,-0.7454299429194711,0.17782365862061889
IRAK1,-1.4719213929340853,0.17786553147251763
FAM219A,1.007534663814417,0.17789905964418012
NIPA2,-1.605712456695593,0.17795603576004568
RBFOX2,0.30260003137720437,0.1779762375291099
IFT43,1.0393948973944642,0.17804699333709398
HOGA1,-1.166520673007783,0.17805200285227152
KLHL15,-0.9169815362758623,0.17805200285227152
RGS12,-0.5158332369991165,0.17805200285227152
MED27,-0.6356484594671312,0.1780697056642374
RTP4,-1.098010197690475,0.17811010784371242
WDR20,-0.7304049244790858,0.17811115304511888
BNIP3,2.303140452338736,0.1782647761456302
TCP1,-0.9906705509006288,0.1783401998122001
CST3,-1.7126508168567245,0.17841736606018194
SLCO2A1,0.2780627658854492,0.17841736606018194
RUNDC3B,0.20215503923414785,0.17858543634791454
TLR7,-2.5620942420384774,0.17875018269237022
ZFP282,-1.1104192346201196,0.1787667958037482
SEC11A,-0.365378072001481,0.1787667958037482
DUSP22,-0.6756543997930917,0.17877195912153526
OSGEPL1,-0.9659764497212519,0.17877439021281624
RALGAPA1,-0.7618980345526782,0.1788271653288276
NFATC2IP,-2.001892385243509,0.1788633698221261
CRYGA,0.280801943140036,0.1789752255252983
FGF8,0.28121633172640637,0.1789752255252983
KCNE5,0.280801943140036,0.1789752255252983
TMEM60,-0.7518573473287837,0.17897715399420405
COPB1,-0.8927351902761353,0.1789809589468996
PPP1R15A,1.507485364264923,0.17906511958966898
HEATR6,1.3365599708278157,0.17906511958966898
ABCG3L4,-1.9081431454603015,0.17909461970195992
CREB3L2,-0.5859998279318652,0.17909461970195992
LRRC38,0.2534955804493813,0.17917545170629676
SAV1,-2.094490263361563,0.179238052983933
PLEKHG2,-0.6000364946905431,0.17928097611036298
PIH1D1,-0.5292899347472098,0.17929739243338622
IRF9,-0.8032072172536049,0.17930720128545272
PPP3CA,-1.016384674106043,0.17933271023514996
LMO1,0.7467902853801287,0.17940168107843804
SLC18A1,0.2528043785771772,0.17946929614194873
ERG,0.24727253310034494,0.1795681902329641
SLC25A42,-1.0127295113254051,0.1798040315321489
BCL6B,-1.1837721895113176,0.1798040315321489
TAF1,-1.1545945828915998,0.1798040315321489
CRLS1,-1.1382913409298046,0.17993380768809825
ATP2B1,1.530231629462115,0.17993639814158835
CABP7,-0.48626267992768407,0.18008687501122841
SCLT1,-1.0572665942066979,0.1800986290919511
LIX1,0.22282681323932013,0.1800986290919511
RBL2,-1.6348306525320773,0.1800986290919511
TNFAIP8L2,-0.3990587331690403,0.18024928726206382
PLAC9,0.31730291050026177,0.180265028149366
SGPL1,-2.7786652914600043,0.18036530415826743
ZFP111,-1.473920391207659,0.1804145481472046
OAZ2,-0.8371810738743171,0.18042883698483467
HNRNPL,-0.7897489409923182,0.1804629327113085
TBCD,-1.2389826037416771,0.1804629327113085
FCHSD1,1.3459887330084972,0.180472699535091
GBP5,1.8947565666181356,0.18049717133637688
EPOR,-0.582862388556652,0.18059029075890368
CCL7,2.0308111568937264,0.18059968746428615
GHITM,0.7702745374101729,0.18069053982496228
TMED10,-0.26220288804799186,0.18069300011604303
CEACAM10,1.1909101830470692,0.18069300011604303
RILPL2,1.030070834792971,0.1808579027197171
GLYCTK,-0.47939939597507575,0.18085861332265094
ZFP367,-2.4405960468475105,0.1809071446961942
FANCC,-1.1614904010699352,0.1810266537467068
CEP85,-1.3585147823107766,0.1810266537467068
KCTD13,-0.6043760343313536,0.18106636033141424
WNT9A,0.2527050894633022,0.18107076929688615
SMOC1,0.2855537308775381,0.1811936216845795
LRP11,1.4975773466722866,0.18130211446946046
CIART,1.3399321045166768,0.18130211446946046
CRYAB,-1.1847308313059886,0.18131021171609404
EFEMP1,0.24042753746737833,0.18131021171609404
TUT1,-0.9873989317302259,0.18131539399999988
CLDN9,0.4936754629600749,0.1813319199593857
SLC25A38,-0.7933045873093945,0.1813634682935935
ENTPD5,-1.2241888117553392,0.18157140350424758
RT1-M6-1,0.25056871904703126,0.1816184331499312
TYSND1,-1.578895675229416,0.18164150405620566
SEMA3G,-0.23868649378925277,0.18164182620323704
SRP54A,-1.0866749554979949,0.18166903028758524
ZFP865,-0.8554973172520041,0.18171165012280305
MPV17L,-0.9764852326591424,0.18171165012280305
TMEM38A,-0.9043455553173888,0.18171165012280305
ZFP275,-0.49341640543101,0.18171165012280305
LOC499643,0.2495035938420162,0.18185159900317813
DPEP3,0.48903550904999793,0.1818524056477966
CD180,-2.031876947262263,0.1818993400507796
PSME3,-0.9512175283857056,0.1818993400507796
GSTO1,-0.6458066714269917,0.18193739810290988
SLFN3,-0.620545997864486,0.18196671865366887
SERPINB12,0.2521503977323172,0.18196671865366887
RGD1304694,-1.5433496562774973,0.18204048391317718
EEF1D,-0.5465759363354694,0.18207646678011305
PLD3,-1.0754540665151708,0.18208135037653825
SUPT4H1,0.7730296036473252,0.18217082205187998
FBXO32,-1.951598448356367,0.18217082205187998
KLHDC10,-0.7173474191335337,0.18217082205187998
PPIP5K2,-1.8594188729237136,0.18217082205187998
RCHY1,-0.6846170368396485,0.18217082205187998
HN1L,-1.3238918461695626,0.18219401603388174
GBP2,-1.1146061405560994,0.1822102504136925
GRXCR1,-1.4417354232815338,0.18224265129484338
CDH5,-2.4648413793007773,0.18224265129484338
PSMD3,-1.1579565088577857,0.18243359916221838
IL21R,-1.1216045182180414,0.18243359916221838
MANBAL,-0.4204019330806892,0.18243359916221838
RAB7B,-1.7487385097267638,0.18252957453738697
ANAPC7,-1.190920256098852,0.18252957453738697
ADM2,0.6416517270619353,0.18268404394364876
ZFP148,-1.1597877583836294,0.18269184140825456
ELMOD2,-1.4790206233760177,0.1826968402185044
PLD2,-1.4795586507665077,0.18275167133424927
ACY3,-1.8837787992766066,0.18281208599675514
AARS2,-1.624911773406492,0.18299384139788774
RGD1305713,-0.8835653415773592,0.18299384139788774
SEC22B,-0.36401349191257815,0.18300364686467688
DESI2,-0.8056723720909273,0.18300492540131583
TRIM10,0.1761823264642128,0.18300691267860944
FSCN1,-1.368082392585026,0.18300691267860944
MMAA,-0.5451481216063812,0.18300837620476607
CPPED1,-1.4413167973288008,0.18300837620476607
UTP15,-2.0935947566860635,0.18300837620476607
BNIP2,-1.0912580481021026,0.18317690418678498
PDCL,-1.728376842408763,0.1832329821624765
KPNA3,-2.2907122804610154,0.18335950019910494
MOV10,-1.99674994899222,0.18337289203127305
MAN1C1,-1.5742130399652852,0.18351597187825303
KDELC1,-1.9213432316629098,0.1836738287647564
ICA1,-0.5372726097306653,0.18367547869091214
HIST3H2BA,-1.197543468044495,0.18367547869091214
B4GALT2,0.2727679985802888,0.18367547869091214
NDUFB8,-1.006367667852329,0.18369136522107327
UPF3A,-0.4587217466372202,0.18369136522107327
MTIF2,-0.8971864700241556,0.18377362683071394
AGPAT6,-1.188920669925463,0.18390573366486637
FBXO44,-0.4004572632117935,0.18390573366486637
HEPACAM2,0.31294625100656537,0.18397302538262883
LUC7L,0.46864884287359,0.1840005974920583
HAUS1,-1.232867874532959,0.18405442806324943
RT1-M3-1,-0.922839672168454,0.1841095845910141
IL17C,0.24343023668020727,0.18411612663787183
IFT81,-1.1199119583290336,0.18411855912720418
SELI,-1.7920178760060153,0.18411855912720418
VSTM4,-2.080161742755528,0.18414843637647205
PIDD1,-0.9132433470050558,0.18414843637647205
SLAMF9,-1.8697135450833264,0.18414843637647205
ZFP397,-1.4863276180162965,0.1841521665895541
BOLA1,-1.5271878649951545,0.18418459206357715
IFT27,-1.4808563158465924,0.1844286776821162
CD99,0.9788612391442753,0.1844515566723763
PTMS,0.8411030099478749,0.18446695176446118
NAP1L1,-0.6457197552463745,0.18446695176446118
HMGA1,-1.498907770399298,0.18453143853997342
PCSK7,-1.4384136831628596,0.18456837578871843
BCCIP,-0.4508617439641407,0.18458005512677714
DLAT,-1.4372710414174321,0.1846880393009737
TAF5L,-1.5077021519802496,0.18471593892623145
NR1D2,-1.6923924212877406,0.18483243089991885
AP5M1,-1.6513934570460207,0.18483243089991885
PSMA4,-0.48479442209420487,0.18484976297335112
ARHGAP27,-2.0399994869599416,0.18485471196024417
DUSP8,-0.9547638661894798,0.18486514512418653
YWHAG,0.732153658553111,0.18490568394141585
MEF2BNB,-0.9064645053302858,0.18494561373023682
PRRX2,0.24251836531771753,0.18494561373023682
PLD4,-5.0480672249486185,0.18503230927432607
LOC683897,-1.0388093512330507,0.18521407318814434
LAMP1,-0.8775898204960093,0.18523792719865717
PPP2R2A,-0.9638901162720197,0.18524736002535316
SLC22A18,-1.353416904608701,0.1853199541093432
ZFP472,-1.4930509961243608,0.18533546729656752
WAS,-0.4769950203731277,0.18533546729656752
RAB33A,-0.9428591855242632,0.18533546729656752
AVEN,-2.063992028727066,0.18541823084336498
TERF2IP,0.7323585264923143,0.18542475507939205
SHOX2,0.17480778603622882,0.18546028031691242
AKR7A2,-1.2071243409164518,0.1857049786527322
EEF1G,-0.3688420985296954,0.18575387022713286
PLAA,-0.6841366340889818,0.18575387022713286
RPS2,-0.8092848706479092,0.18587908482788595
TRAF1,0.8417752718739608,0.18618258523468398
PSME1,-1.459678944066951,0.18618514034268355
GPX8,-1.288882109804216,0.18628045231308918
LOC683722,-1.5677210892595352,0.18628045231308918
RTFDC1,-0.7938503083476207,0.18628045231308918
CERS5,-0.5695256194908977,0.18628045231308918
PORCN,-0.8960667268824775,0.1863147806590037
ADHFE1,-0.5327406719098099,0.1863147806590037
VPS33B,-1.1516011302136697,0.18634273657734354
ATG5,-0.918702313130805,0.18638556961704777
ARVCF,-1.9098924001543103,0.18640901118325603
NUDT14,-1.9463231902355556,0.18655485398516178
RBPJL,0.34653196377782736,0.1865845336688822
MFGE8,-1.3476770130176146,0.18659700290656117
SNX12,-0.6538449451030908,0.1866817883847594
PCMT1,-0.8771432911171386,0.18668296077913765
TOB2,-0.8392417541587656,0.18668757091127225
APP,-1.948412436169086,0.18668757091127225
STXBP3,-1.125192843869641,0.18668757091127225
HARS,-0.6420223187165535,0.18668757091127225
ZFP566,-0.556614688884155,0.1866900366017999
HMHA1,-2.2146777547738195,0.18669045903692577
IQGAP3,-1.7506011081749568,0.18673854735876388
RALA,1.0902727087144664,0.1869700818465342
RPS6KA5,0.5803379268738298,0.18726588409025555
HSP90AB1,-0.3936909059830782,0.18730868624348695
INPP5A,-1.1089134774396736,0.18734242802921525
TAF8,-1.6142636125085328,0.18734242802921525
PIF1,-0.5602407715640656,0.18750459996858815
IER5,1.3355687084671644,0.18759928254552768
MARCH7,-2.842595260601655,0.18763810952894797
VPS35,-1.825194351130075,0.18765421111901834
TBX6,0.24502827805533084,0.18767837318328082
PCBP4,-0.9979788464174044,0.1877425298840254
THEM4,0.7507046663719854,0.1877954604165209
JMJD7,-1.3221896708746999,0.18787962696974356
OPN3,1.0377791308847906,0.18790979322364
GFI1B,0.661589607929079,0.1879405665225196
PTPRA,-1.9149619612971942,0.18811274124166877
FAM134B,-1.7467381174094658,0.18828202422886714
SNCG,0.27650976745533246,0.18831521086866074
PTPRE,-0.7581810906416253,0.18832979319807716
CSTF2T,-0.5359618440746217,0.18834784811893057
CIAO1,-0.7522745697323079,0.18841622744338088
HDGF,-1.3740683304504553,0.18842988402245658
ANKRD42,-1.0620984692849456,0.1885076899390864
NCOA5,-1.1283500865111469,0.1885664368015499
L2HGDH,-1.422652091116818,0.18868825357057273
SRD5A3,-0.6490985672045766,0.18868825357057273
CPSF2,-0.9220011089074078,0.1887173562041015
RPS19BP1,-0.8331691325216111,0.1887723280226987
TMEM147,-1.5522420788965858,0.18888536231652486
TRPC4AP,-1.0676173538786102,0.18896649537856886
ABCC5,-1.1644524028373984,0.18896649537856886
KLF7,0.45024324475566146,0.18901211087762698
SSPN,-0.7332791045516333,0.1890889940292128
EVA1B,-1.002132957169723,0.1892858574624084
DEPDC1,-1.2779048787691183,0.18935445717591573
OCIAD2,-1.3290723105226787,0.18941476484772796
LTN1,-1.5634616108758495,0.18943027234823584
CLEC4D,2.606162345029304,0.18949225615035423
PLA2G12A,-0.8064420929725001,0.18955412103791897
TRIM41,1.525678819533933,0.18955412103791897
CLCA5,0.42107827646667945,0.1896079674800922
STRN3,1.0680930305995116,0.1896227114981416
COX6A2,-2.7211770998147573,0.18974843283294232
CBX3,-2.9515725386975635,0.18974843283294232
PAM,1.236304998187194,0.189876287016348
TFB1M,-0.5071818773122483,0.18988022407636249
TRMT11,-1.3523660074228914,0.1899476333833272
SNUPN,-1.308082802647141,0.1899476333833272
MAN2A2,-1.7366578751250543,0.1899476333833272
NAGS,0.6353601034047577,0.1899476333833272
CPT1C,-0.7808370804758221,0.189963747507134
WDR46,-0.6492233254119562,0.19001477483396792
GSDMC,0.5898351467569753,0.19001477483396792
SEMA4A,-1.5182709169094841,0.19001477483396792
LONRF3,-1.1044509193575838,0.19011024528333897
EIF3F,-0.40372635002894164,0.1901630046804957
DYNC1LI1,-1.5646957972079503,0.1901630046804957
LRPPRC,-2.187536702610908,0.19027259025406149
SSH2,-1.5008648240584628,0.19044500816072424
COL4A3BP,0.9516956082855428,0.19047489281384217
DBN1,-0.5280051197545096,0.19058432272669895
TTC39C,-0.9619690833794593,0.1906791532882555
SLC35E1,-1.137576135408532,0.1907119473381657
BGLAP,0.29346465950977074,0.19071913011746564
TCAP,0.29511055718735146,0.19071913011746564
NAPSA,0.7941401684348187,0.19072585899160133
PLS3,-1.7520309420975888,0.19082969370749836
SARS2,-1.3073781604023003,0.19084552213689157
FKBP5,-1.5389447309360034,0.19085287683976437
RABGGTA,-1.406564036286492,0.19089316126831607
JADE2,-0.9117299425989619,0.19089316126831607
NUDT1,-1.0296764497113529,0.19089316126831607
KCTD10,-1.516360978014808,0.19089316126831607
ADAT1,-0.79759997337643,0.19089316126831607
LOC306079,0.38005994177620295,0.19089316126831607
GNG5,1.1436438586722444,0.19089316126831607
EHD4,-0.7773292354689358,0.19089849752204996
MSTO1,-0.46820527817744484,0.19095792334571607
CYB5A,-0.7077011488634541,0.19095792334571607
IFI27,-0.7254745022345386,0.19095792334571607
OPLAH,-1.6751135815202716,0.19095792334571607
YIPF5,-0.26764761896101064,0.19106718527668679
CHAC1,-1.0917808556968467,0.19120577399941038
NMI,-1.1590006026158757,0.1913991532859218
RT1-T24-1,-2.1845146659049877,0.19141890112623924
BTBD10,-1.4623796651511682,0.19141890112623924
PIM1,3.3148853711382786,0.19155261997718567
CCT6A,-1.3368952010835642,0.19167371600878705
IFITM1,-1.9283417730665426,0.19167643727755204
ECH1,-0.5794817102226437,0.19169726804029236
CDC37,-0.4950416906816075,0.1917155521434181
ZDHHC8,-0.6615639773064159,0.19192829865047156
SNRPA1,-1.217365025680297,0.19214327484761307
ZDHHC1,-0.5408266661849123,0.19218847229486155
ZFP786,0.5440229692994257,0.19220319615881293
RPE65,0.2724018841396552,0.19227652697753903
G6PD,-0.5982396687550935,0.19230796209497278
SESN2,-1.3803020975855147,0.19240328720057695
CNN3,3.0815202643233692,0.19246740621608702
ARPC2,0.337922312914797,0.1924860734733491
PEX11B,-0.7923130730652179,0.1925435572979119
ADAL,-0.774667169538829,0.19258806479732532
NADK,-1.231443171340493,0.19272251435489784
PRL6A1,0.8006464210246309,0.19285199531601316
PRKRIP1,0.8537733728399672,0.19286205762422934
NEDD1,-1.319311195004607,0.19286205762422934
KRT23,0.5940399410075374,0.19287482940835018
SIAH1,0.7131976638547664,0.19295045745653142
RGD1310371,0.4570832321985809,0.19302492970639043
TARDBP,-0.34400781287725035,0.19313047867129504
COPG1,-1.9805105850680054,0.19317865269762458
ATP6V1B2,-1.4627443314267472,0.19317865269762458
ENTHD2,-0.7985888055958039,0.19318456917406246
WFDC3,0.39096147683053994,0.193185103941621
CCND2,-0.5861472640140297,0.19324916730000863
NUDT13,-1.021634587111403,0.1933649028414216
RAB4B,0.6133164812432854,0.1933649028414216
NOLC1,-1.159978244840624,0.1933649028414216
CASC1,0.45132070351714293,0.1933649028414216
LACE1,-0.5451992216868877,0.1933649028414216
TDP1,-1.3709103211736617,0.1933649028414216
RHOBTB1,-0.8534019165051123,0.1933649028414216
PSMC1,-0.4458285952505241,0.1933649028414216
CDK13,0.7027879792493095,0.1933649028414216
LYRM1,0.7983185514878155,0.1933649028414216
PPP1R21,-1.0797925335870735,0.19337496890914274
ANGPTL2,-3.9444312809655626,0.19359869880951058
IL33,-1.1396764105351078,0.19360504657312003
NXT2,-1.6081333718070288,0.19361232254734126
TMEM168,-1.8535882822096545,0.19361642091183337
CD52,0.40743646947583323,0.19370109670626298
RPS4Y2,-0.6040763546559855,0.1937620596864862
FBXL22,0.4267081342670021,0.19376452164174354
SLX1B,-0.4929450592792961,0.19376452164174354
RGD1559786,-0.5002998688125699,0.19376452164174354
CAPN2,-1.4764742691656227,0.19376452164174354
AAMDC,-0.8870947361846955,0.19376452164174354
RFK,-1.5492617616254338,0.19376452164174354
EIF4EBP3,1.656792861454936,0.19376452164174354
SEPT8,-0.8387218482902421,0.19377592794368348
DISP1,-0.6055338998214851,0.19389794089581877
SUFU,-1.4803859419363667,0.19389794089581877
HTT,-0.6232542198900664,0.19391464121897714
TEX38,0.2114969572778472,0.19391464121897714
SECISBP2,-0.48698520651247,0.19391464121897714
SCARB2,-0.7968536864569433,0.19397077834756082
TBC1D31,-1.3454310358043395,0.19434061785744985
RBSN,-1.2758577161962363,0.19434061785744985
SMC1A,-0.7164021894872139,0.19434061785744985
SLC3A2,0.8654534475119338,0.19442618793619548
MPC2,-1.755521600526972,0.19456031924054937
NLN,-0.5928070376738761,0.19478139301937722
COQ10B,1.1193462848317823,0.1948417800237113
NEK7,-2.707961155523656,0.19493055264069442
KANSL2,-0.6844738659516998,0.19493055264069442
CCT4,-1.054103569859298,0.1950567827392933
TXNDC12,-0.3939982475356105,0.1950635298521215
TMEM126A,-1.0525730051496658,0.19512655890987907
TXNDC9,0.5052720720037476,0.19515038623073913
PPP3CC,-1.175698798457199,0.19521363061377295
KCNT2,-0.8602051285428036,0.19549861483738165
GINS2,-0.8759041887349586,0.19550263669151707
APOA1,0.4646710333178435,0.1955219716845837
DSTYK,-1.156100366060664,0.19558084353637614
EXOSC9,-0.9896901446010555,0.19558152237968757
AP4M1,-1.2786423616875433,0.19558772542784617
RFWD2,1.323312766283654,0.195670264390126
PVRL4,-0.8787186107419305,0.19570479063086116
ZFP189,-1.4277091773469361,0.19576806873164776
UBP1,-1.3359419705476372,0.19584355130923364
HTATSF1,-1.3473500821228095,0.19589259304727208
AIF1,0.6721568798730786,0.19589397153899954
COL4A3,0.7633931815741073,0.19589951770266373
ATG10,-2.03249008024959,0.1959215903358115
KDM1B,-0.858038683859947,0.1959215903358115
CGGBP1,-0.7206574083674031,0.19601139075464846
TIMM8B,-0.7117415904564632,0.1961616864601563
ASB5,0.5627148412799748,0.19616777365380045
OLR338,0.3821813852268383,0.19620657892926577
VTA1,-0.39149157666923884,0.1962147443563531
WBP11,-1.2242716043744672,0.19625523776246523
ATRAID,-0.9258332969721437,0.1963630368969408
EFNA1,0.2685266177088512,0.19656192244488188
CYP27B1,0.8560140351826369,0.19656192244488188
CHD6,-0.4868360822752942,0.19659810101047975
SZRD1,-1.053123344189657,0.19661787937741543
BCL2L15,0.23514618924362074,0.1966705552166922
CYM,0.8199550933512977,0.19673517294881798
HSPB11,1.0254055451082955,0.19673517294881798
CHFR,-1.0691782345449723,0.1969337894953988
ATG4C,-1.7204443338066113,0.1969337894953988
YPEL5,1.0629442055102194,0.197064248565619
PIWIL2,0.30469397596054515,0.19710612953911336
FAM76B,-0.5931699840267555,0.19710964513364276
PTAFR,-1.597416657646419,0.19718062414882756
PIGS,-0.5034410498055064,0.19718062414882756
HSD17B14,0.16846874772282192,0.19720060123278763
FAM55B,-0.5996326596163932,0.19720855808363513
OSBPL11,-2.247877277836495,0.19722010911637192
PVR,0.9041474586211979,0.19727285243066275
KLF15,0.1678562972823609,0.19729025760570723
NIPSNAP1,-0.997472734587523,0.1973755790437519
FBXO34,-1.0417555354007235,0.1973755790437519
RGD1310769,-1.0747578304686392,0.1973755790437519
LONP2,-1.6248608121908943,0.19737739841435137
TTC30B,-0.3941205014704396,0.19737739841435137
RTP3,1.5147706424984682,0.19744426283490676
FAM107B,-1.9585066327955607,0.19763730959879888
SEC14L2,-1.600386832080699,0.19780113818102613
YWHAB,-0.5050096496906287,0.19788265156327037
TAF15,0.5258392294742904,0.19790194448866924
CHP1,-0.8094875172256897,0.19791407705641337
UNC13D,-1.9369803263896859,0.19793772394379158
PRR3,-0.6561864428714235,0.19808391647448875
LOC314140,-0.4384523015018358,0.19818678044360652
CYTH4,-1.0499598436891204,0.19819166954797884
PLEKHF1,-1.0625296908795305,0.19819166954797884
PTP4A2,-0.3143294604992528,0.19819809701475427
MPHOSPH10,-0.7319502157990341,0.19848466306784818
SUCNR1,0.3775891133131848,0.19863419602698382
PRKACA,-1.5240629894242579,0.1986398795258683
COA7,0.5868567470979369,0.1986552366865291
S100A3,0.4195533273491413,0.19881374007964364
HSPA8,-0.6721020880126582,0.19884706756606305
RECQL,-1.4046059471415318,0.1988476833879931
RAD9B,-0.49714235555919006,0.1989137985095264
HCCS,-1.099904931114366,0.1989137985095264
ELF4,-1.2914421696675888,0.1989404298802522
CRKL,-1.754580985705543,0.1989404298802522
ALG6,-1.2496717095017518,0.19901786239534783
AGRN,-0.4387891583009026,0.1990971138719595
XKR5,-0.9782490315000593,0.19911844314123356
RABIF,-1.115163849639908,0.19917418814014054
POLH,-1.1155431874144606,0.19921470975249525
MEIS3,-1.547226057175247,0.19921470975249525
DENND6B,-0.8128854190175925,0.19921470975249525
PPP2R5B,-1.7394679685078511,0.19921470975249525
MRPL36,-0.6094821652069959,0.19934546266577705
CEP57L1,-0.9941060596893554,0.1993772363991973
EIF4ENIF1,0.7614820866086172,0.19948419538910792
NDUFB11,-0.8261114235084985,0.1995358214879059
ELOVL1,0.3691832499378229,0.19957385855908635
NFIL3,1.9073951490683774,0.19957385855908635
GFM1,-1.3935875544559724,0.1996275264310854
LIPOGENIN,1.5924617874042502,0.19975153287992067
COX7B,-1.279728543640351,0.1998641030646073
TNFRSF26,0.8360108601212781,0.19986791634108503
PCGF6,-0.9004716891872491,0.19994758977734467
LRRC14B,-0.9119499506756386,0.1999729228655717
RBM10,-0.8441350443811682,0.20009843038022704
CIDEA,-0.5223498572067142,0.2001953844716286
TMEM179B,-0.9327836781262118,0.2002522010254525
PLXDC2,-2.214845911082332,0.20038183099656837
SIRT3,-0.8886624872973865,0.2003857505809776
PSTPIP2,1.4646836957285378,0.20064979952910064
CLHC1,0.2694066272716743,0.20065773393739117
FAM50B,0.3907854532537806,0.20065773393739117
LIN54,-1.750839791761133,0.20067014586166879
GALNT4,-1.2034684117562093,0.20076087605717366
TRDMT1,-0.9703649134789989,0.20083216471680923
CDC14B,-0.8596594616517887,0.20085440538780772
ACOX1,-2.4975329248732088,0.20102616272920898
GPD1L,-2.2526127289132702,0.20102616272920898
SNAP29,-0.9222574079197772,0.20102616272920898
TNNC2,0.3741313949740524,0.20103653294658447
SLC38A7,-0.9385016449674164,0.20105278919832414
HIATL1,-1.6116296927933815,0.20105278919832414
TMEM252,0.27994310308632997,0.20106573240170914
ENKUR,1.1304173309621497,0.2011304345507001
CRTC2,-0.5752682991163964,0.2011304345507001
PLCL2,-0.8259590758249487,0.20114845861956154
TTC8,-1.0552273683868254,0.20115298194185435
SYVN1,0.6753734392047894,0.20125718546958185
GOLGA2,-1.0430198680476561,0.20125718546958185
DTX3L,-1.2602492747183347,0.20127092639345875
REXO1,-0.6348467804969486,0.20127594282025765
PLSCR1,0.8825172262970389,0.20129712278271672
SCAF11,-1.2247619153855203,0.2014251570152981
HELZ,-1.1202349229917723,0.2014251570152981
CDC23,-0.8803145374963361,0.20148185351165332
SENP6,-0.8990952646673045,0.20148185351165332
ATG12,-1.1295669025791395,0.20148185351165332
RBP4,0.29059072297854016,0.20149627261007072
ZFP867,-0.5948756937804809,0.20163171906725588
POLR2E,-0.47433267823566005,0.2016518538194255
RHOH,-1.4094852578008608,0.20181524609477658
RENBP,-0.3270429380714459,0.20181524609477658
TSFM,-0.8590003411224045,0.20193940044134484
TMCO4,0.6728481533519155,0.202025480026705
LOC689766,0.26356570066639523,0.20209757320255262
SLC4A5,0.3659895849706677,0.20228056507933273
MYL4,1.4478629983853524,0.2023175635131798
COG6,-2.136115927443165,0.20243820099724263
ZNRD1AS1,1.1078600687107207,0.20243820099724263
RARRES2,0.2565843867558238,0.202445268769526
SEPT7,-0.7383670988718638,0.20254607714104056
PTGES3,-0.5541585980876471,0.20262026532548663
PYCRL,-0.4811674713669021,0.2027539738139784
TMCC3,-0.6420487074169833,0.2027539738139784
SAPCD1,0.37831877134651376,0.20276035677154317
ALKBH8,-0.8956906455907454,0.2028272101690574
AKIRIN1,-1.189481385609847,0.2028272101690574
ASMTL,0.6595992723925597,0.2029014766887209
AIMP2,-0.2759271583856293,0.20290183636840325
FMNL1,-1.9187050642736003,0.20303594502582487
EPB41L3,0.3028008076284561,0.2030940593487502
RGD1561778,-0.8765407818402823,0.20315056647612584
PI4KA,-1.0132175686483753,0.20317731981851636
BRI3,-1.3774046700477944,0.20332530734299
SESN3,-1.7963020509337544,0.20332713161292748
NEU3,-0.7402172985084484,0.2033618344985533
ABHD4,-0.8336254833374177,0.2033851882827049
CYB561D2,-0.8418963621649946,0.203453015113039
ELP6,-0.8001353253927901,0.20362563346132614
CD3D,0.22578083343038696,0.20362909974263332
HADHA,-1.3251045221021203,0.20368615890451108
RBBP5,-1.273153037843673,0.20368615890451108
MED12,-1.2007781711545222,0.20368615890451108
MAP3K2,-1.1410213043938389,0.20368615890451108
KLHL25,-1.77138727561437,0.2037179560756241
NHP2L1,-0.4334721835964679,0.20384719730614684
E2F7,-1.2923791854369413,0.20392126736647476
OLR1160,0.2832141746282878,0.20400628715013971
MTFMT,-0.645887216469966,0.20404275465451566
QTRT1,-0.7710983921811003,0.2041152190132969
MAP2K2,-0.34504068918195596,0.2041493361171013
TRABD,-0.6083326498762602,0.20421847223292952
PDE4A,-1.4714776121405302,0.20421847223292952
ACP6,-0.8915677681973624,0.20431842395298713
IL17RA,-1.4529536821173399,0.2045277723508493
EEF1A1,-0.6479899197496568,0.20455435277691636
PACSIN2,-1.4031860661917248,0.2045607346054034
CREB5,-0.5843783233720998,0.20457776151276047
STK25,-1.0925746006741708,0.20458436970746566
THRAP3,-1.4685009555401667,0.20458436970746566
PTGER2,2.1936061689782065,0.20465710922249641
NIPA1,-1.2975165860296687,0.20466817376750138
KMT2E,-0.47332626446474757,0.20467892397876158
HK2,-2.20746421200748,0.2046922321665261
ZFAND4,-0.8627408313983113,0.2047321978812194
MYNN,-1.3584117010506644,0.2047321978812194
TMEM115,-0.3883262546161026,0.2047321978812194
CCDC120,-0.9685786411535525,0.2047817763585922
CEP70,-1.288322230807236,0.2047817763585922
MFN1,-1.6945179248517188,0.2047817763585922
RGL3,-0.7706214246992144,0.2047817763585922
RNF11L1,0.7167098750530747,0.2047817763585922
SNX29,-1.764789033729235,0.2047817763585922
PRDX5,1.2533143228055614,0.20481017155479134
TCF20,0.805346749079457,0.20481017155479134
TYW5,-0.739913642576723,0.20487873740466098
SCARA3,1.1981162667096696,0.20489092971817427
TRIAP1,-0.6714917471576607,0.20491692765919145
ARL5C,1.6509398347855233,0.20491692765919145
RBM48,0.579166687057699,0.20500454571266175
DDX51,-0.8863503030204678,0.2050596849644085
ST8SIA1,-0.6759087302663007,0.2050596849644085
VAV1,-1.6939711072195842,0.2051132523764397
MSX1,0.2276104758423404,0.2051293495450831
DBF4,-1.4225151374594218,0.20520515201168815
MYO7A,-1.7406702625022292,0.20540956458435497
CITED1,0.20148707516364098,0.20541748000306992
CPT2,-1.0492573790420798,0.2054199792683923
CIPC,-1.025640241109088,0.2054229409381148
SLC35G1,-1.6953895484603019,0.2054229409381148
ORMDL2,0.6175924274386402,0.20546046073312624
AP2A2,-2.124873679378538,0.20547730705722647
PSMG1,-0.4495564474191802,0.20547730705722647
ITPR2,-0.8065315290009856,0.20553666939271845
DLD,-1.0138785523566458,0.20557102664101654
ACAP3,-1.2848044129704095,0.20562891276695755
NUDT2,-0.9809129531843048,0.20562891276695755
KLF4,2.157568370909682,0.20564538269589858
DGCR2,-1.30916190486084,0.20579052745406293
GGPS1,-0.6487819803477364,0.20579052745406293
PPP2CA,0.6170303787660121,0.20581650323190306
CLSTN1,-2.1005437726524594,0.20585016452679425
SLC38A9,-1.449265238488394,0.20593056841289076
RPO1-3,-0.3578554006358381,0.20621631784695174
RTN2,0.9948148213443558,0.20630849718069177
RBM39,0.3875397238160545,0.20632926288232298
CSK,-0.6806840009579274,0.20636038605954807
LMNA,1.1190445589767561,0.20640369620892576
BBS2,-0.6480861230877948,0.2064548593902299
ELMSAN1,0.6494927327576931,0.20649291310135806
ABCC4,-1.556957041343261,0.20659465521465964
WASF1,-0.8057030721072879,0.20662877269162408
VPS4B,-1.4277040116538329,0.20677860253322525
MTERFD1,-0.6759425135607571,0.20683998712777302
KIF3C,-1.0829363527182083,0.20683998712777302
SYNRG,-1.5426137257659238,0.20683998712777302
CACTIN,-1.5900411156902272,0.20683998712777302
NCDN,-1.2714298125348296,0.20696439401073652
MGMT,-1.7090790667499607,0.20697146632786503
RP2,-1.3439896292101208,0.2069801816350903
MAP2K1,-0.8447459865167648,0.2069801816350903
SAXO2,0.32081231764002976,0.2069801816350903
APOA4,0.25166819978876465,0.20702317201410245
GSTA4,-0.36652872561578753,0.20710086784312717
FAM204A,0.6313099501353516,0.20720636684762653
PTPRS,-2.427865894715604,0.20734432173273934
GID8,-0.4657349424697861,0.20734537323323393
CLMP,0.6116751244173618,0.2074222026047844
ATP6AP2,-1.1577860501830965,0.2074908614502012
LRRC8E,0.32607556692964723,0.20762346026864892
PNPT1,-1.3544612638221265,0.20771015879513707
AKAP17A,0.5469990372249405,0.20771015879513707
GCLC,0.4975026959255877,0.2077526449372707
CHORDC1,-0.8848343165216557,0.2077526449372707
BNIP3L,0.6268369128252873,0.20783715706644518
ICAM1,1.7459492478968421,0.20784702128470028
HTR1F,0.24968804538735553,0.20784702128470028
TMEM56,0.2738786811399183,0.20785986410867438
TMEM37,1.2373607035103737,0.20792767730533412
DUSP2,1.5347769756075076,0.20794725355678675
CUL4B,-1.4681244278865009,0.20804102156367046
PRICKLE1,0.8239108280573897,0.20810101341699427
NUDT21,-0.5038510019550095,0.20816446145679224
ACAT2,-0.9804723196995331,0.20816446145679224
OGT,-0.6280514585846748,0.20817014203938825
ERBB3,1.364147783601841,0.20817014203938825
ZMIZ1,-0.8710504557811998,0.20841442087747422
DDX18,-0.6148646405636842,0.2084553175749795
PAPSS2,-1.048477961550577,0.20846720880706454
LST1,1.3714476227976666,0.2084983095964546
NOMO1,-2.0613217389120813,0.2084983095964546
CDK11B,-0.5853611147029896,0.20850262037948336
ADRA2A,0.3596684381756663,0.20850262037948336
SDF2L1,0.9574003213748306,0.20851518474345448
THRB,0.4474854122639519,0.20851518474345448
CD40,1.9710684578195607,0.2085563020418092
TGFBR1,-2.5450671332097823,0.20865135692806366
RUNDC3A,0.3791545387852685,0.20865135692806366
PPID,-0.661581998691136,0.2087689001101181
NUP210,-0.9831749441212217,0.2088417611208461
EIF2B3,-0.5168993753003601,0.20889029739517198
EIF2S3Y,-0.7085322246998063,0.20895488875365734
PPARGC1B,-0.5324519876866504,0.20896543298667497
ZDHHC12,-0.6586179405376535,0.20902049427370958
SPACA4,0.22267598609217673,0.20902049427370958
RPS3,-0.533068234669507,0.20902049427370958
NBN,-1.1258638172458024,0.20902137101362422
MAP2K7,-1.8102100333773585,0.20907129404712002
B9D2,-0.5154345721236222,0.20937865467864403
MTRR,-0.9835827935791588,0.20939245258339495
CHMP2A,0.46130178823681156,0.20941192226179334
CYP4F5,-0.6274990790342534,0.20941192226179334
SRSF4,-0.6478356198494213,0.20958808155721786
LDLR,-2.4618880813134405,0.20966841513641274
OPA1,-1.9340933781787837,0.20966841513641274
ING2,-1.4863663796994036,0.20968220226988057
PDE3B,-0.662801953172727,0.20976859264362516
DCAF7,-1.7828476424953226,0.2098827641473307
GMIP,-1.351725401571477,0.2098827641473307
PTDSS2,-0.8555371669214358,0.2098827641473307
MEPCE,1.1153955883469997,0.2098827641473307
TRIM16,0.7288824616076451,0.2099664950161922
TTC33,-0.8645813896546723,0.20999578316942077
LMAN2,-0.3460100464662528,0.210055953656893
PSMD14,-0.5621834060775317,0.21008468400679498
NDUFA2,-1.2182318622286106,0.21010065913689632
HAAO,-0.9913765344258988,0.21011458703529579
GPATCH2,-1.5040681114566457,0.21013893544306905
PARD6A,-0.9636665884632851,0.21013893544306905
EDC4,-1.6100498618842012,0.210192587744762
SLC25A22,-0.6947195760980205,0.21020953553190577
OSBPL5,-0.7057740397550935,0.21026071114483982
ERAS,0.24640443869793754,0.2102935795242751
HK3,-1.7086469985608757,0.2103295168883818
WDR31,0.5376758383036263,0.2103295168883818
BCL9L,-0.43555559415629763,0.2103295168883818
TIMM10B,-0.8459382220751404,0.2103519838256441
ALKBH1,0.758555343366266,0.21053773075148188
ZBTB42,-1.8714223792378657,0.21054921339258892
NCSTN,-1.4350993921374453,0.21054921339258892
CIR1,0.5370459996742474,0.21056163364716304
KHDRBS1,-1.0546890464643277,0.21059775758914256
CCNC,-1.067754184078141,0.2106419530346546
NINJ1,0.6186810341178424,0.21080805910364475
MRPL52,0.6685775032086818,0.21096529876920328
EXNEF,-1.018141776361833,0.21108388557930707
IL1RL2,0.220554081505707,0.21121221089394954
AIFM3,0.3748667913525452,0.211411402876826
TMEM39A,0.9224722895719353,0.21153225080769253
ARMC8,-0.7049331774846381,0.21162059893174226
USP9X,-0.5375832698210332,0.2117042646238127
WARS,-0.7204666923058181,0.2117113514431705
LOC100363521,-0.8581142118396201,0.21171338563419156
MARVELD2,0.3608806282464505,0.2118769176797858
CRK,-1.4951179401019674,0.2119049250884815
ACRBP,-0.4886359300668337,0.2119049250884815
TAF13,-0.7934044265718643,0.2119049250884815
TRIP10,1.2095318479560446,0.21191885243569164
RPS17,-0.9119306215180298,0.21194194414143058
NDUFS8,-1.059479257579194,0.2119657663570347
POLR2F,-1.6826720197813017,0.2119657663570347
EPM2A,0.41376911855436155,0.2119657663570347
SLC9A3R2,-0.9816652231465808,0.2119657663570347
CD55,1.7477263225097164,0.2119657663570347
CXCL11,1.5772291078970566,0.2120417303220076
GNL2,-1.3235127008317056,0.2120417303220076
TATDN3,-0.925087193398874,0.2120417303220076
SLC22A4,1.6111049022423172,0.21208015665481425
HDHD2,-0.9896417728832336,0.21218881885863838
PMS2,-1.8847435867741742,0.212363609959354
RPS6KA4,-1.554487337585939,0.212363609959354
SNX2,-1.1376473554982445,0.21242571967161483
CDC42SE1,-0.6654965776654782,0.2124818648473544
SPATA24,0.656159594662705,0.21249122511927174
CHMP4BL1,1.0374886023630259,0.21249122511927174
ODF2,-2.030389569889342,0.21249122511927174
CAMLG,-0.3193337146476618,0.2127414272991157
NPC1,-0.5064250073181689,0.21286316876279326
NARFL,-0.7004536688013854,0.21286316876279326
CARHSP1,-0.6891066917278725,0.21290116746583918
SNRPF,-1.9367928840790332,0.21296607589574545
PLEKHA1,-1.5951394049195207,0.21313601288672593
COLGALT1,-0.9458923348356745,0.213241994455544
COX7A2,-0.7772832670518239,0.21328200776792733
SPIRE1,-0.7988345389827645,0.21328318473869767
HERPUD1,0.9409950462337289,0.21332973901277108
DNLZ,1.1020301925128368,0.21336881578111017
ZFP14,-0.3226008493741425,0.2133911334312418
ZMPSTE24,-1.252600635854459,0.21340359411415508
MPRIP,-1.2699457847051918,0.21343463382298344
CENPC,-1.1088726845617891,0.21343463382298344
CH25H,1.1513506475748994,0.21347061795621766
METTL5,-1.2496384437800683,0.21347061795621766
NUP107,-2.0865345087303035,0.21365180747653068
NRBP2,0.19546351326697534,0.21368324689791393
LOC100361444,0.1952556157061616,0.21387568421352707
PRDX1,-0.48132141297249653,0.21396166195245503
PRPS2,-2.169502410864478,0.21396886663187395
SRSF11,0.2776436216617162,0.21398603733434318
PAPD5,-0.6856726715405628,0.21398794982883354
MTMR4,-1.0787212124656869,0.21409745666543936
VPS45,-0.38120296314216207,0.21409745666543936
MORN2,-0.9657387177329368,0.21409745666543936
CTU1,-0.9543189025121823,0.21410060479862136
ZFP382,0.615625868339342,0.2142964415507143
COX15,-1.1217366993097364,0.21430295165198357
RGD1562079,0.704998564571448,0.21430295165198357
ARL10,-1.012380923044456,0.21431939187583685
AP2S1,0.7082646967798603,0.2143397936129537
ATG4B,-0.5166754344275826,0.214358067318738
CUL3,1.5246114582728478,0.214358067318738
CNOT1,-0.9382831926601298,0.214358067318738
BAP1,-1.4414187848882265,0.214365233725846
TOPORS,-0.7476473495693865,0.214365233725846
SYTL1,0.23301533257309917,0.214365233725846
SLFN2,0.9567606655142695,0.21453190847331433
VSX2,0.373688296669921,0.21453190847331433
ZC3H3,-1.2341928280359784,0.21456318741211666
MAP4K3,-1.102912155987804,0.21456318741211666
EPS15,-2.5148142387872285,0.21486081285304026
NIFK,-0.6413453129094195,0.21487998201269046
MAP3K8,1.7735969500609454,0.21493662397339638
IYD,0.2178833493062148,0.2149625174317069
CCDC51,-0.7977630938059181,0.2149625174317069
KIAA0895L,-0.6008093987197105,0.21496913550522187
S100A8,2.058252240833993,0.21511487721687902
MED19,0.46583906137589004,0.2151910051808224
RFX5,-0.9863792420056057,0.21521527078379238
NLGN2,0.2573854901005391,0.21525088786133478
NSMAF,-2.258977915799166,0.21533499737896505
LYRM9,-1.0858105748069813,0.21535408563803635
DPY30,-0.8909286127096037,0.2153697586756601
SLC23A3,0.2689415271084794,0.21538345909405365
KDM6B,1.221585736692985,0.2154034231632901
RING1,-0.696621987290438,0.21542831048875172
HOPX,0.8639949178817745,0.2154394571186847
ZBTB41,-1.233047961144687,0.2154913511263328
ABCD4,-1.0705026956904387,0.2154913511263328
ACO1,-1.4058419618723108,0.21550040187094868
ACOT13,-1.0659863635587732,0.21559059039870807
BBS4,-1.2390872787421938,0.21565919806413925
MCMDC2,-0.3682214100991291,0.21568147106043004
RGD1306941,-1.413986575738594,0.2157900185613145
TRAPPC11,-1.699904314731941,0.2157900185613145
TP53I3,-1.0842224840511503,0.2157900185613145
SMARCC1,-1.573639017922209,0.21580274656710893
LRRC48,0.5768829718720664,0.21582533434234413
F11R,-1.6093709109140333,0.21586522804239092
STK38L,-1.4080703422980942,0.2158978240050269
FBXO9,-1.0263024571813686,0.2158978240050269
MRP63,0.5642396984901641,0.2158978240050269
SNRNP70,-0.9187745371214753,0.21589952059807657
PARP14,-1.4372466252325835,0.21592329307024546
RGD1309676,-0.9580890973798253,0.21592329307024546
HSD17B1,-1.304153011191046,0.21604729482888127
GLYATL1,0.37371923690504116,0.21607956466020697
TLR9,-0.9260809514578101,0.21614355294731064
UFC1,-0.4682234717939693,0.21619916481329873
OTOR,0.21898322391680752,0.21631495375488435
CYP4F18,0.2192050811832893,0.21631495375488435
DDX21,-1.3815026892570286,0.21635219461161648
IKBIP,-1.5334837337888245,0.2163799932313731
EHMT1,-0.9680965674254711,0.21643723674764256
POLR2H,0.6208216307670624,0.21657815919558193
YPEL3,-1.578836900192527,0.2166237410134421
CTBP2,-1.254847171153198,0.21681679534056333
LRRC19,0.26716421504857596,0.21684800856363498
DPEP2,-0.6585653763424597,0.21684965423501634
ARRDC4,1.9159220335445661,0.21684965423501634
ZFP192,-0.37909711237708543,0.2168585393352488
SNRNP35,1.0596378645612163,0.21686245157642914
MED13,0.6249801205367573,0.21686245157642914
GOLGA1,-0.5887747048773679,0.2169227626352124
RSRC2,0.4187178898553796,0.21695633290295963
TTC38,-0.9062283153228131,0.216959898790152
WHSC1,-1.6724180434124223,0.21699337993169487
CLSTN3,-0.16801303897406467,0.21707181416709712
RRAD,0.24084917234283426,0.21720922039593965
NUP160,-1.759048766281848,0.2173556747681317
GCA,-0.8780951365394247,0.21746135461504032
PXN,-1.2962756890739096,0.21746135461504032
HAVCR1,0.1951810075546599,0.2174764858661186
RETSAT,-1.2469510760396663,0.2174764858661186
COQ4,-0.8022609400414189,0.21751038006902576
CITED4,0.907251557159684,0.2175142812177332
RAB25,-1.2056100670138843,0.2175182728452644
KIDINS220,-1.055740089303351,0.2176416841676957
PER2,-0.5284465594167411,0.2176416841676957
MFSD2A,0.359100118396138,0.2176416841676957
PKN1,-1.5669629712706605,0.2176416841676957
SLC35A5,-1.4394765295813416,0.2176416841676957
RBM41,-0.6563296669602261,0.2176416841676957
ALG1,-0.9379780687614898,0.2176416841676957
LZTR1,-1.7424204424828558,0.2176416841676957
TAF9,-0.3873622294122221,0.2176416841676957
PPP2R3B,-1.003199644626265,0.2176964479516446
SRRD,-0.835626427169927,0.21781183843658514
TANC1,-0.5165834234759822,0.21781183843658514
PCNX,0.46212116739321407,0.2178494232847556
TFAP2E,0.3067426352243364,0.2178494232847556
ZDHHC13,-1.0413049945256287,0.21787156845203645
ZBTB7A,0.6130996406470643,0.21798536669009264
DNM2,-1.0895248593666658,0.2179893329382619
CACNB3,0.6056960563320217,0.2180464318998523
RBM17,-0.5259368193660174,0.21808171700393786
SLC17A9,-0.9507318969085428,0.2181256922792692
LRFN4,-0.7399632789368286,0.21821015365936672
PSPH,-0.6792907762600535,0.2182204964304939
SFPQ,-1.3041478350533726,0.21825685551381777
COX17,1.3834711622094353,0.21840232873608273
RRAGC,-1.3987200746803161,0.21840252807319738
RAB3C,0.26582932293718753,0.21842537896227826
RABGEF1,1.1818683849692304,0.21845161117969286
IVNS1ABP,-1.8262197400866271,0.21847731294774272
PDE7B,0.15732833938397375,0.21849393121311456
TTC13,-1.4832261644244813,0.21851801198507578
CCDC132,-1.7230024239622943,0.21855335661810738
ENKD1,-0.5813198058689879,0.21865592561394262
CBY1,-1.5371898661886543,0.21870492337436223
UBR4,0.33190646564936976,0.21871570955919334
BTLA,0.21700979632419531,0.21871570955919334
STAM2,0.46483855492813575,0.21886289771320172
BRD1,0.9765668417446001,0.21886289771320172
TMEM51,-0.4379328438540207,0.21886289771320172
RBL1,-2.8881185261456563,0.2188922327549709
LOC100174910,-0.6782659837734595,0.21900373428252454
RGD1307554,-1.2930695569741741,0.21900373428252454
VAX2,-0.5756996552980913,0.21900373428252454
NRBP1,-0.9107928564809304,0.21900373428252454
SHBG,0.3163479748600726,0.21900373428252454
LYAR,-1.0469812662193458,0.21912994087351706
ZDHHC20,-0.7697884612723582,0.21921840216593078
BCO2,-1.2334264250475293,0.21921840216593078
TUBGCP3,-1.4560194536072095,0.21921840216593078
DUSP23,-0.4032671164391599,0.21937813439570766
ADTRP,0.32158426598451284,0.2196246634513332
SMIM20,-0.4946003507689749,0.2196246634513332
ITGA4,-2.7203739188563114,0.21963658276392792
ZDHHC14,-1.3882829690547296,0.21998276878815942
MYCBPAP,0.394075481471032,0.21998276878815942
IL22RA2,0.26461689540877126,0.2199880763555155
SEMA6B,-1.3833060359477831,0.22012300809328206
HIRA,0.5626711570007861,0.22015275618407654
POLR2B,-1.4282798141086004,0.22016317925238107
RHD,1.098865223193834,0.22016317925238107
CHI3L1,0.787841733061567,0.22016317925238107
OLR829,0.2170482735704943,0.22017022237704917
NCF1,1.1208988089504857,0.22036737845979049
ZC3H13,-0.42717851338588764,0.22036737845979049
NSMCE1,-0.6243486449318025,0.2203878149854553
SNAI1,0.5117688751166158,0.2204454104884375
PRR13,0.7350424131721702,0.22047387660962875
PDE12,-1.1920291111414447,0.22048269611524776
GNMT,0.216232584514787,0.22052936706665796
FNBP1,0.8344934242082305,0.22052936706665796
ZFP238,1.1452345330838771,0.22054231359776225
TUG1,0.6643410511820702,0.22059782026965494
LGALS5,-0.28896660021933296,0.22060095999024387
RGD1305938,0.7684231525244396,0.22063419361300782
LSM12,0.4197113675452515,0.22066205407859485
CST7,-0.7723397065022303,0.22097212326856017
ANGPTL3,0.15614287671857038,0.22099045777792914
GIN1,-1.360120578231254,0.221059324479023
FUOM,-0.9005216072114411,0.22108493098668494
GYPC,0.7550847222607852,0.221125129638289
ZFP622,0.651682981604043,0.22114223235564945
CATSPERD,0.46088409346791265,0.22114223235564945
ACOX3,-2.1311080854915714,0.22116871409375147
NUDT4,-1.1679210812095664,0.2211825967413607
HOMER3,-1.5516480386184903,0.22123986655142736
PPP1R14D,0.23680729822479785,0.22125683567732676
NLRP1A,-0.7257878711460335,0.22125683567732676
ZFP2,-0.9624327086647189,0.22128757122376372
ANAPC1,-1.5980083144887156,0.22130397724203982
ZFYVE21,-1.0981958265358474,0.2213094641551649
MPEG1,-2.171658120455801,0.2213094641551649
RCAN1,-0.5307845866219614,0.2219070001006392
EIF4EBP1,0.815498923479657,0.221975579566084
DHX36,-0.8908808314851946,0.221975579566084
CD2BP2,-1.2198541864153416,0.22203000696928477
ZFP51,-1.6862827072380737,0.22216646810468055
TSC22D3,-0.7470226065634615,0.22216646810468055
ABCB6,-1.332886624286158,0.22219956636177945
SLC41A2,1.2841454873858806,0.22221487278709182
FBXL8,0.6563520178199767,0.22226773854772128
MGC94199,-0.7222160853366715,0.22229637199472335
GMPPB,-1.123629640309812,0.22231483773456837
PPP3R1,-1.4332923890895195,0.22231483773456837
EBAG9,-0.6263316293922085,0.22231483773456837
DNAJB5,-1.1977775917652198,0.22232905676149964
SLC25A46,-1.4195470904537473,0.22232905676149964
G3BP2,-1.4471914503305463,0.22233756481270342
UACA,-0.5576431731221162,0.22242598034703923
MATR3,-0.8525609436670294,0.2224967376874958
AP1B1,-1.5757845463442837,0.22252841659791614
NDOR1,-1.2633454073488735,0.22252841659791614
ACSL5,-1.440135791987423,0.2227615491511967
MCM10,-1.679754038524882,0.2227615491511967
TACC2,-1.3678382582793733,0.2227615491511967
PDRG1,0.626312465191023,0.2227615491511967
AP2M1,-0.6321903665674666,0.2227698999355299
SIPA1L2,-1.297414584774919,0.2227698999355299
NAAA,1.382321895522563,0.2227797233502035
MITD1,-1.2394450457525863,0.2227797233502035
NHP2,-1.0736105084544798,0.2228696003111335
PPAT,-1.8165654133828117,0.22296366399578169
PDZD2,0.1573712001621954,0.22298061517353934
WWOX,-1.0822839971169902,0.22306055077512854
ZBTB3,-0.6668833087552233,0.22308232989527882
SCAMP1,-0.9334007414672696,0.22309192519422053
MRE11A,-1.9013717192612876,0.22309192519422053
CACUL1,-0.5703162639100219,0.22309192519422053
ETNK1,-1.4543906799799922,0.2231051892408457
RSL1D1,-0.9272693695918215,0.22318125066695682
CNOT7,-1.1528363249782334,0.22319449272960867
NCEH1,-2.019636446130337,0.22328656895984605
TOMM70A,-1.435019385955822,0.2233407162080894
VEZF1,-0.7763893132982647,0.22340857101691042
CCT6B,0.2606922854085743,0.22340857101691042
CNOT3,-0.5306678823241884,0.2234202376530388
TMEM63A,-1.5103850476851477,0.22344914943198796
GIPR,0.27348382153954603,0.22357368782608664
CYP2D1,-2.271880846674131,0.22364572470431235
GHDC,-1.8345187986216307,0.22364572470431235
IPO13,-1.2676354917261528,0.22365799813445386
CELF1,-1.5708056588568966,0.22367725437673175
GFRA3,-0.2599729326174328,0.22370300146417216
PPP6C,-0.8609163449140409,0.2238008508885788
PPP1R36,-1.1231381406823593,0.22380611045940343
SEC23A,-2.0629776619990623,0.22382145739948328
MBNL1,-1.8028033831096586,0.2238298023843817
CPNE2,-1.3699143901336241,0.22383903532094826
ENY2,0.8484515503850592,0.22387203785807616
DHRS4,-0.5291702461243062,0.22397198751693534
ARL14,0.7242935332598615,0.22399073436344089
RPS6KA1,-0.9443630867180905,0.22402471644586647
LRRC20,-1.1289371066963463,0.22417449345901952
SQRDL,1.4382675169733954,0.22420187660616178
NEXN,0.18851993095741965,0.22428973663159274
ABT1,-0.3183284667271158,0.2243051836761351
HIVEP3,-1.098567361474035,0.22435341062328923
FXN,-1.0585580363202927,0.22437825644293866
ANKHD1,-0.6118893446962828,0.22437825644293866
FXYD7,0.2110707725700238,0.22450843701690532
SEMA4C,-0.6536693694904662,0.2248286410414349
DDX39A,-0.6928953707157337,0.22485287388788816
ITGB1,-2.1646207777552924,0.22497150154463347
SLC22A17,-0.7003326474569205,0.22497150154463347
TADA1,-1.050754476049605,0.22497150154463347
ATP6V1G1,0.5883061479865681,0.22497150154463347
PSMB9,-1.3130622195448751,0.22499620856365504
SLC25A15,-1.21696808239445,0.22500894910800037
PCDHGA3,0.25706494461146606,0.22503622803036977
SACM1L,-1.4180804582156603,0.22509441987396045
STRA6,0.15398947057120194,0.2251069312452299
ARCN1,-1.4292685486462915,0.22528728307928056
SLC4A2,-1.8306806720694402,0.22529872114863012
LAD1,0.49227625592367424,0.22541587729252263
SRPRB,-0.5298971186180896,0.22541694276526675
AKAP1,-1.5820042042455635,0.22541694276526675
MBD1,-0.9630697485481725,0.22541694276526675
SHOC2,-0.7033925163473702,0.22541694276526675
SLC39A9,-1.7355138404209565,0.22541694276526675
FAM35A,-0.8507882473342967,0.22542129168847497
BTBD7,-0.3922383398570305,0.22542129168847497
APIP,0.5256707099233684,0.22542129168847497
DNM1L,-2.1292049950642418,0.2254912493775701
TWISTNB,-0.6627538709464869,0.22551906865606694
TK2,-0.9648244920318545,0.22552205980693898
FLOT1,0.4102197637584144,0.22552205980693898
EXTL1,0.2732649172165861,0.22560447302842268
PINK1,-0.7861204606137502,0.22560821640033624
SIGLEC5,2.939742027316585,0.22565088198154687
ISG15,1.1983294731336915,0.22580528029543986
SRGAP3,0.6433940500818426,0.22586620564913237
SPEF1,0.6294324558164179,0.2260144097352916
ARHGAP21,0.22171238184638353,0.22610374009401812
DAAM1,-0.807307868325253,0.22615127888195768
SEC23IP,-1.628350295682578,0.22628404027523835
NEMP1,-0.6940630634218989,0.2263465315779121
GMEB2,-1.7909645574322024,0.22637759752006253
AIFM2,-0.830741451148566,0.22650531828522827
LSM4,-1.005110453579495,0.22664753433537776
NR1D1,0.8363583043762621,0.22665874691572738
GSS,0.774501799269145,0.22665874691572738
CPVL,0.245148790177166,0.22665874691572738
PCM1,-0.6764181081737104,0.2266970100937382
GNG2,0.3086650978497154,0.2268857126636326
SNX15,-0.4074634953128422,0.2268857126636326
ATM,-1.0286617743088096,0.22690699846908635
RTEL1,-1.4359008222062637,0.22693848172098383
SMIM7,0.5268657294769739,0.22693848172098383
SWSAP1,-0.4983192828159244,0.22693848172098383
EED,-0.864654199593355,0.22694132542479112
CCDC92,-0.6977587128904084,0.22694132542479112
ATXN3,-0.832188056946606,0.22694132542479112
JUN,-1.0109615034081094,0.22703375504807238
SLC43A3,-1.9422910979094719,0.2270720539798253
PNKP,-0.905552007206444,0.22707216885338205
TMEM30A,-1.382376858897537,0.22715707599266158
RPSA,-0.5735298823376507,0.22726507208318789
PLP2,-0.9214309557360219,0.22726507208318789
WDFY2,-1.1103011543968846,0.22742662279702397
AVPI1,0.3925789857036044,0.22742662279702397
ARHGAP8,-0.19939983663221714,0.22749572933680037
ITPR1,-0.8863176153360813,0.22749572933680037
ILF2,-0.8844320258778904,0.2275775952450247
WDYHV1,-0.3663470715786823,0.2275775952450247
SFT2D3,-0.619640348620947,0.22767070299866946
PCSK1N,0.3056995347180018,0.22769567401724014
ATP6V1D,-0.732688314129617,0.2277752909967807
SMC5,-1.1322481420333164,0.2278429534923543
ITCH,-2.9530023175050135,0.2278966916183668
SLC17A3,0.23171993570520222,0.22795313779567028
INO80C,0.6135117555517757,0.22804801446953823
HES3,0.21067936928710454,0.22810517784528692
PTPN12,1.3587045971479386,0.22823681864106413
NMRK1,-0.7131516100060857,0.22825304320352938
SYNJ2,-0.5425357609565011,0.22834664709382155
TIGAR,-1.1698410483371846,0.2285682866181084
TAF6L,-0.8586124978487621,0.22871935768378593
CYFIP2,1.173812182621489,0.22873374311992423
PLEKHA5,-0.8768731520409758,0.22879602425670534
DDX17,-1.8352266031977158,0.2288229786320055
CAND2,-1.0860049192741552,0.2288229786320055
RFPL4A,0.20889302324765952,0.22883845800826105
F5,-0.46278782242475197,0.22892455176988125
PIP4K2C,-1.255728159281293,0.2289307044159151
TMEM72,1.8759994981375305,0.22897027517857024
UTP14A,-0.6987214756997893,0.22897216817425467
ZFP667,-0.6802256619214266,0.22902655382171236
RAD17,-1.0958308813693525,0.22904564078183215
NFE2L2,-0.898284202074688,0.22905013598283716
FAM193B,-0.677254159443776,0.22913894772186244
HAUS8,0.6920874709539473,0.22913894772186244
RGD1306063,-0.9077510613188493,0.22913894772186244
EIF4G3,-0.7708297241612019,0.22913894772186244
TIMP2,-1.9952786675491803,0.22913894772186244
GNAI1,0.20885183136772617,0.22913894772186244
FCER2,0.208449836739646,0.22913894772186244
PHAX,-0.6110959066018848,0.22913894772186244
SIPA1L1,1.11669478636572,0.22913894772186244
CCSAP,-1.0727714520939493,0.2291642921698236
TMBIM6,0.5379024927107086,0.229362878921328
TRIM44,-0.873729632099258,0.22938574303394058
MAGED1,-1.2311547757217918,0.2295268777139832
SF3B5,-0.6257822470792584,0.22952980154251815
SH3BP4,1.5077652082066257,0.2295821134987383
SCYL1,-1.0798477984958028,0.22965960965670282
IDI2,0.33766771073497287,0.22971876752306344
NPAT,-1.3650028731656012,0.22978854066759974
DHX37,-1.5575993087727669,0.22978854066759974
EIF2B1,-0.9443813393427956,0.22978854066759974
UXT,-1.1325342308774422,0.2298511912776678
ERMP1,-1.6477815445701463,0.2298688846422533
CD276,-0.7145454891906455,0.22987639195832824
SNX30,-1.266562285180873,0.23000170435955034
EEF1B2,-0.3572285927093155,0.2300658214841744
BAZ1B,-0.985697332075262,0.23009597799278345
LOC100151767,-0.41840829580473127,0.23027099844182705
ELAC1,-1.0067641042864715,0.23027099844182705
TRPC1,0.21810796064884744,0.23035511854454457
REEP2,0.41919034722438536,0.230400745593702
PIK3C2B,-0.6415793194221314,0.23057922305954323
CUL2,-1.3929040435808888,0.23062463897132618
KATNAL1,-0.8373741945916165,0.23064256615969275
RT1-M10-1,0.15113404079340212,0.23064256615969275
SVOP,0.2460154592638989,0.23065261121148622
RSPH1,-0.38273828544617394,0.230677156483782
LOC497940,-0.5482756857192634,0.23080391435664108
PNPLA7,-0.892811218063331,0.23085039952149863
AGO3,-0.6412032131932922,0.23085039952149863
TOR2A,-0.6028104591571228,0.23096041468518225
TMX1,-0.6708541997312478,0.23096041468518225
CCDC69,-0.8712468090754082,0.23099617661767874
NDUFB7,-0.692438106265648,0.23101308958569544
AKR1B10,1.5442114075798892,0.23107998825138126
NR4A2,1.113295590644148,0.23107998825138126
AKR7A3,0.7030304069235382,0.23112035341018233
CUEDC2,-1.2536747976368492,0.23114676475783744
FAM103A1,0.45518233349810355,0.23116245730144
ANKS1A,0.6053620529101251,0.231293941668552
OLR1387,0.18369738501521524,0.23132405530797945
FAM13B,-0.8936137191099962,0.2313267495040175
UBE2N,-0.4165246158028495,0.23140771878392355
PTP4A1,-1.3955183107478728,0.2317254991524916
ABHD14A,-1.2619764241876208,0.23197140283440132
ACAD10,-0.4998152369465254,0.2319824892748612
CYB5R4,-0.619517948318526,0.2319824892748612
BLCAP,0.7675382945912403,0.23198895395197397
NAA50,0.3725144308426547,0.23201118734408954
CLIC1,-1.1424663444266887,0.2320580677200693
PPM1E,-0.35187752001991474,0.2320908505930437
AKAP5,-0.4279416394585768,0.2321451791176242
WWC2,-1.1398261903782625,0.2321701483096542
ALMS1,-0.6223752037404652,0.2321701483096542
ZDHHC7,-0.9151143553214918,0.23228051939383101
USP10,-1.4143891059010776,0.23239177939617148
SERPINC1,0.6094428349497141,0.23239678122533916
SELK,0.5828859578208263,0.23261153756244013
SERPINB6,1.300670789155114,0.23268922713181706
TNS3,-1.4060272460702703,0.2326996571168697
ZMYM4,-0.6807413230478832,0.23270522279151556
WDR43,-1.4707011003488653,0.23278151090363441
VNN1,-0.7741576628887037,0.23287372565919923
C5AR2,-1.1310563491598513,0.23303146939411135
RAB11FIP2,0.33959187588965023,0.23307175091298135
LAS1L,-0.6824317085259675,0.23330596300754664
CNOT2,-1.3560948970582247,0.2333188360867742
OLR1639,0.18259823327527366,0.23333182373672046
MDK,0.5992573227225758,0.23333182373672046
IQCF3,0.2514403718388629,0.23338435950302547
STARD8,-1.614913480570526,0.2334943744180305
ZFP322A,-1.3893865731031685,0.23352486475849474
ZFP503,-0.6829164967303163,0.23354437060742897
CCDC47,-1.4476744436950812,0.23354437060742897
MFSD12,-2.6919211870610305,0.23354437060742897
CTSA,-0.3811797998318429,0.23358033679292436
ELMO3,0.4314921490994834,0.23358033679292436
CNTN4,0.20135272253724887,0.23359392405464424
TCERG1,-0.5569913010434622,0.2337574851572424
COMMD3,-0.512964764322069,0.2337574851572424
RAB10,-0.6652197390342893,0.23396483252522707
SERPING1,0.7930139352365977,0.23408267723000278
MINK1,-1.535594274325302,0.23413018565597027
YWHAH,-0.790442312088838,0.23414200952744188
FAF2,-0.32392199832903357,0.23426318649242273
SARAF,0.992229689190304,0.23427441837863092
ARF4,0.4381935491445468,0.23428672776704076
AP5B1,-1.2921953197192606,0.23429984763623124
BCOR,1.0069619345398815,0.23430529366936947
CWF19L2,-0.3259092668188468,0.23431638719424533
MTR,-0.7638197889660343,0.23433295196331305
AKT2,-1.0040687012845704,0.23433295196331305
HPN,0.26649788335310926,0.23441427576790239
MS4A14,0.18182769256213646,0.23441427576790239
WRAP53,-1.0596456282859847,0.23441427576790239
EMC1,-1.5370547929535219,0.23451330240817686
TBKBP1,-0.6552229380013126,0.23451330240817686
DDX5,-1.0440953375140545,0.2346568712335458
REPS1,1.174342610294891,0.23474253050783336
TSC22D2,0.437732771011329,0.23482772014197562
IMP3,-0.8599320107457498,0.23482772014197562
MRPL50,-0.4518635153940833,0.23492577281362448
RAD54L2,-0.6215198695004411,0.23497409335227015
ZFP7,0.4320604118610003,0.23512567633817213
NUP155,-1.567038743182103,0.23515826115816119
TMEM80,-1.434890909873494,0.23516946421025794
LARS2,-1.823103385398303,0.23519070940187548
RCBTB1,-1.5290054542470688,0.23525063264742535
IRAK3,1.9656298406212147,0.23538989591080037
RCBTB2,-1.083631631652474,0.23540945355913984
MMP24,-0.46550237853863297,0.23540945355913984
RGD1561157,-0.6902708017898846,0.23540945355913984
RNF8,-0.7600516105712498,0.23540945355913984
MTMR9,-1.302007306757047,0.2354291322645655
ZFP644,-1.006632649689774,0.2354297398998803
HELQ,-0.6515869838391195,0.23556083439648648
ARL5A,-1.3601581931853968,0.23564562762381336
TSTD2,-1.107278719042958,0.23565083396713568
PAFAH1B1,0.5532278999482712,0.23569953163721735
USP6NL,-1.5631294567775096,0.23578513456436928
LHX2,0.18088493711902345,0.23579618074916048
MAP3K4,-1.4142054626065197,0.23580868289333048
ARL3,0.3706720945243447,0.23580868289333048
JADE1,-0.9523500617887277,0.23580868289333048
TMEM129,-0.9822598212945071,0.23581242869327151
CCDC91,-1.0145303166748065,0.2359276382813471
PI4KB,-2.0973510790098473,0.2359276382813471
ZNHIT2,-0.5191402519621668,0.2359276382813471
NCOA4,-1.0922751569563198,0.23596277683500474
ZFP281,-1.0743800456862238,0.23596277683500474
PTBP2,-0.8997564649215575,0.23615870879117995
GCHFR,-0.9903831800183882,0.23616771688730206
SNRK,-2.0234846472578845,0.23619943897129858
CD151,-0.5846587599217443,0.23619943897129858
VAV2,-0.7420628686467244,0.23622972124183053
MED31,-1.0531686664530877,0.2362988864565236
ADNP2,-1.1810112553842604,0.2365443701446453
ASCC2,-1.0903760983361188,0.23655268867940357
SLC25A35,-1.0345027572947152,0.23659841982637847
TIGD5,-0.6255986421496122,0.23659841982637847
KLHL11,-2.111969189502021,0.23659841982637847
VAC14,-1.213228688494731,0.23659841982637847
POLG,-1.525972934075079,0.23659841982637847
RSU1,-0.43698159742380493,0.23659841982637847
KCNA3,-1.0341731648957913,0.23659841982637847
CYTH1,-2.224919531321058,0.23659841982637847
SCD2,-1.46031056338723,0.23671349064519623
CCDC28B,-1.6067256124473281,0.23683449994427766
WDR45B,-2.0980609767817526,0.23685077337146734
UBA5,-0.30630194476482764,0.23685077337146734
TNFRSF21,-1.2963642415086483,0.23685077337146734
BAIAP2,-1.1506718988665945,0.23685077337146734
SRMS,0.20467035913247583,0.2368752323828733
LOC500124,0.3208122796510565,0.23696927886179708
CCM2,-0.6860458644676104,0.23722402681922033
CCP110,-0.99529554122153,0.23722402681922033
VCL,1.405443639786121,0.2373053122874301
MAPK13,-1.1539991561004261,0.23732797693046143
BRD2,-0.5878637610554778,0.23742333364048188
RPAP2,-0.9423911961624687,0.2374353723237373
PAFAH2,-1.5559928752982826,0.23749712103233592
CENPJ,-0.768071537872295,0.23750755025477907
GTF3C4,-1.625844484975096,0.23764321909121033
CHKA,-0.40941643775630787,0.23765433092450675
USP4,-1.3043866088150797,0.23768808412093134
ANKRD27,-1.5901719637318745,0.23768808412093134
STBD1,0.8812219298142417,0.23772343524563005
PPM1N,0.9196087877467822,0.23789105972502522
IFT74,-0.6817179815260594,0.2379608599248712
BAK1,-0.6495863294320912,0.23796801291273176
GALNT7,-1.91079162304297,0.23797825725457908
ARGLU1,0.707710141572806,0.23797825725457908
MRPL14,-1.0747317354477577,0.23810364178706228
AFG3L2,-1.0911322233024756,0.2381147092247594
IMMT,-1.3839015186467316,0.2381697068006836
IL11RA1,-0.9299102415935925,0.2381697068006836
PPP4R2,1.4700981338265704,0.23824952029479102
DNAJC27,-0.9737419020052757,0.2382599474074963
MTHFD2L,-0.7983094073333644,0.23833060587397337
GJA1,0.20542129152826957,0.2384242774236187
DCAF11,-1.4892031666211487,0.23844119111211434
DNAJA4,-0.8213289958915211,0.23850666512782157
EDEM3,-2.635261373518896,0.23851519778806549
CPSF3L,-1.053347527285768,0.2387335472563943
RGL2,-1.1621474318059677,0.23918468409482008
WBP2,-0.40460757574344264,0.239265122622143
PAPOLA,-0.8723023183153136,0.23929166994181314
BIN3,-0.5747352560214392,0.23929166994181314
STK11IP,-0.9997194539847798,0.23929166994181314
RBPMS2,-0.6138640543513031,0.23929166994181314
USP48,-0.7627175393948689,0.23929166994181314
DOCK6,-0.7645743325739927,0.23929166994181314
ARAP2,-0.7859319671220171,0.23929166994181314
LRRC41,-0.9564008816585923,0.23929166994181314
TMEM127,-1.1692351851858986,0.23931312684265973
USP34,0.4320538524248476,0.2393377203750297
NPFF,0.46580909696603523,0.2393377203750297
CYTH2,-0.4143733023965872,0.2394736556665941
HINT3,-1.0019726891420104,0.23948049745716016
HUS1,-0.8287378933378156,0.2395238292617326
AP1M1,-0.4590839902973265,0.23955465459316488
CAPG,-0.35485736732635154,0.23957334907644443
TARBP2,0.23876394296083303,0.23957334907644443
ELAVL1,-0.7316946562231532,0.23962383661654632
UBXN2B,-1.0720439641482384,0.23966717768705093
FAAP20,0.5105912544904507,0.23968062431967319
STXBP6,-0.6748096996936384,0.23970416560764377
LOC100365921,0.7142715531469901,0.23976044276023198
MRPL30,-0.871997322456159,0.23976988926874496
LMAN1,-0.6384399153008506,0.23987521721760827
NPM2,0.2542082247105852,0.23994731091446053
KBTBD3,-1.0556631813976756,0.24003307297266538
MYL1,0.22269329492639256,0.24014162306353787
CSF2RB,-1.622462933390182,0.24016243760237016
CCDC103,0.42856660829256904,0.2404414047001688
RAPGEF3,-0.8670771035847196,0.24045749536229682
PDIA4,-0.8335546930929878,0.24060966446924129
CACNG2,0.2389176743082126,0.2406472165674646
MCUR1,-0.7903238408339748,0.24064821540236042
DNAJC21,0.7712399769738556,0.24064821540236042
RAB18,-0.5191562140864399,0.24080415637527802
TNFRSF4,0.49293874940609356,0.24080415637527802
NARF,-0.9630615395706117,0.2409602570960864
RGS3,-1.018354879180501,0.24100078502726982
METTL13,-1.5131291901244026,0.24100078502726982
P2RY14,-1.3172827601810524,0.2410216056811035
DDT,-1.0856001599714507,0.24108127251929617
RGD1303003,-0.5566076359480494,0.24113977396834746
KCNE4,0.2523538902094457,0.24123620265966708
FCAR,0.5070553571248908,0.2412586091133191
ITGAE,-0.8957907546431306,0.24142655569973856
LRP4,-1.4000435518742393,0.24142655569973856
OLR563,0.14657181186492962,0.24144866222446018
CPE,-1.4462921234203905,0.24146480002062834
NCOA2,-1.22424920995202,0.24160085479705198
ENTPD4,-0.7933809261892018,0.24162766544090045
PRR5L,1.4776110677884724,0.2416722472264379
PTMA,-0.993395518402604,0.24177623287462155
MCCC1,-0.966891127829471,0.24185818758428104
APOBR,-0.7787095560664059,0.2422027794159033
PAXIP1,-1.5120276483172361,0.24220620684280875
UBE4A,-1.519337533198876,0.24220620684280875
FBXO46,-0.8270611269407688,0.24220620684280875
RBP1,0.5882164864710815,0.24225211347820264
LAIR1,0.23162164223468895,0.24234353634513608
TMEM95,0.24425383881080256,0.24241370956500177
MRPL2,-0.6524609727220967,0.2425336600480972
PRAMEF8,-1.5423235625353255,0.24254149157586893
PRPF40A,-0.4658318900597962,0.242563755184488
STYXL1,-0.8074836838499226,0.242563755184488
FAM46B,0.23581282259915856,0.24262479268259815
TMEM140,-0.6380536425524306,0.24270451623011174
ANKRD16,-0.625192985368989,0.24276162202527926
MICAL2,-1.9978568112212125,0.2427802931793966
FAM126A,-2.424369698436859,0.24286321580671202
UCN,0.2350493547359412,0.24288899323181515
FNDC3A,-0.7037778744783463,0.2428908611185243
MGLL,-1.866711651539895,0.2430368150527743
ACADSB,-1.1556977865842566,0.24323631027912287
ABCG1,-1.688390605772356,0.24323631027912287
PPP1R35,-0.6415523770518625,0.24323631027912287
PLEKHA3,1.3734689874245474,0.2435059640649016
CCPG1OS,-1.0050411619763664,0.24351323684458426
PPP1R9B,-0.6405942086390648,0.24371281400175096
CEP97,-0.7053149476577079,0.24371281400175096
SUV39H2,-1.1687016473383547,0.24375714868663864
PPP1R2,-0.715977519140159,0.24375714868663864
OVCA2,-0.6714509545722309,0.24376956142802375
MVP,-0.9716285829467051,0.24376956142802375
CMBL,-0.4024595604880891,0.24376956142802375
ERLIN2,-1.4185141338952512,0.24382787318447519
ODC1,-1.3222924157731555,0.24382787318447519
INTS12,-0.49462603166471464,0.24382787318447519
EIF2AK2,-1.6276325690886129,0.24382787318447519
COX20,0.9677091574271275,0.24382787318447519
WDR75,-1.0664084564440954,0.24382787318447519
ECI3,-1.6216977801941845,0.24382787318447519
MAGT1,-0.582745923976093,0.24382787318447519
PLK2,2.875130861521219,0.24386708647437103
CHMP6,-0.5236034883067688,0.2438739768702104
CEP120,-1.2181094740977942,0.24406712831446073
PIK3IP1,-0.6013609301324345,0.24412977391248766
DOK4,-1.709928179453569,0.24415312556031224
TMEM41B,-0.7759818860938248,0.244216486986388
NRF1,-1.272224230844371,0.24431697346379988
ARRDC2,-0.7777690727233767,0.24431697346379988
SLIT3,0.18492792233275915,0.24431697346379988
CCDC130,-0.6260162245665364,0.2443978916186809
EIF2B5,-1.3079349184844435,0.24440444437699244
CD48,-0.8940722561599337,0.24449982249497357
RIN3,-0.9489183777320356,0.24450313816708544
FXR1,0.672886554427917,0.24450732957133833
ANKRD6,-0.8729642089297425,0.24452491617290933
PAX8,0.6629803451596608,0.24453336841488643
MRPS31,0.5366096839499477,0.2446216544882569
AGAP3,-1.1947933093141847,0.24464625527322914
AFAP1,0.8882590690025371,0.24468092251464124
UBE2M,1.358077589149655,0.24468393193376997
SIT1,0.2418255430333098,0.2447004816972746
PRSS36,0.6097282304430258,0.24474939647933397
MRPS14,-0.5174750763006042,0.24474939647933397
ATAT1,-0.6715017141705013,0.24480016480508013
NS5ATP4,0.20012011928678947,0.24481526879102067
FGF23,0.20012011928678947,0.24481526879102067
DNPH1,-1.969717150169208,0.24493900450341893
FBXL12,0.7854175687217073,0.24516328411336422
RGD1304884,-2.756431895626862,0.2454756182775047
RT1-CE5,-0.6164531459142131,0.2454798145776068
SESN1,-0.917165285807032,0.24560705066429603
CUL1,-1.2589754774970627,0.24563138923724828
SLC35D2,0.9350702676008615,0.2458924564987125
STRAP,-1.0336204843369172,0.2458924564987125
PLCG2,-1.7796217053917385,0.2458924564987125
BLZF1,-0.80037228300134,0.2459365176778264
MBLAC1,0.5711331142239446,0.2459365176778264
PUF60,-0.5152711702995463,0.2459365176778264
LUC7L2,-0.7560385728017698,0.2459365176778264
CCL4,1.4806410089878117,0.2459365176778264
ABI1,0.3212931265296559,0.24603411087798346
NUDT7,-1.1836264068028273,0.2460378537447953
RGD1311805,-0.9443283973155352,0.24609019552571104
SCAMP3,-0.32259767697967057,0.24611101651287337
RGD1559909,0.6153376303504525,0.24611101651287337
OLR1462,0.1443427118253879,0.24611101651287337
OSER1,-0.5327617912869158,0.24637491991326305
RASAL3,-1.267026282351325,0.24641724793768727
TBC1D14,-1.1205604381845582,0.24641724793768727
SAMSN1,-0.6796303610702239,0.2464773767065204
IKBKAP,-1.7963469917598707,0.2464773767065204
ACYP2,-1.1725045652501298,0.2464773767065204
MOCOS,-0.7330707546559504,0.24649759316679415
FOLR2,0.7299213057659042,0.24668324541306177
MGC94335,-0.46282272351844567,0.24685708815848595
PAK4,-0.6034237065004464,0.24707787273143686
INTS4,-1.038354523778359,0.2471373571097243
LOC690911,0.49783479317266965,0.2471719736491259
HIST1H2BL,-0.7357081917824178,0.2472276686621953
KIF3A,0.6113348128524216,0.24722915915089458
CLK1,0.8692273464226243,0.247440408541648
ZFP709,-1.592506776707626,0.2476013454621937
TDRP,-0.7678235609355137,0.24762707531066122
JRKL,-0.8670550025808927,0.24764951284402503
COA5,-1.452113353212825,0.2476591617514289
PPME1,-0.9720334906450869,0.2476591617514289
PEX12,-0.7545970121200687,0.2476591617514289
DNAJC17,0.5097475489084964,0.24766885036252223
SND1,-1.7116458002017394,0.24766885036252223
TRMT10C,-0.8240857522013951,0.24766885036252223
TMEM202,0.6454531094567477,0.24774669522075388
FAM104A,0.41567001155430106,0.24779358009543356
UBQLN2,-1.0677690514974303,0.24785003054402704
APOPT1,-0.8295524636664728,0.24785003054402704
FAM89B,0.6182018641805405,0.24787392616335097
ARL9,0.2466002310924824,0.24793759323899706
PIH1D2,-0.7121419886868683,0.24793759323899706
BEST1,-0.34238152105094144,0.2479377742859342
SART3,-1.1538531027103547,0.24804124496508792
MADD,-1.9531582826800102,0.24804124496508792
DUS4L,-0.7653565124559912,0.24813643669151278
MAP1B,0.14616523711356996,0.24816000955474582
RPUSD3,-0.6305650633732738,0.24816000955474582
AQR,-1.9422887029408566,0.24821986634636556
EXD2,-1.039803135326261,0.24831354523845775
UQCC1,-0.6627745720479279,0.2484019230854001
DDHD1,-0.880188375303766,0.24843707213958158
PLXNB2,-1.5568665152560408,0.24843707213958158
VPS41,-1.0705864922159067,0.24843833972912843
ATP13A3,-1.0587849110741048,0.2484785151569158
SLC25A34,0.27575912545725856,0.24863945458287492
PSMA3L,-0.2705370547014354,0.24879196386757346
DISC1,-1.5715652394336916,0.2487964039854572
RXRA,-1.029006882261815,0.24882690986434183
DNAJB12,-0.5886193113729692,0.24895973970252352
ZFP709L1,-1.314652441433272,0.24898080527531144
AMIGO3,-0.8208552752650795,0.24898080527531144
B3GAT3,-0.3573268151865614,0.24898080527531144
ABCA5,0.2790194819640065,0.24898080527531144
SFXN5,-1.1591356314671042,0.24902968153595748
HPS3,-1.9471852443412423,0.24902968153595748
CBLN2,0.22803549849707974,0.2491044427167857
CPSF3,-1.0676140702964214,0.24915295782834226
ATG13,0.70440305521364,0.2491779281898449
CAPN1,-1.2033701039063849,0.24918650157842356
MMP1,0.17294188648875025,0.24934043969585193
POLE4,0.39220787056973716,0.24934043969585193
DOCK7,-0.7762064148783616,0.24934043969585193
TCF15,0.17277935331043154,0.24934043969585193
TNPO3,-1.3717245479838391,0.2494379618719345
BRD8,-0.8716285581956642,0.2494379618719345
PCDHGA2,0.2674671091353118,0.24954065370267672
ALS2CR12,0.2367558766386083,0.24963517266241528
MARK3,-0.6704149719900812,0.2496435051722607
UNC119B,1.475340767485041,0.24965209197685553
PNN,-0.6236647996075266,0.24967732811172008
ANKRD32,-1.026872662734256,0.24976501970242362
RNF24,1.1530246116230787,0.24976650996481073
PAQR3,0.7419520223628695,0.24980695404383105
SEMA4B,-1.5160053699354288,0.24982419176194767
PTCH2,0.4011509024859363,0.24982419176194767
AOC2-PS1,0.7780827044415854,0.24982419176194767
PHF10,-0.7809974425018917,0.24982419176194767
ZFP317,-1.2891238243014695,0.24982419176194767
PLA2G2A,0.19767796718242545,0.2498416035534351
MDC1,-1.449097332278193,0.2498539929503241
CASKIN2,-1.1073177466647615,0.2498563189968736
EIF3G,0.40318434165800365,0.24987295304108287
ALOX12,-0.49195872868870527,0.24987295304108287
ZFAND3,0.5907461336884889,0.2503064905857857
CC2D1B,-1.5172409965454519,0.25038662536945844
GAK,0.22232399775038836,0.250408830023762
MDP1,-1.0473354749305697,0.2504337521525185
TARS,-0.8760784225725855,0.250512496931022
RNF113A1,0.2782561792424629,0.250512496931022
CRYZL1,-0.6882111813989087,0.25051592433772873
DENND1A,-0.6766858298490275,0.2505237809234247
OCRL,-1.4206301560222068,0.2505237809234247
DPP3,-1.3496740536638212,0.25056022738581557
SDHAF2,-0.768905741964589,0.25071772420926625
ZSWIM4,1.4381190607689227,0.2507320821009425
ODF3L1,-0.38777472563620535,0.2508306832950984
ACVR2A,-1.186361481621931,0.2508306832950984
GIMAP1,1.5454519542279037,0.25083478584561497
CEP76,-1.9844916610580692,0.25102056295692643
PRRC2A,-0.2970799400996462,0.25102056295692643
HSPB2,-0.7522771054055397,0.25102056295692643
GNB4,-1.1379471820492846,0.25102056295692643
MOSPD2,-1.2512391194050863,0.25102056295692643
MIDN,0.5106875045141033,0.2510944054859688
PDHA1,-0.8092353574271289,0.25111797443848294
MGC105649,1.5827256999795871,0.2513106344272731
IDH1,-0.9702091163076068,0.2513106344272731
TIMM22,-0.5146413587392402,0.2513106344272731
INSL3,0.22590666481276228,0.25154075383249364
TBC1D25,0.6253063897209259,0.25155563185803687
CDCA7L,-1.391137890782163,0.251592059721116
CPSF6,-0.8967621708477074,0.2516150366638168
PAF1,-0.2662119208531877,0.25162370764209746
ZFX,-0.8427566497269579,0.2516337122735988
PARP3,1.2121620750128121,0.2516714789791908
SREK1IP1,-0.7894862614877434,0.2516714789791908
RPL30,-1.318153688228712,0.2516714789791908
EIF4E2,0.33436488002994746,0.2516945720116445
TXN2,-0.3508505898303049,0.2516945720116445
DCAF10,-1.1340171389763838,0.2516969904154349
MYO9A,-0.8440355400467814,0.2516969904154349
PLXND1,-1.4479139863791417,0.2516969904154349
USP40,-0.9524989916093995,0.2518523526363255
AKR1B7,1.518336980068557,0.25190040510590056
NDRG2,0.9391570609180404,0.25197916084611377
EYA3,-1.495210166071742,0.2520259393730033
VLDLR,-1.4839934280163232,0.2520259393730033
BACE2,0.33435422848253965,0.25203276171736116
AKAP12,-1.1206489998686173,0.2522338754103844
CAPN7,-1.3970907287647352,0.25223782318034116
CASC3,-1.8689200769668357,0.25223782318034116
EXOC6B,-1.1475659366179403,0.25223782318034116
FGD3,-2.4681819911815523,0.25223782318034116
TNFSF4,0.7190792024569183,0.2522467822082426
SCAF8,-1.2423311157308936,0.25227123968589854
METTL10,-0.5819718341835962,0.25232932126880697
CATSPER2,-0.5248519640265776,0.25232932126880697
EDNRB,1.5230723124597545,0.2523867984177914
GTF3C1,-1.1739567492542382,0.2524316373364971
ZFP91,1.0704141288538507,0.2524476089859911
GKAP1,-0.8696022257415544,0.2524902467489384
ERCC3,-1.1776064928403431,0.2525175466630272
GRK4,0.5292765586890587,0.2525175466630272
SH3TC1,-2.0727603103864127,0.25257516005948655
RASA3,-1.6173299948084738,0.25260202732209763
ANP32A,-0.5763563637336273,0.2526242875165218
FZD8,0.26373136752082627,0.2527258687249027
INPP1,-0.2513277056454114,0.2528135375406812
SLC8B1,1.1108423695001903,0.2528812214257873
SARNP,0.33970525888772407,0.2529266555142578
PEF1,-0.6522752629321209,0.25300916260508743
NEURL4,0.5365088676657409,0.25304463972552477
PTCD3,-1.8698054972877933,0.2531133030434035
TMEM106C,-0.9329465589377409,0.25315094572642477
DHX40,-1.4572297273699426,0.25315094572642477
UBE2K,-0.36576463296726036,0.2532153132963495
SNRPD1,-1.227050874590728,0.253251917078135
USP20,-0.9120138784595493,0.2532955095237085
PPM1J,-1.2752459465449086,0.2533491281859347
INPP4B,-0.8777383492511304,0.2533491281859347
GARS,-1.0160964923024771,0.2533491281859347
DDX52,-1.1321916076054226,0.2534605172885695
SET,-0.8106604683748948,0.25362637533254895
DUSP4,0.43855242322989846,0.25367054182649745
F13B,0.19799745416638095,0.25367054182649745
DIAPH1,1.1830961642450863,0.2537393451575235
TIMP3,0.2034554272689639,0.25382615777647816
FST,2.84112969986557,0.2538323432316206
MRPL17,0.3896088764792456,0.2540749522800759
HERC4,-1.4615539059702465,0.2540749522800759
ZMYND8,-1.2658946337529922,0.2540749522800759
WNT16,0.21322657249488922,0.2541657137787325
WWP1,-0.5431956675154521,0.25416733392944896
LARS,-0.9281576623446766,0.2542890657220347
MMADHC,-0.6238466306991506,0.2544397132221319
FLI1,-0.27492485425818636,0.25449474583399434
NOXO1,0.14124312226908867,0.25449474583399434
MCM3AP,-1.1714512779771058,0.25449474583399434
KPNA6,-0.9629776747595646,0.25449474583399434
SCAF1,-0.566767673129744,0.25471945849849087
ING3,-0.5685964067072189,0.25471945849849087
TBC1D20,-1.8622121265297866,0.2550930766618415
GTF2IRD2,-0.6928637492223183,0.2550930766618415
PGF,0.6434003423085459,0.255274693202341
BTBD3,-1.2318800980911422,0.2557067497182188
WSB2,-0.778576236289128,0.25585255939186974
TMOD3,-0.5609814879159343,0.2558728060243827
FBXO27,-0.6202135658007222,0.2558728060243827
CLASRP,-0.9894815917028053,0.2558752994470687
ZBTB7B,0.9572666768295959,0.2559444864941736
CNBD2,-0.5254613790556191,0.2559794640817222
IPO9,-2.4284939402090364,0.2559794640817222
RPS6KB2,-0.7450925227728638,0.2559794640817222
TRIM36,-1.3101194739870559,0.2559794640817222
NDUFV2,-0.596411507744798,0.2560868431300649
VAMP1,-0.38963616067706663,0.25617392414833595
DLGAP2,0.9298381170599286,0.25632339479151167
PLD1,-1.0513809356343995,0.2563389540244059
MALSU1,-1.2629159264296597,0.2563389540244059
CD101,0.35834091595125306,0.25635438095302415
PRL7A3,0.48345455693505274,0.25638338001938377
GLS2,-0.683265830709324,0.25655236454551716
MTHFD2,0.39743509077585415,0.2565846196492537
RPL9,-0.36880237291824436,0.256623913403133
ADGRG1,0.2589956924221185,0.25670215176800587
RGD1311517,-0.9196063329461464,0.2567215728340139
PIGZ,-0.45776801976116754,0.25691018718601427
ADAMTSL4,0.5414996862414563,0.25692173056223816
CAPZA1,-1.4206483664982557,0.2571506814785261
REV3L,-0.7072980874338892,0.2571506814785261
NKAP,-0.689894705499067,0.25720419048885756
LRRC51,0.8088377406555496,0.2572735381785639
SERINC5,-0.9931131104696223,0.2572735381785639
ACTR3B,-1.5092189621673233,0.2572735381785639
MTPN,-1.0088132113737007,0.2572735381785639
LOC100362783,0.5449622245592384,0.2573838347543379
KDM8,-1.107185833699323,0.25746672631366463
CYLD,-2.2441730865460783,0.2574898325729712
CHST8,-1.0513307781696124,0.25762288199946404
CFL2,-0.5172557046126749,0.2577640178138588
CDKN2AIP,-2.1835168699880922,0.2577640178138588
GPATCH1,-0.8112741712028124,0.25782308493778455
CELA1,-0.6422224542263351,0.25782308493778455
DOK1,0.5667110457904827,0.25782308493778455
TMEM222,0.36243964280170893,0.25782308493778455
IGF1R,0.8636301211495618,0.2578451656625395
TRNT1,-0.8605546966951483,0.2578960991559176
PLP1,-0.354181109066863,0.2578960991559176
ZFP46,-1.2497213935603835,0.25800063504515847
SDC1,-1.529453638396582,0.2581077423407704
VPS39,-1.2164233313899984,0.25815670100922633
ATE1,-0.8488662926257429,0.25820799472874806
PRX,0.24995253361079361,0.25820799472874806
KCNV1,0.29616155309982106,0.2582913975374697
METTL23,-0.44322197534770913,0.25848851142375256
DENND2C,-1.406094452417069,0.25848851142375256
PARPBP,-1.4028944624377455,0.25848851142375256
MYO10,-0.2946638843107681,0.25848851142375256
PFDN2,0.9283840264380077,0.25848851142375256
PQLC1,-0.45323112844951297,0.25848851142375256
DNAJC3,0.7180849628145944,0.25849699632028106
TM2D2,-0.444654658482464,0.25861204249872916
GCFC2,-0.6431512743470321,0.2586734510696929
CSNK1E,-0.5867612268215385,0.25881196388417854
CLP1,-0.4470149999215196,0.2589378605706666
CPEB1,0.8157591830179293,0.25906617233317264
TRAF3IP2,0.22295533602270304,0.25906815592520904
FAM178B,0.20924747445647637,0.2590759062612098
HIF1A,1.2987291528698064,0.2591488222894898
TUSC2,0.5359254147202916,0.2591488222894898
CPOX,-2.006827763730085,0.2591488222894898
LRWD1,-0.5792146997678103,0.25944195481347304
CABIN1,-1.079394956246748,0.25944195481347304
LRP1,-0.8244303460639912,0.2594937622020034
ZBTB11,-1.3229009959756262,0.2595048480522862
EIF1AX,-1.3297633920382994,0.25955541535193316
RAB14,-0.7908828457017245,0.25959228179660937
AFAP1L1,-1.715330896281031,0.2596120267629819
FBXO15,-0.654400156071602,0.2597397166071335
RPL10,0.4513494038998527,0.2597397166071335
RNLS,-1.182186855340149,0.25981278778179767
TDRKH,-0.8422502389450717,0.25981623043546004
E2F3,-0.7439697951178982,0.259835687088476
CRLF3,-1.1407946112650316,0.25985741999774264
PKP2,0.16627067932494613,0.2598623421904625
SMYD5,-0.6491478338660213,0.25994110213022437
P3H3,-1.4227872778780188,0.2599975264303535
PEX10,-0.7469468101940963,0.2600432607933408
PRPF6,-1.111189143478747,0.26017251681128656
PRR15,-0.5080433743121988,0.26017858817231243
CCDC137,-0.6157458405260188,0.2603738442248409
RCAN2,-0.4848541514474227,0.2603738442248409
USPL1,-0.7144509216059278,0.26040916870301395
ABHD5,-1.2634132649991576,0.26040916870301395
CSE1L,-1.7967799165577785,0.26041926888754696
DHRS3,-0.7874900907087017,0.260501744742575
RHBDD1,-1.8985323236998917,0.2605097025757801
ZBTB2,-0.7740069399497724,0.26062483995551056
CWC25,0.8200194437168533,0.26062483995551056
PAQR8,-2.9184433589810546,0.2606540558667307
CIB2,-0.36186833083690284,0.26066179889485924
LOC361635,-1.4202998542779661,0.26066179889485924
DTWD2,-0.9947334858495274,0.2607517576961479
RT1-T24-3,-1.2692880400684299,0.26075747821669637
AHI1,-1.367887127386009,0.26079615532347716
PLXNA2,-0.7152185621293903,0.26094731885833694
EXTL2,-1.171014818430626,0.26094731885833694
TCEB3,-0.8266834087417552,0.26096520246829663
PROSER1,-0.36743597399078354,0.26103752824275706
POLR2D,-0.3970211557070753,0.261154851913137
BUD13,-0.9474111125051339,0.2611846123352493
EIF2B4,-0.5605821702630944,0.26122897620055974
CIT,-0.49835553961781515,0.26122897620055974
RBM28,-0.9334927656965331,0.26123416709306646
TMEM54,0.16574346732747824,0.2612626272786761
AKAP11,-1.0524823183467535,0.2613076477149881
AUH,-0.6639269744854555,0.2613076477149881
LMO7,0.19764957880262143,0.2613804010191828
P4HB,1.3240985141629054,0.26139804435116454
DNAAF5,-0.7902624613852036,0.26148341399155856
TTI2,-0.7839792314067087,0.2615325182919068
KRT10,0.19194159262147997,0.26156551493099683
FAM220A,-0.6429578530585405,0.2615674630298837
WDR48,-0.6238917367069639,0.26159049261549555
BRD9,-0.8988332641414782,0.26165340415626853
IFT80,-0.9464732774592532,0.2616684714150247
IGHMBP2,-1.3877351720126239,0.26166970941691536
PEA15,-1.2120015325331748,0.26166970941691536
SIGLEC15,-0.4946822318681781,0.2617188716907852
CLCC1,-1.0367315866121143,0.26172852502321264
SPATA9,0.4309550010415639,0.26175137304312995
PHF14,-0.5976943589908812,0.2618016290739043
WDR19,-0.8335240401927928,0.2618016290739043
IMPAD1,-0.5442183035281167,0.2619334680962035
FOXO3,-0.8386851570196994,0.2619463884700143
CAR12,0.19066289657214186,0.261978833247999
THAP1,-0.49880782268017576,0.262092062592731
NDRG4,-0.7973928109094095,0.262092062592731
MAP1LC3B,-0.3128281130615749,0.262092062592731
TEP1,-0.49389794187522096,0.2621639882684722
FAM91A1,-1.8896124236474372,0.2622960292849793
KCNRG,-0.3302252249211587,0.2623457869235162
TMEM237,-0.8641431114564146,0.2623457869235162
SOX5,1.0767949219103037,0.2624879911133458
AMHR2,0.291879034134503,0.26256131535297605
ATL2,-0.9303835950836228,0.2625802647121179
CNOT6L,-1.3366785563719041,0.26286134267261235
GRHPR,-1.707312492411668,0.26300314906845407
SMURF2,0.4224815045806958,0.2630205965819357
CHCHD1,-0.6952762581592786,0.2630766946607456
QSOX2,-1.5703616055327412,0.26315598434903864
ORAI3,-0.3947518521532909,0.26315598434903864
XPO5,-1.734668871770491,0.26315598434903864
NUP54,-0.6565121726056682,0.26315598434903864
SLC2A9,-0.9758735244329162,0.26315598434903864
TAF1D,0.5426253211055543,0.26315598434903864
P4HA1,-0.825017591579341,0.2631772875948601
PGPEP1,-0.8626364315270583,0.2631772875948601
UGGT1,-1.7181164051546662,0.2631798577384429
LY6E,-1.9592960517074047,0.2631798577384429
GAL3ST4,0.41310558576693435,0.2632138902495308
HDAC4,-0.9007941979010119,0.2632138902495308
ZBED4,-0.7071499631977425,0.263237636547535
DSCR3,-0.928128088076567,0.2632406116449349
RFX2,0.19106908616639595,0.2632567260835615
DDX25,0.6521111046014008,0.26345596411045974
ZFP563,-0.5648576813007785,0.2636004761049616
TTC9C,-0.8002618020150472,0.2636004761049616
IFRD1,-0.7597937791355518,0.2636004761049616
GPANK1,-0.5997703043745957,0.2636004761049616
LBHD1,-0.9154072026147118,0.2636270821951288
RPS27L,0.6526906021216332,0.26375398580444115
ATPAF2,-0.5624248969669616,0.26375769070097377
LASP1,-1.8263179671395307,0.2638356403810686
UTP20,-0.993427023029515,0.2638356403810686
COX11,-1.119513829260186,0.2638356403810686
HSPB9,0.22658004625176692,0.2639476448036607
DCTN1,-1.5751960233121185,0.26402607951192303
ZFP266,-1.286307346411788,0.26417262231860983
PPM1H,-0.9044128828106857,0.26419892141691204
UBR2,-1.6924485691468671,0.2643184302628809
DUSP26,0.2427121838426577,0.2645104301161679
TMEM261,-0.7971286500418784,0.2645104301161679
TIMM10,-0.9411749863515197,0.2645561142309814
UROS,-1.0099156581111428,0.26457204598782325
USP5,-1.0251929492851253,0.26457204598782325
CLEC4A,-1.354828511499516,0.2647950259395925
ADAR,-1.8703836380321783,0.26485512572592146
COLEC12,-1.6305059442465664,0.26493165943820407
CRADD,-0.9157855577830907,0.26498914982640354
GALNT2,-1.0634704030433095,0.26499915049993483
STK36,-0.5693144872128919,0.2650160946958571
AGPS,-2.467750820243608,0.2650160946958571
FKBP11,1.149834553202445,0.2650160946958571
LOC100911627,-0.42267880128993285,0.2650160946958571
BCL2L2,-1.619813631017109,0.2652242527823306
TPGS1,-0.4807455653113011,0.2652403580465323
MXI1,-0.7841643535576026,0.2653506169124261
ATP8B2,-1.175973957839191,0.26536001172320167
CUTA,-1.0532005663659199,0.26545905353764077
VPS13B,-0.8774060778537229,0.2654740924761254
HTRA4,0.8649169688317837,0.2654977750238829
PGLYRP1,0.2940048715341559,0.26565811610964124
NPTN,0.7955504437384731,0.2656904231185022
ZFP358,-1.638555986526117,0.26571389869567946
CBLL1,0.3651650507598032,0.26571389869567946
DDX19A,-0.9410026349880707,0.2657226523680676
YY1,-0.5576134406676321,0.26572664901971127
PPIB,0.4723773889957972,0.26589255128331973
USF1,-0.40132174466167037,0.26589255128331973
BMF,-1.5646270442451722,0.26589255128331973
GOLGB1,0.6115433622146171,0.26589255128331973
GNS,-1.5425113900673182,0.26591463192002146
ZC3H12D,-0.5179761407464731,0.26591463192002146
POLK,-0.6282381063775234,0.26591463192002146
HERPUD2,0.41688177472345433,0.26602504540488564
RGD1309079,-1.4199275215760867,0.26618384175953536
SEC61A1,-0.9553385998340058,0.2662688067898358
MRC1,-2.1218206814171174,0.2664611417216952
PTBP1,-1.0714028649158118,0.2664611417216952
NHLRC1,-0.9137490361139045,0.26655614690599666
NEMF,-0.4576859832904727,0.2667080557032397
VRK3,-0.5615636497195116,0.2668093909060471
METAP1,-0.558605177742729,0.2668093909060471
NR1I3,-0.5596152062461153,0.2668794088236784
N4BP3,-0.7622132434417075,0.2668794088236784
RUFY3,1.4838817106319064,0.2669323280256363
ITFG1,-1.1923009552991655,0.26694962757534574
CPNE4,0.22729777808567153,0.26710184076799726
UNC45A,-1.3194349141316706,0.26710872701203314
ARHGAP24,-1.2342425155387957,0.26712941762141046
DUSP18,0.5297143635744996,0.2671807469974382
CAV2,-0.648336479948717,0.2671807469974382
USHBP1,-0.2560236599494242,0.26718083380674157
PXDC1,1.1095402054488925,0.2672461779735577
PPP6R1,-0.8878908888452413,0.26732493735855367
ING5,-1.7419303645411697,0.26733986122836473
TM6SF2,0.31103843431628964,0.2673467659013099
MFNG,-0.7801491655140382,0.2673736466870556
SLC39A3,-0.9070114348032856,0.2673736466870556
ASB2,-1.2128997828045187,0.2673736466870556
TTF2,-1.0531113327425738,0.2674753457935313
TIMM17B,-0.5873212156856589,0.26753955842283905
RAF1,-1.5770319112599775,0.26757458989038935
MEX3B,-0.4207226899974782,0.2675937812108605
SLC39A10,-1.1611522280065927,0.2676187921429355
MPND,-2.182652859287993,0.26764900498212557
TCTE1,0.27125059674641394,0.2677869004344768
ERGIC2,-0.7237969361637293,0.26783810652977846
AP4E1,-0.9330647015641268,0.2678499292212254
TFEB,0.4270827785810538,0.26790455990002743
TBC1D9B,-1.9667578553504765,0.26792110886165554
PHTF1,-0.9123049760062691,0.26792235446914836
B3GNT7,-1.131331455096316,0.26793545329355917
LOC257650,0.8201777398600331,0.26794248609054816
BLOC1S2,0.41428303740220596,0.26794248609054816
ACACA,-1.4797377111029444,0.26797467234242905
LTB4R,1.3763167462335375,0.268025164627335
LRP5,-1.0963504630630925,0.2680488767784391
FAM160A2,-0.9192248795992461,0.2682320757459992
ALCAM,0.8182816836802269,0.2683482615131971
MRPS17,-0.6896781424550862,0.26838375592789865
LMBRD1,-1.0055704042114755,0.268399700778452
NCR3,0.8440458486360368,0.2684576049796168
DCTN4,0.386418161129539,0.26859048648270745
MLLT3,-0.7975766928310042,0.2687582683377048
TRIB3,1.1870397812003048,0.2687582683377048
DNMT3B,-0.3545400992995959,0.26879465321764895
MYBPC3,0.37650517859391885,0.26879465321764895
PSMD2,-1.0888072015771142,0.26879465321764895
DEGS1,-0.4119296771706802,0.26879465321764895
SLAIN2,-0.7519062366289146,0.26879465321764895
PCED1A,0.837787915140185,0.26886452430167906
RGD1561282,0.23143117957602707,0.26894222720475436
MBTPS1,-1.8935445375195095,0.2690011814963243
KLHDC3,-0.6511811666626874,0.26900314208310067
ALOX12B,0.19014452501360649,0.2690394385950446
PRSS41,0.19014452501360649,0.2690394385950446
PM20D1,-0.8415531605821092,0.2692084628453269
PSEN1,-1.4813601529170954,0.2692361359082953
TRAM1,-0.3185099419534172,0.269317761499505
RGD1306215,-0.47189403185024137,0.26933755622117134
DNAAF2,-0.4990342416275855,0.2693872658917942
PTGDR2,-1.4699762710889688,0.26948200968423924
ZFP668,-0.8939985440302265,0.26955868273008815
OLR1684,0.2114919733889501,0.2695781283747829
GRPEL1,-0.3768745013899455,0.26959456937326265
KLF11,-0.8044384624982797,0.2695954728669759
AANAT,0.20647694192238353,0.2696801755069979
SHC3,0.2063306478710496,0.2697014280868095
TRPM4,-0.8836782088418857,0.2697434502984973
USP7,0.6367806755002721,0.2697458306423274
IFT122,-1.1500768842736764,0.2697705184404116
MRPS18A,-0.4403017210642437,0.2697705184404116
B3GNTL1,-0.5503197464522748,0.26993463454685224
PADI2,-0.49689045450122216,0.26993463454685224
ZBTB26,-0.7707532328366129,0.26993463454685224
SCARF2,0.3319994433705397,0.2699583369150333
TMBIM4,0.6551161550574403,0.2699727451725892
SNX13,-2.1282892060621186,0.2699918303716384
DTX3,-0.924860364327353,0.2703657038630506
RHOT1,-1.266735432103482,0.2703657038630506
NCL,-0.8069922108237986,0.27045054246137606
SRP19,0.49216503438289116,0.27046357243296626
CHRNA2,0.18569894013335597,0.2704764320638506
ATP5G2,-0.9622757682987491,0.2705079521238376
ESAM,3.073942467110917,0.2705079521238376
KIFC2,-0.22363524790375888,0.2705980706459578
ATP9B,-1.215820488660155,0.2705980706459578
OLFM2,0.20344048912630322,0.2706510138571516
CPM,-0.7907915876729178,0.2708363950394201
TCTN2,-0.5663470582572357,0.27091267643498756
CNGB3,0.13494099021301648,0.27091267643498756
TMEM53,-0.49903358535520476,0.2709503591293357
DMAP1,-0.8209292625971152,0.2709503591293357
BAZ2B,-0.6072949856059933,0.2709733658577307
CLIC2,1.4411803175858406,0.27102163005332425
CTSC,-0.8557554454386915,0.271123670135723
ACOXL,0.13485768828576075,0.2711395459781904
NME2,0.5750302146947224,0.2711479159225301
PPP1R3B,0.9520537346438764,0.27123505614029497
TUBA8,0.9610598390482626,0.27123505614029497
MRPL21,-0.8202848640353682,0.2713305496445353
PUS7,-1.107230752405108,0.2714303221555562
HNRNPA3,-1.1513462617703922,0.2714303221555562
TMEM260,-0.5973621527267617,0.2714377962179509
BLOC1S4,0.22010709260586214,0.2714377962179509
PHKA1,-1.126635872392961,0.27150898203397306
TLR2,-1.0841147112990903,0.271605528139627
CD70,0.9588228009909777,0.2718253225459161
CDH1,0.20231866513107144,0.2718253225459161
DPYSL2,-0.9445916629451498,0.2718253225459161
TM2D3,-0.7911626816176298,0.27190222193169883
FAM89A,-0.4260671382180543,0.27191364759939235
MAP2,0.20208040026069266,0.27193077172418806
ENPP3,1.604863685903383,0.2719344811630431
POLR2K,-0.9612021055526618,0.27194574014851747
BHLHE23,0.9143113195789684,0.27200899278682383
MARVELD1,0.41298372225498814,0.27206502895982965
GSN,-1.1774783075971325,0.27206627341943973
VHL,1.1305625309005074,0.2720745227431964
ATXN7L3B,-0.3773942978218794,0.27211622997102636
SLC12A6,-1.3456733108814865,0.27211622997102636
LRIF1,-0.4795828234656958,0.2722158185040449
EXOC8,-2.0641709271057747,0.2723584620960377
ETFDH,-0.8263669318103695,0.2725666752689967
PFDN1,-0.4686413888486989,0.27267586775213964
IL11,0.23331288595414845,0.27271492639428074
MTF1,0.877303697984209,0.27271492639428074
TXNDC17,0.8120921016257325,0.2728098504862717
NEK9,-1.69994483609183,0.27284937514003355
GJB3,0.18695940874920003,0.2729384476998507
ABCG4,0.5743052444254082,0.27299094928472806
NDUFAF6,-0.9259690364049136,0.2730059432399558
P2RY10,1.0288936801654875,0.2730561217619505
PPIA,-0.5633704167936013,0.27320044781562297
MROH1,-1.5581380544718149,0.2732395139113105
TMEM220,1.4541719334020775,0.2733043924730223
TNFAIP2,1.7162307607960576,0.2733235056634911
MED14,-1.536483284668102,0.2736040054384546
BST1,-1.1429898210675151,0.2737199862850738
RPP21,0.8147270910296953,0.2737631698920241
ACTR3,-1.2049162927479466,0.2737631698920241
GAS2L1,-0.6435371543299047,0.27384900915723676
PSMD11,-0.43074095537752566,0.2739345947775403
LOC500028,-1.108754399535322,0.2739345947775403
OSBPL8,-1.5049137597613225,0.2739345947775403
UBE2I,-0.5312724900795525,0.2741508999851426
METRN,-0.6415653243763608,0.27421542020862205
CHRNB2,0.527616886892869,0.2742522180299388
UBE4B,-1.3636987384508357,0.2742684333228017
SNAP23,-0.6507826472637808,0.27427806462728693
RAC1,-0.19750978621840432,0.27427806462728693
ZMYM6,-1.2234364142525642,0.27427806462728693
PALM,-1.3165554276919145,0.27427806462728693
VPREB1,0.2802381811242307,0.27435787418227964
S100A13,-1.4016722986064811,0.27445186301807123
CWC15,-0.7094510093098059,0.27445186301807123
NDUFS5,-0.6397395725267332,0.27445186301807123
NEDD4L,1.0499580210417574,0.27446016180409166
CUTC,-0.4402609439371252,0.274532252421504
ARC,-0.5662486208324683,0.27453793302334145
SLC25A33,-0.3437820006368537,0.27460147490948567
PRKD2,-0.7463598195998672,0.2746591481151743
KIF2A,0.8195863762556108,0.2747108572762827
PDCD2,0.4481969133374166,0.27481202927755405
RSPH9,0.20002592863097585,0.27481202927755405
GGTA1L1,0.20659571677871977,0.2748336504286843
KCTD18,-1.013962495099296,0.27486462997588734
TMCO6,-0.6416156339713059,0.2749364255733545
MARF1,0.35202646278106986,0.2749398211274872
UBAP1,-0.8362984747799769,0.2749398211274872
POP7,-0.5440958129042119,0.2749880700732723
SOCS2,1.4010611640577266,0.2749880700732723
COMMD4,-0.7010171799302185,0.2750120909389143
MRPL27,-0.7017681875716679,0.2750120909389143
TMUB2,0.6028958598077869,0.2750120909389143
TMEM116,-0.9322474624476476,0.27503690782509815
HMGCS1,-1.4385827087905354,0.27515614131250055
HNRNPD,-1.260526271695345,0.27525432154704754
TRIP4,-1.1555951904127824,0.27525513326275763
SFXN1,-0.6766095996038861,0.27526076427754426
XBP1,-0.5012905946993511,0.2752728578610785
NAA30,0.4551752434737306,0.2752739796544024
YBEY,0.31139374113490725,0.2753191925835351
RGD1306058,0.6073973466794715,0.2753300473077576
ZFP597,-0.9442292001058372,0.27533462643559914
NUCKS1,-1.6438961500640334,0.27544128108978944
POLR2J,-0.9073007365771675,0.27554747691694725
SUN1,-1.2503362468411763,0.27562119517588163
LANCL2,-0.9119213709586862,0.2756586666758526
NIPAL4,0.1593514693581402,0.2756586666758526
DHX38,-1.593707716198859,0.27565980363747433
PTPRC,0.1825297415599314,0.27575422172947256
AXL,-3.1084356681262593,0.27588002852546933
FPGS,-0.5849254721850934,0.27588002852546933
PSEN2,-0.5413379904746054,0.275942912607403
PLAC8,0.8659319163395774,0.27606846665725693
ADRB2,-0.7918598048703092,0.2761836185410574
LOC302022,0.19939155139194634,0.2762485245797713
SYNJ2BP,-0.7249046010741123,0.276328554684698
C1S,0.25534858570892716,0.276501872492567
RPS27A,-0.8004395927161729,0.27654529339787143
DCUN1D3,-1.3255928628046023,0.27661485816217757
VOM1R88,0.1991892457350137,0.27665324076221803
PMPCB,-0.689749608585907,0.2768308172765839
TROVE2,-2.3168740863763193,0.27705263934885543
TG,0.20657870460805447,0.2770570237409016
RNF10,-1.5865132450218824,0.2770910089556166
CHCHD5,-1.03664929153213,0.2771074453090145
REXO4,-1.0739065977271793,0.2771074453090145
ZFP414,-0.6263758327183861,0.2771389559150498
NARS2,-0.9990837447703185,0.2772881836168603
BMS1,-1.6349833339555946,0.2772948046264649
MCL1,0.6789089168886724,0.27730823600199633
EHD2,-0.8943669490717188,0.2774302529811876
NDEL1,0.758873588782901,0.2775226455143448
GP5,0.1583641743990123,0.27774292125759603
C1QTNF1,-0.3421568110227911,0.27781504283866043
URB2,-1.0704765557366598,0.27781756124702683
CCDC114,0.22689559807927695,0.2779246447216217
GTPBP2,0.9243955187895296,0.27800182438522025
C1D,0.5048111169206719,0.27800182438522025
LAGE3,-1.3116667363411634,0.2781096165181922
XPO1,-2.07874283549604,0.2781108571988953
IL2RG,1.4750156959935339,0.2781108571988953
SREK1,-0.4204199137423692,0.2781108571988953
RGD1564614,-0.7577173607839791,0.2781108571988953
RNF125,-0.5846930526167855,0.2781108571988953
LARP7,-0.6938433268213746,0.27832350075451834
ACHE,-0.708967887417247,0.27835679465944646
RSBN1L,-0.512678604243691,0.27842400176880144
ATP1A4,0.21594848425085278,0.27842400176880144
LOC680039,-1.2051354734553525,0.2785403583214236
MSL1,0.5824254470914711,0.2786626256032796
SAMHD1,-2.017054871045032,0.2786626256032796
SRPR,0.8534849085706906,0.2787049257497433
ZFYVE1,-1.4253979350494712,0.27882361199746886
SLC9B2,0.24501649082995144,0.2789066130920037
MACF1,-0.8468432894891114,0.27891956797074124
CLEC4A1,-2.1125744132778,0.27891956797074124
CTNNB1,-1.399393081194336,0.27899744049210556
HSD17B11,-0.39601712870561645,0.27942110883881266
SMIM12,-0.5789410052616621,0.2794927244475542
CCNT1,-1.4422546657900506,0.2795912692053224
PRDM9,-0.3286535417817354,0.27981823177575105
IFIH1,-1.332303568707721,0.27993228026510625
FIG4,-1.3249659507997644,0.27993228026510625
MLLT1,0.47104691446692337,0.27993228026510625
ULK2,-1.2731155562967895,0.27993779762046317
HPS4,-0.5648492476269356,0.27994456482486096
NPHP4,-0.524023562260787,0.27994456482486096
DNTTIP1,0.7012699353808407,0.27994456482486096
ATG16L1,-1.1354978529626951,0.27994456482486096
ALKBH3,0.3314403513928008,0.27994456482486096
GANC,-0.5978153117029419,0.2799752169629513
RTTN,-0.8080689175724104,0.2799752169629513
PHKA2,-0.8024481273070949,0.2800665646846386
TRAF2,-0.7407332088069798,0.28011259355360735
TRIM8,-1.7037787074839015,0.28018582915249096
WDR62,-1.1303505165494439,0.2802400733656338
FAM50A,-1.007011589857775,0.2802655731272609
CIRH1A,-0.8672107211604443,0.2802655731272609
E2F1,-1.8269772552655126,0.2802670244584326
DYX1C1,0.21321886135410117,0.2802670244584326
GABARAPL2,0.47100041456351516,0.2802670244584326
FAM214A,-1.0011430160539498,0.2802670244584326
RNASE4,-0.9587493481048753,0.2804416617613779
CD5,-0.6554202045220858,0.2804416617613779
TRNAU1AP,-0.84754948276561,0.2805538873045239
ERLIN1,-0.7304081426489635,0.2805538873045239
ARRB1,-2.0942231489599354,0.2806789620624679
DNAJB2,-0.5523071988169814,0.2808321764965551
RASSF8,-1.263026891758924,0.2808321764965551
MEN1,-0.4031656833029258,0.2808558477715448
MRM1,-0.8572867636744381,0.28087350794920984
BCL2L13,-1.2266025929952058,0.28087350794920984
RGD1563349,0.19924901539075923,0.28094581869353213
RNF4,-0.9938257318432164,0.2809879559405857
GIOT1,1.7144695436645896,0.28111606832534136
TBXA2R,0.3154068187426956,0.28111606832534136
ZDHHC18,-0.34946565704415233,0.2811752768843433
RAB30,1.6128308264449518,0.281380343875175
ABCB1B,1.8814464726862203,0.2815637461307068
SMIM15,-0.792691551357354,0.2816813077000513
VOM2R80,0.15279783974355785,0.2816813077000513
GOLPH3,-0.6786505854049913,0.28180964170628864
CFAP97,0.6833154414506721,0.2818679423217499
CDA,0.17106585607900537,0.2818703744959693
CSRP3,0.181718308546084,0.281972682471109
ARHGEF2,-1.2633213437020894,0.2819840672028199
TRIM47,-1.0756051826804915,0.2820089357473613
DYNLL2,-1.2587356469549489,0.28202645466802034
HMOX1,1.3613757980794734,0.28202645466802034
MAP7D1,-1.0960971864235631,0.28210400155642384
OLR1,-1.0085954932870091,0.28212694412419687
IQSEC3,0.18973487337617653,0.28212694412419687
CDKL3,-0.23413840910195183,0.28217882677013556
GON4L,-0.7219005525140803,0.28232711283857936
IL18BP,-0.9758791205828856,0.28253779805252843
GALNT18,-0.6649685438229104,0.28253779805252843
ERO1B,-1.1770298744911236,0.28253779805252843
TXNL4B,-0.9994637096200771,0.2827458593515063
ACPP,-1.1641162481112683,0.2827576945460002
CDIPT,-0.25234688952283957,0.28276481042139134
DYRK1A,0.8395349637192608,0.28276481042139134
FUBP1,-0.5975707052821599,0.2829294890550936
VARS,-1.6564751755308431,0.2829294890550936
APH1A,-0.374215678148877,0.282949763776576
PRELID2,-1.5291423433337479,0.282949763776576
SPATS2,-1.1465793701678737,0.2831202967158679
TXNIP,-1.1060787960622136,0.2831670662627147
DHX33,-1.8672526959431295,0.2832173667797915
INSR,-1.2564670213178237,0.2832630241072033
SDR39U1,-0.9909990446917107,0.28326653372657074
TYW1,-1.1110593305033198,0.28327407096643237
NABP1,-0.929528511697165,0.28336687539436184
SMPDL3B,-1.0116892167645375,0.2834695165137505
DIS3,-1.4052961894378508,0.283627803727075
MYO18A,-1.8879222314478366,0.2836613142087103
PPP2R1B,-1.0884997988702034,0.28384544131902556
CXCR5,-0.774097721910473,0.28400237864852323
FBXO33,-1.3681390217876432,0.2840213090865534
RT1-CE4,-1.3048394449042187,0.284079972399036
ACNAT2,0.20211300725120163,0.2841234489376509
STPG1,0.1796804694099528,0.2841796176025375
OGDHL,0.18250543416309473,0.28423980972003016
CRIM1,0.7180619613450987,0.28426485491790976
TNFRSF19,0.21488450759536232,0.2843414531255294
LRRK1,-1.85226612914224,0.2843477385714139
SEC11C,-1.041584791991788,0.28434847827417775
SLC16A1,-1.6960101498769369,0.2843640685687784
CHDH,0.17950722855773105,0.2843878880905174
B3GALT4,-1.3646414289038291,0.2845133599559938
POGZ,-0.6267325990355881,0.2846106700043674
SF1,-1.0473120258967157,0.28463406147759385
LOC100361083,0.29782847733130124,0.2846612159784274
TRAK2,-1.1077923083666248,0.2846714111772812
DGKE,-1.4849855539212296,0.2846714111772812
CLUH,-1.61804483546177,0.28469183594275776
CALCRL,-1.8048986227940367,0.2847398474700036
SLC35F6,-0.21412498431800842,0.2847398474700036
LACTB,-0.4719611314000378,0.2847625799248829
BAIAP2L2,-0.48743971847194717,0.28500930141862096
DMTN,-0.40737149103243125,0.28500930141862096
EXOC1,-1.7270708848370926,0.28500930141862096
KIF5B,-0.6613988707619631,0.28500930141862096
ATG9A,-0.8810836724995021,0.28500930141862096
ABCC10,-0.767958658895358,0.2850424277279598
CDK19,-1.0338244184365957,0.2850483318379011
CLU,-1.5749460949590204,0.28505536245047935
PDAP1,-0.8500005229141454,0.2851791110226517
LRRC59,-1.0054708771220815,0.2852203180354717
MESDC1,0.7610729243187127,0.2852402037018376
RRN3,-1.3319592403297102,0.28541918147632744
ATF7,-0.5802217500465918,0.28543256574140413
PDE1A,0.5455741985805727,0.28576538597269163
MAP2K3,1.220687033422263,0.28584214666047003
SELM,-0.9981241867977868,0.28584214666047003
PIR,-1.155865009360319,0.28592732303845175
ASB7,-1.269725926510491,0.28607101443008204
LETM1,-1.5464607540741357,0.28607836349707
SLK,-1.4478360528838974,0.2861399868119827
ATAD2B,-1.0047137322102924,0.28617670608428986
FKBP1A,0.3757213782033393,0.2864508325695123
UST,-1.0221234312885619,0.28649585970960684
SSR2,0.42946052751182684,0.2865086022618816
RNF139,-0.7269692810300605,0.28652340575063434
CD36,1.7501319878018076,0.2865305138158237
GTSF1,0.27504997001959763,0.28657632198611166
OTX1,0.17857060346996662,0.2865789448195838
NUCB1,0.9922748844073785,0.2865789448195838
CHML,1.0647968546912252,0.2866290081166798
SEC23B,-1.0129211865902024,0.2866684270380143
ATP11A,0.520999277437066,0.2866684270380143
SHFM1,0.7200093082759791,0.28675647649090724
SMIM14,0.6641243634336238,0.2867621671275723
COA3,-0.7714825798655571,0.28694724434093183
MYH9,-1.879495038494098,0.286962217851348
NSUN7,0.25362178107916056,0.2870163683719103
C2CD2L,-0.7324251479904302,0.2871196784940049
UBB,0.4419439302149719,0.28720762527955845
SUPT20,-1.2889843973870483,0.2872086435131135
NTHL1,-0.7535397291676342,0.2872437860029579
CLEC10A,0.7361830292348803,0.2872976620994369
GSTT1,0.9230713432330285,0.2874411067098413
NSA2,0.5676872104341957,0.28744348604925984
MDM4,-0.6751338434990295,0.28744348604925984
MAFG,-0.7278203214740504,0.2877230515024529
RGD1564036,-0.8767598773696242,0.28779911731023444
RESP18,0.42622608375404053,0.2878434146665952
DOCK8,-1.503221790103694,0.2878434146665952
NSRP1,0.5748619523116592,0.2878434146665952
NT5DC3,-0.762789284660025,0.2878837143449324
TRIM54,-0.7395172593044803,0.2878837143449324
BHLHE40,-1.026796722950191,0.28790119608451115
GNL3L,-1.4419493155516558,0.28790119608451115
CLK2,0.5721431610126375,0.2882863684662375
JTB,-0.30751823581774484,0.2883031230114748
DOC2G,0.3583013080602827,0.28831107481068213
RAPH1,0.7465050325666733,0.28854996964505686
CTDSP1,-1.2023495470856664,0.2886331277781164
TTR,0.2103140468594044,0.28884004107606054
ATF1,-0.7494741816431212,0.28884049980419596
RAP1B,0.9357755845996101,0.2888756224344639
DNASE1L3,0.20975528620735365,0.2888756224344639
ING4,0.5630654203660317,0.2888756224344639
ATG2A,-0.9369249079098666,0.2889311564894694
AASDHPPT,-0.5600066226859006,0.2889317482640491
IL1RN,0.7411891298773918,0.28897969735563006
SF3B3,-2.0362531384538998,0.2890206793406703
ZBTB5,0.6568108255243683,0.2890446084168435
TAP2,-1.3700186248951647,0.28915415902212604
P2RX7,-1.5265126417288417,0.28915415902212604
CALR3,-0.8459132190319023,0.28915415902212604
RHBDF2,1.231547454800797,0.289186363007126
ACSBG1,-1.4559025495593274,0.28923089252707324
VKORC1L1,0.8754974873295249,0.28936019617952
SYK,0.7756968640081285,0.28951146023219854
TLCD1,0.5835135829171607,0.2896807232225584
MAP1A,-0.8049471187925887,0.28970990096487986
FBXO42,-1.0797711565096035,0.28971366378029145
SEC31A,-1.2500836821417667,0.28975266340887124
GTPBP6,-0.4278407707834242,0.28978539487432897
MEIOB,-0.5733992332531168,0.2898090054956263
DDX10,-0.9860843113952238,0.28983176814422634
FAM175B,-0.9695537655110256,0.28983176814422634
FANCA,-1.8802264692943407,0.28984528869135473
CD8A,-1.493735068334496,0.29004022505939586
ALKBH5,-1.929342168281568,0.29024668989032903
GDF3,-0.8427172668332497,0.2904576653770878
TRIOBP,0.8380741453407166,0.2904636055250237
CHPF,0.8600726702956996,0.2905472495619849
GLOD5,0.594787941052898,0.290580323194106
EIF4E3,0.9533468717171758,0.2906125609758623
CXCR6,-0.2596153964257431,0.2906835920825376
CCDC86,-0.7437063075621562,0.2906835920825376
KAT7,-1.3664487051339855,0.29077189330231973
CD46,-0.31667341461531573,0.2907894864143015
ARIH1,0.46454057742344723,0.2907916042086612
CAMK1D,-1.5804881688417092,0.2907916042086612
USP32,0.3971376359615,0.2907935082325749
APBA1,-1.1663436439308217,0.2907935082325749
ARHGEF3,-1.2571170602332329,0.2907935082325749
ADAT3,-0.850362699323457,0.2907935082325749
TOX2,-0.9095441516838357,0.2907935082325749
NAB2,0.3716726453153889,0.29090191584490965
SRRM1,-0.6844244184279464,0.2909123050301991
STARD13,-0.1672330558419646,0.2909841318222471
MRPS18B,0.3817131127761879,0.2909841318222471
EIF1AD,-0.326559302373826,0.29119332906831663
TRAF7,-0.7833800494846157,0.2912345306976715
DPM3,-1.5098026337553165,0.29130164230575845
PAM16,-0.8068742531087123,0.29136748527691175
LRRC36,0.17960913746076812,0.2913717786113306
ERI2,-1.3451550102154726,0.2913905439368312
TUFT1,-1.1759980744068788,0.29158765111110146
BLES03,1.1394803912803533,0.2916120396476137
UGDH,-1.04763808087068,0.2916120396476137
IFI27L2B,-1.4062467210133374,0.29166756361682505
PEG12,-0.898019066172042,0.2917252751448986
SMAP2,0.7665172590720593,0.29179098637543305
LY6G5C,0.27212713104625363,0.29180004816526045
MTERFD2,-0.41317457610524944,0.29196441314085025
LY49S7,-0.8410224876172918,0.29197199193156914
RPL26,-0.8138282506984016,0.2920695149758781
TMEM256,-0.815261014784876,0.2920695149758781
CALCOCO1,-1.099707561506568,0.2921895628123051
RGD1560394,1.0370099484079982,0.29223773327077035
KCTD3,-1.4873756412715053,0.29230424161210317
P4HA2,1.3602956624303975,0.29231132463456555
NUP37,-1.3713566218415663,0.29231132463456555
TOP2B,-1.3344352506224788,0.2923938084787839
FBXL16,-0.34424700077959214,0.2923938084787839
DAG1,-1.3430669638368884,0.2923938084787839
SYMPK,-1.0242894370454385,0.2923938084787839
OMA1,0.3567942499911174,0.29240603034478
YIF1B,0.18814508708922872,0.29240603034478
PODXL,0.2385250817117011,0.2925922600511468
REM1,0.32641982481222265,0.2926004601106901
XIAP,-0.4319836455388799,0.29280990429388226
SLC15A2,-1.1465773865166042,0.29280990429388226
ZFPL1,0.4678452049095556,0.29282117394503854
SEC61A2,-0.9174027600953876,0.29291855054551397
RHOD,-0.8578132719826079,0.29291855054551397
HCST,-1.1204314490897036,0.29294495337155807
MRGPRX3,-0.7217625216648393,0.29296732812167153
PDZD9,0.1908171077688538,0.2932495059459318
FBXL7,0.2690534996856876,0.29357273406617057
ZBTB25,-0.5670983538138971,0.29367506749715894
ZYX,0.5822187095527172,0.29386228235207806
AAGAB,-0.6945354499107754,0.2939500020722146
SPOPL,-1.578817393720755,0.29402256533415555
SRF,0.9329606624169965,0.2940449097773363
CEP83,-1.2536608315165263,0.29409677525172867
F13A1,0.25219682967272006,0.29415259892010975
S100A10,0.742670874875337,0.29416469526796873
PLEKHH1,-0.7083427353040608,0.29416469526796873
PLOD3,-0.8910587577808191,0.29416469526796873
GALC,-1.8974533490177221,0.2941812919831886
PEAR1,-0.6699594683719012,0.2942025120170478
OLR1666,0.19024568531024322,0.2942649727608382
PPFIA4,-0.2866226942426134,0.29437436591505195
DHX9,-0.856134106144077,0.294406211292279
SIRT6,0.4734231467821739,0.2944334576306773
PEX13,-0.5348441218644555,0.29446750599687854
ARSG,-1.000510597598531,0.29458059942500503
ACTN4,-1.155588275512386,0.29458059942500503
BRIX1,-0.44399675894901414,0.29464325315503026
GZF1,-1.226835200255508,0.294658153124873
MYOC,0.19609961970259535,0.2947418541519209
OLR1382,0.18967783130953048,0.2948816612839162
LRRIQ3,-0.29154478661730676,0.29491668643407487
DNAJC24,-1.160351186865204,0.2949649526260775
IFRD2,-1.007472780965999,0.2950387349606616
LOC498265,-1.188652122692622,0.2950637352002956
TXLNA,-2.074284117806064,0.2951669440747715
NAF1,-0.7414824164059475,0.2952244609669119
INPPL1,-2.106722939723152,0.2952342674060565
STX5,0.4332577224022094,0.29525444197464656
SRXN1,1.3773314984694354,0.29525444197464656
DCUN1D5,0.30680760214811453,0.2953234593648058
NLGN3,0.20733652481595038,0.2955174346262562
BBS1,-0.8491662528817003,0.29552928619079194
NRD1,-0.9738267778857561,0.29552928619079194
TRIM17,0.20718016009108647,0.2955483533568413
AAK1,-0.7913117638012636,0.2955483533568413
GTPBP4,-0.9616989862590861,0.2955483533568413
TRAPPC10,0.4000707680480582,0.2955483533568413
SLC30A1,-1.1038051659407693,0.2955483533568413
HSPH1,1.1200567088420454,0.2955616708827973
NCOR1,0.603915129646567,0.29561221559953993
RAB22A,0.3208757411057128,0.29561221559953993
AQP8,0.1863496879724669,0.2956169808823408
DDX19B,-0.683611863929996,0.29570530449816723
SENP2,-1.2957797361057566,0.2958972121766911
VCP,-1.164675311032143,0.29590408380908856
TMEM158,0.32199341555322336,0.29590408380908856
FBXL14,-0.7777889137449274,0.2959446045636578
OLR1646,0.18911355007092948,0.2960789605681451
SYNGR3,0.45850845169269655,0.2961010502094025
TBX3,0.21611832639587755,0.2961010502094025
STIM1,-1.4570208228937247,0.2961268101910572
ZDHHC2,0.36008433904031817,0.29615444406765584
TUBD1,-1.3780223897945465,0.2961601823435418
SLC6A12,0.5192025643887135,0.2962551941844127
BRSK1,0.6389413152984758,0.2964218336826349
HPX,0.4249722116133794,0.2964218336826349
SLC11A2,1.616368030218243,0.2964563969650345
VPS37A,0.862569712915648,0.29657123116742395
SPRTN,-1.6407526339250478,0.2966851871040963
ORMDL3,-0.9338875823020234,0.2967353642581492
RPS4X,-0.3714925263997184,0.29674499650773384
ERP44,-0.5401110728953151,0.2969127354446621
L7RN6,-0.8219845566307313,0.2970533128479518
TP53I11,0.7697352968044067,0.29714408516442015
TNRC18,0.6337250660354454,0.2972121855595077
KDM4C,-1.0362868132757093,0.2972817034919346
KIF21B,-1.0136657225475034,0.2973227360937248
VEZT,-0.9004876286847878,0.29762763368296463
KAT8,-0.62886290979815,0.2976810463100432
OS9,-0.7858412632895386,0.2976850076200367
F10,-0.7149892000917385,0.29774033851333814
ILDR1,1.1491527532173522,0.2977579056377631
APPBP2,-1.1321153941417883,0.297829635005524
PLXDC1,0.19761880558202033,0.29796099650400776
PI4K2B,-1.4079375162521437,0.2979916251321009
ZCCHC11,0.3547285033076134,0.29802420706833466
TREM3,1.4069978987491467,0.29802487300886665
RGD1564450,-0.5883151256956989,0.2980263855717791
CPT1A,-1.6587026942665049,0.29806130622432747
LOC690344,-1.3124860088354842,0.29811370238787366
CACNA1C,0.19421189532381838,0.29811370238787366
SAMD15,-0.2327731919629205,0.298151870690662
BRCA1,-1.4152059746957217,0.2981935278667943
SREBF2,-1.1998734160079114,0.2982456396256506
MSRA,-0.8631700292932712,0.2982518705301018
ATP2C1,-1.408895761665145,0.29831135930623226
MON1A,-0.5808201912506965,0.2983369771855274
TERT,-0.38724745226693047,0.2984791299976351
RALGDS,-1.3655506458590234,0.29851745398347596
TRIM34,-0.9753966683584898,0.29861548730676213
IKBKB,-1.1159598698791404,0.2986201307419938
TAZ,-0.6773162218725042,0.2986432123039755
ATL3,-0.9999335083063583,0.2986432123039755
B2M,-0.8926072854846847,0.2988669046425918
AP1G1,-1.5637164328572737,0.2989269848398486
IKZF3,0.1492060277267577,0.2989568156262853
SNW1,-0.9420164165144733,0.2989568156262853
STK38,-1.0519141059004014,0.299042959566755
ARPC1B,-0.2739510824315712,0.29906240502346343
DNAJA2,-0.5149931893670106,0.29906240502346343
CSDE1,-1.817982747440512,0.2991307398978441
ADAM10,-1.6489962421270605,0.2991307398978441
NGP,0.12648460898085986,0.2991307398978441
TMEM203,-0.9060074735912467,0.29918001042534625
SVIP,0.3850973919528131,0.299280772111689
MAU2,-1.1100627654990063,0.2993125505924636
CCDC50,-0.4918239177115833,0.2993470273660045
ZC3HC1,-0.7088764806223744,0.2993514476795808
PYGL,2.459130805018656,0.2993909222587005
LRGUK,0.22338339375978694,0.2993909222587005
COMMD1,-0.9740390782892572,0.2993909222587005
ARPC5,-0.4566750060995375,0.2993960788728018
GCNT1,-1.1397419673377645,0.29944537785319575
PPM1K,-0.7391047199363228,0.29944537785319575
IL20,0.17287533968463206,0.2995102889291906
GPR52,0.34892828432363227,0.29957067240895646
SERP1,0.9008822155494123,0.2998106008083025
DOCK9,0.6897789776466218,0.299859603651216
PRKCH,1.4367104357213476,0.2998819578303029
ACVR2B,0.8604712722039384,0.3002310801066952
EXOC2,-1.3576701499258796,0.30024194684305217
GTPBP3,-1.021925850652743,0.30026464121892804
RPS20,0.4527375490671224,0.30026464121892804
EMP2,0.4879767249145208,0.3003283367631638
MED4,-0.5114682118471654,0.30054400632071243
SSR3,0.4481621231607331,0.30084218403199986
RANBP17,-0.2590756159413728,0.30091401895463105
UBA1,-1.5570099585890391,0.3009432051546108
HBEGF,1.1480171368813554,0.3009828824944056
ZBTB46,-0.36483583828737376,0.3010072283098847
B3GNT3,0.20486689086954496,0.30110416597226536
ACER2,0.23782662500363047,0.30114624738978096
MRPS25,-0.7250186045463272,0.3012434866458135
TTC27,-0.7410570708397315,0.30133438965488824
UBAP2,-0.6882372438439286,0.301401779499647
LOC502618,0.3553098771382626,0.30140938138579637
NIPAL2,0.4087251042801974,0.3014367369962334
ERICH1,-0.5981137749687746,0.30148408399306514
G6PC3,0.5579695183563906,0.3015969546365067
MYO1G,-1.539705493616375,0.3015969546365067
HSPA9,-1.5646678941876777,0.30166796683136615
EMP1,1.4933330472792834,0.30166796683136615
EIF4E,-0.3489856778685665,0.3018879686175045
AP3M1,-0.5130953432674632,0.30208167826439813
KIF1B,-1.6792659281512745,0.30208167826439813
AREL1,-0.7320604697801698,0.3023189636178851
DHX30,-1.5309433304466207,0.30243193809049834
BICD2,-1.6231548652999561,0.30243193809049834
LETMD1,-0.7440290528569022,0.30243193809049834
ANXA1,-0.5315548002829278,0.30247558450302536
RGD1562218,-0.9943843850468743,0.3024840709646804
SLC1A3,-1.531694108221546,0.30254866769151556
RGD1566386,-0.3360857188460056,0.30266664854097697
ADGRF5,0.4208910539631997,0.30266664854097697
CDYL,-1.3001394496187237,0.3026849504514728
ALG11,-0.7542388246441782,0.30268956839524847
POLD4,0.8937964280158761,0.30268956839524847
MORF4L2,-0.5172228898083953,0.30268956839524847
CAMTA2,-1.0069849146819227,0.30270097847605026
TRMT13,-0.4905964081978309,0.30278522772626065
LOC100294508,-1.4306984841931523,0.3028207136848062
MFHAS1,-1.6697311806426702,0.30283893485250035
CBX8,-1.1477626126582683,0.3028867279854926
NFKBIL1,-0.6209480049911527,0.3028867279854926
SEPT2,-1.2006021310212907,0.3028867279854926
NXNL2,0.17152582506595593,0.3029865469605477
UQCC2,0.869916622189467,0.3033796459960335
PTPN9,-1.3876076846596401,0.3034210331012486
RIBC1,-0.6139952411412494,0.3034586305383663
FCF1,0.5317360294177913,0.3034586305383663
GIT1,1.0706544552567943,0.3037591158161229
VPS26A,-0.665654796562352,0.3040194647470643
FSTL3,0.49725240656081704,0.30403881848157943
SLC5A3,-0.8392724097802677,0.3040968417324875
HOOK1,-0.21081559073391054,0.3040968417324875
GLG1,-1.4045864756199098,0.3040968417324875
SMPD5,0.185978151687581,0.30417188290394775
TNNT3,-1.315054312861494,0.30417188290394775
NTMT1,-0.2603556458259524,0.30443241737283716
SSTR2,0.19145652912405203,0.30448918044929524
CSPG5,0.22767680220179642,0.30468016584024893
KCTD1,-0.22926502071330157,0.3047752653528972
ANKRD13A,-0.6708925165601238,0.3047851456703348
DDIT4,-0.8829818187085059,0.3048242698509656
CDON,-0.8737097502142099,0.304834339906071
SFRP5,-0.7867348509343642,0.30491412881564917
LCP1,-1.4026125067435675,0.30491412881564917
FAM71F2,0.18892334436458927,0.30491412881564917
TMEFF1,-1.0398106258708526,0.30491412881564917
TRPC6,-1.869750163923805,0.30491412881564917
TMEM164,-0.5084190688365018,0.30491412881564917
PPHLN1,-1.4770764656853355,0.30511632414529444
ZFP775,0.6408978207495195,0.3051695962180497
LOC24906,-1.1699316255515737,0.30529012653802884
UAP1,-0.9033628498861486,0.30529012653802884
ASUN,-0.8885937739455327,0.30529012653802884
TLE4,-0.8289345146244482,0.30529012653802884
KBTBD11,-0.5225918053313909,0.30534115106716797
TRPV1,0.2518756879651353,0.3054267394958179
RGD1562608,-0.4815127226345013,0.3055179253251235
MYH9L1,1.8600627421486398,0.3055379519130619
RPS6KA2,-1.4444202991670525,0.3055497231480508
HEY1,0.1708031750947984,0.30557117884001306
POU6F1,0.1937959782005378,0.3055886960463622
ULK3,0.8919865221401759,0.30574304225881865
WDR1,-0.9582443758650028,0.3058744665404013
ZDHHC9,-1.1753192666642722,0.30589449290291565
RRLT,-0.648124525741901,0.3060150900146498
EIF4B,-1.1614699233594994,0.3060379768282989
ZNRF2,1.0586602625880213,0.3060379768282989
CCL6,-2.4312801630691045,0.3060379768282989
HSDL1,-1.5508575873876773,0.3060379768282989
EPM2AIP1,-1.0320262106307128,0.3060457919193438
SUPT16H,-1.733556326474715,0.3060457919193438
CLEC2G,-0.852182058860083,0.30607677521404714
FNIP2,-1.814256232894531,0.3061376663092912
PRSS37,0.19077413253473724,0.30626782929739765
SWAP70,-1.542366258498261,0.3063178737632118
KCNK4,0.14593825784304637,0.306369438922192
MYO9B,0.8869008361158737,0.3063850089786619
ARMC3,-0.8757136161594167,0.3063935936118497
PSMD7,0.18080382529986405,0.3064881123908587
MRPS30,-0.8838489652781565,0.3065102446626823
HENMT1,0.4340467561266862,0.3065102446626823
RUNX3,-1.7277725426106085,0.30656632738513206
ABCA2,-1.1383359467391676,0.30658992750424063
EGR2,-0.8732227874272005,0.30668066359683877
TIA1,-1.2418218512170167,0.30668066359683877
CBLB,-1.6174544762974188,0.30668066359683877
XPR1,-0.6335764322231753,0.30684424528958587
PTPN11,0.3727810316030733,0.306915554684781
SETMAR,-0.7783955262162232,0.306915554684781
PIK3R4,-1.4410794344650828,0.306915554684781
TMEM11,0.2961436484755655,0.306915554684781
DYNLL1,-0.838113972943221,0.30691789231121996
STXBP4,-1.0221986399573166,0.3069232182931527
CNTROB,-0.5743226368172634,0.3069232182931527
EAPP,-0.3381324375165362,0.30695250759368364
PDIA6,-0.5319167848291562,0.30711482484519526
SLC36A4,-2.1720688484083075,0.3072507595766138
GLDC,0.1239647683389978,0.3072507595766138
ZFP143,-0.6679833336763101,0.3073425636245399
OLIG2,0.1654068953564154,0.3073425636245399
SPIRE2,0.1231543097523436,0.30748124313913616
APBB1,0.22763935522958442,0.30756457610899407
PHKB,-0.9141371645255475,0.307606020012285
MRPS24,-1.0575520471424178,0.30761621045429116
ARIH2,-0.7809076155367052,0.30772507931937276
EDRF1,-0.7135081280369587,0.30772507931937276
BCDIN3D,0.6351490697472961,0.30772781601344645
EMC2,-0.2005922720022455,0.30778977127134993
CPLX2,0.16990833020329468,0.3077984379059474
FLT3LG,-0.863792664716191,0.30780804094603953
FAM151A,-0.9082803148481269,0.3078208673244782
TMEM86A,-0.6377232813806835,0.30795263790037175
TMEM171,1.3447109498243766,0.30795284510412757
ECHDC3,-0.409593913427421,0.30795869779599416
LOC497934,-0.6239564744158499,0.3079595578920671
TMOD4,0.49234778503260035,0.30800722898584415
LRRC1,-0.45820516716662846,0.3081131616397079
VPS37B,0.9153392156425979,0.3081182447638824
FZD5,0.46050874535197306,0.3081182447638824
TTC4,-0.9155082819795791,0.3082221423631982
UBA6,-0.9864401241528018,0.30825009670695025
NAA15,-0.7445325750655694,0.3082674502682302
CAPRIN1,-1.860112474753901,0.30830011370010535
BDH1,-0.31893440168237763,0.3084449100268416
PITPNM1,-1.3291725571369475,0.3084463739472447
POU2F2,-0.8716183872852592,0.30848416212472773
RGD621098,-1.37990814289452,0.3085404109651286
TPCN2,-0.956211429337281,0.3087066852408086
RGD1560436,-0.5514730155301991,0.30874809025974054
PREX1,-2.304781979254579,0.30874809025974054
EIF3C,-0.921351737458588,0.30886201950211567
PPP6R2,-1.2305715953551626,0.30893995516383954
RRAGA,0.6702525437260389,0.3090363897303755
LPIN2,-1.198428691706104,0.3090454871249458
MON1B,-1.25410931012933,0.30909367350422806
SH3BP5L,-0.8030154299097632,0.30909367350422806
DEDD,-0.9860572067520303,0.30909367350422806
CCDC124,0.5156975925754939,0.30922167132600725
SOWAHC,-1.6728174312077577,0.30923906633937487
FAR1,-1.6153138724872624,0.30923906633937487
NDUFB6,-1.113413171611592,0.30926291034899656
ZFP394,-1.1040527256142587,0.3093089885415351
URI1,-0.6342884627435299,0.30933819133312257
IQGAP1,-1.9054772636874562,0.3094018132204044
PHF8,-1.074244373130858,0.3095719416055928
LIG3,-0.9934488281575664,0.3095719416055928
IFT22,0.5654327844960148,0.3095719416055928
IDNK,-1.1113268963996372,0.30960332310677513
GRIN2D,-0.2434103146088382,0.3096984237877989
RGD1564093,0.5354904454164862,0.309726236461828
ANKRD33B,1.211308117558065,0.309821814810838
DNAJC28,-1.2995562255316941,0.3098244011424079
RASL11B,0.25981936883534773,0.3098244011424079
EPS8L1,0.17854255905834207,0.30988107622408306
TNFRSF1A,-0.45675964010304426,0.3103156639111427
MYEF2,-1.1728968314040649,0.31043130359011095
SPDEF,0.4164827666358845,0.31044278221502497
ARHGAP4,-1.3644356186785624,0.3105158619124449
PITPNB,-1.0718413064514252,0.3106734062777998
LIAS,-0.5217069837427926,0.3106906436211565
PIGL,-1.0958248302919067,0.31083106153170964
CDC42SE2,-0.9401419354376603,0.3109628054458535
FOXJ3,-0.363979234093625,0.3110282583141792
HDAC1L,-0.8327618693356964,0.3110902779655301
RT1-A2,-0.5541457823386544,0.31131424859261325
EXOC3,-0.5953655502438928,0.31131424859261325
AATF,-0.5644418926105872,0.31140018853489265
SARS,0.615442395863151,0.31148737799689996
KDM4D,0.25618629232956164,0.31156140534873406
RGD1305110,-1.5534654461229243,0.311569520379498
ARHGEF12,0.4925059998490236,0.3116967005692585
MRPL13,-0.7772787741598624,0.3116967005692585
GPX3,-1.4009662084231964,0.31172552802493053
HIGD2A,0.7223125377026944,0.31199379724354515
ESF1,0.3721206765727296,0.31199379724354515
LOC100360552,0.3050009900835186,0.31207936884345955
RPL27,-1.105371124818948,0.31218773760956076
PDE1B,0.7523281840793765,0.31218773760956076
CHMP1B,0.6501503403662081,0.31228183092363204
ADCY5,0.14381787040732746,0.31232877365296446
MTMR12,-2.1390212273718716,0.3123398619448297
KIF13B,-0.434112012961972,0.3123987508635575
MON2,-1.3046716153344102,0.31247283357085437
STT3B,-1.5876842075337119,0.31266817949494746
RPL32,-0.9014664387395337,0.3126787490507594
UBFD1,-0.7219360405889796,0.31278670312723394
WDR24,-0.9417735184392535,0.3128127840047063
UBIAD1,0.5306619472610365,0.31288520977808415
RTN4,-2.055352107819436,0.31288520977808415
KCNE2,0.3089913330870975,0.31288520977808415
ACTG2,0.16753263356736914,0.3129427534506577
PLEKHH3,-0.7325794462614039,0.3130014850565613
GTF2IRD1,-0.8731934481012869,0.3130014850565613
SH2D3C,-1.2377096085740658,0.313050200168323
RADIL,0.44560331069935893,0.31311517606977624
STAT6,-1.6141071551204589,0.3132751062023686
ATP6V1A,-1.3315567826463282,0.31341110686208656
MPDU1,-0.3352258483980384,0.31341110686208656
NECAP1,0.5328002538061716,0.31341110686208656
APOA1BP,-0.748691228606956,0.3134252661588412
LOC288913,-0.8052183304697262,0.31353946643643854
ANKRD44,-1.3172473828202913,0.3136011681762593
THADA,-1.3612720795783648,0.31360920754953936
SEL1L,-1.1632538896662794,0.3137498552090155
MAN1B1,-1.2489661584833374,0.31376150154091365
WDR26,1.0805466609130794,0.3142628473979422
PFKFB3,-2.214602510015577,0.3143274102833717
USP15,-1.288239654915452,0.3143274102833717
SASS6,-1.4384167996800892,0.3143274102833717
MED26,-0.39989442416397336,0.31443201543233207
LOC652956,-0.7200059763890878,0.31443201543233207
RPP25,0.48514130268969113,0.31443201543233207
JPH3,0.1728903482847598,0.31444020570711084
MED8,-0.5318627336826949,0.3144541066423123
NOSIP,0.3123574060158125,0.3145020847902374
PPIE,-0.5867879383299437,0.31456441390892126
TINAGL1,-1.4079599538495284,0.3145849913899627
ZMYM1,-0.8502244930228136,0.31463920500156795
SLC16A10,-1.0531340958883595,0.3146825594982313
NFRKB,-0.6122794003931695,0.3149724681005023
PPM1L,-0.8108038639257448,0.3149724681005023
NOTCH1,0.3941404712242589,0.3149724681005023
FIGF,0.19794714594890667,0.3149797732903111
CCNJL,1.2220848225338268,0.31504597879130575
NOC3L,-1.0663898293503653,0.31506194101627955
GABARAP,0.5582225751102268,0.3150672041602761
EIF2AK1,-0.46521433135869517,0.3150884544658266
HS3ST1,2.7958107395793057,0.315104264106159
ADGRF3,0.20529240925380715,0.3151687825887814
DOT1L,1.2916453248648918,0.3151907267947758
SNRNP48,0.5790987535847485,0.31520608884268625
CAMK2A,0.2512682651720652,0.3152235316731442
HDHD3,-0.7827027187521631,0.31528036457412073
SLMO2,0.45422825813791956,0.31530032563038574
ARFIP1,-1.266105642253308,0.31543467914916146
SSTR3,0.2934771239505654,0.31571956781263477
IL6R,-1.1581620226262668,0.3158853108867402
ITGB3,-1.2642744811826052,0.31599786860524826
SUGT1,0.34099039015130295,0.3164150523544415
LOC691921,-2.357502704282058,0.3165103421198291
ADCY7,-1.9073157825714846,0.3166298459679398
ARF5,0.42401156652445415,0.3173698838397803
FN1,-0.8320841533760681,0.3174220598493714
UBASH3B,-1.6604752236488016,0.3174868210379788
OLFM4,0.31285506821212944,0.3175081495419347
CACNG4,0.36718095768885184,0.31757345201418163
PRKCB,1.7824704933084226,0.31774209374672685
USP43,0.23860894025322993,0.3179803985512857
CFAP126,0.18500891739520486,0.3179843406879905
TMEM57,0.6279896083722112,0.3180252774654915
FBXO18,-1.633619624348877,0.31803233593024877
ABL1,-0.9607958218415804,0.31804483176549886
AMBRA1,-1.0977898844973897,0.3181719935900492
ACSL4,1.9475319506286786,0.31819954966320435
GPATCH2L,-0.769040259909022,0.31824134821069944
TXNRD3,0.7165933046103321,0.3182446606525582
ITGB2,-1.087304930704124,0.31826596601057866
PLOD1,-0.9276242503917667,0.3185166868495005
TBK1,-1.3778363522924506,0.3185607277133001
ARFGEF1,0.3706003636939381,0.3185607277133001
RGD1565641,0.784487550603747,0.3185607277133001
TRPS1,-1.4419704668966753,0.3185607277133001
FEM1C,-1.019778346387271,0.3185620286847263
SEPT3,0.18421426858104484,0.31869985126960804
ITPRIPL1,-1.580242538794468,0.3187336765078037
AP4B1,-0.8489694507707881,0.318892298081999
HAND1,0.9535638877928521,0.3189038888224381
RRP7A,-0.5188591599227848,0.3189038888224381
NELFB,-0.9828555383066715,0.31893993706869295
FRMD8,1.0046032904757167,0.3190489990637635
ZFP574,-1.1229968811444602,0.3191691183609932
UNC13B,0.4375421417971596,0.3191792725808784
SAMD10,-1.420833736171061,0.3193522474379373
RSRC1,-0.5428775803909582,0.3193631879708805
VDAC3,-0.34067979118573266,0.31942212578891416
CDS1,1.2137972233791996,0.31945796752790157
TFPT,0.5686516899153822,0.3196092993831131
BBS7,-1.1003985276053094,0.3197694881469284
HNRNPUL1,-1.1753746453223854,0.31982075605260285
CABP4,0.5028052642399652,0.31987632807004995
TIMM8A1,-0.6088026531383615,0.3200581743280445
FAM98A,-1.0684368522464434,0.32007733677813843
LZIC,-0.6584753570136954,0.3200877436776323
FAN1,-0.7573502243342588,0.3200877436776323
TMEM205,-0.8447319255907095,0.3200877436776323
RGD1562229,0.1662488231434654,0.3201221751986608
IL4R,1.7914933717364843,0.3202367347033484
BABAM1,-0.7091024809297757,0.32040813777637916
MTMR10,-1.1678864443736463,0.3205133761100995
PPP1R3E,0.2903358465620639,0.32059031816061484
DLL3,0.1782453357335079,0.32059665536368276
SPEF2,0.14745368895171904,0.32059665536368276
SGK1,-0.389797081047794,0.32059765546600905
AATK,-0.3625427901542858,0.32078389774374266
LILRB3,-0.6251093759840433,0.3208809473380134
UBE2D4,0.40532244760543656,0.32089383747939515
THNSL1,-1.1364024631215524,0.32090627527568266
TAX1BP1,-0.7560395828426101,0.3209645847794922
KCNJ2,2.0200993455298555,0.3209855357446224
RGD1563482,-0.4777716499826056,0.32104705640117415
FAM129A,-1.1866611696722416,0.32104705640117415
RHOC,0.4748457048238457,0.3210889610703291
CCDC53,0.6533004573482515,0.3212532565399178
PCDHGA9,0.11966480439643712,0.3213576269970574
GTF2A2,-1.2857954395033384,0.3213866414950691
ADGRL2,0.49239368811632145,0.32144138197093985
ACBD3,0.773680035294043,0.32144157433866044
ATP10A,0.1667604280748685,0.32144157433866044
VPS33A,-1.119700735528136,0.32150753950580346
SS18,-1.1384952165496474,0.3215781196226812
MGRN1,-1.2443957366940235,0.32159574598408186
RNASE6,0.16573832284669412,0.32177317566783376
USP19,-1.537455252514972,0.32194168505799753
TFPI2,2.116209707002423,0.3219724247821566
ST5,-0.5302180389039428,0.3219904108691151
SLC44A3,0.19382598140380444,0.3219904424265725
ZFP629,-1.0379125497728947,0.32213812642290884
GOLGA5,-1.252106762764296,0.32215913754381553
GGA1,-0.7149495304826776,0.32222431902447246
PRKCD,-0.8989477064305129,0.3223407410430796
ARHGEF7,-1.276211705731613,0.3225071000382029
DCK,1.5970255844792898,0.3225948844380655
TRAF3,-0.5975490088934046,0.3225948844380655
PPAP2C,0.5448476898861401,0.322645729761501
KBTBD7,-0.46570373450313773,0.32278593584300014
RNF138,-0.4289800278637834,0.3228233695580994
PBDC1,-0.7039921164583856,0.3229228384797793
MYADM,1.21000248441496,0.3229228384797793
THOC2,-0.6508124895195779,0.32292996602661483
AKAP3,-0.3747235231568981,0.32295465079571384
ITGB5,-1.9604919531746192,0.32295465079571384
GFER,-0.3422323473916782,0.3229803908092937
RBKS,-0.9160590399699826,0.3229803908092937
NDUFB10,-1.0290377587222679,0.32316064387231636
OLR741,0.16523278814663955,0.32316064387231636
TCEAL1,-0.9672085647989557,0.32327078785633184
RCN3,-1.0180350261859425,0.32331219232600744
LOC100359977,-0.43639151355263284,0.32331219232600744
PSMD1,-1.2234136198962604,0.32331219232600744
DUSP10,-0.7090956856195307,0.3233344259617693
GAS8,-0.6460639135500295,0.32336567940621946
AMELX,0.16980188621249853,0.3233723160645015
DRAM1,0.8785921059741986,0.3235117782596017
USP30,-0.9985427451593021,0.32357748159007743
SOD1,-1.0916733871175293,0.3236580032143082
FLNA,-1.7158875940030835,0.32371317801143007
SALL1,-0.6313551189323386,0.32384229825933125
FUT8,-1.2821041599920293,0.32384229825933125
TAOK2,-1.1344191411262206,0.32384229825933125
ETS1,1.4871791613004066,0.3240471716097705
KLHL28,-1.326293928166738,0.32418009743959764
ABCC1,-1.5615916344625138,0.3241819554745654
NAPEPLD,-0.36296288236015367,0.3241819554745654
STK39,0.1918427331121388,0.32426560685280675
ARID4A,0.3307728740746574,0.324281771783072
PSMG4,-0.8494312953947123,0.32429969054744334
SHC4,-1.0186668892599022,0.32463778857186865
SOS2,0.7416666526862641,0.32463778857186865
SMARCA5,-0.9984344508776513,0.32463778857186865
STX6,1.3010397239335303,0.3247283974716468
MIF,1.0524958667424276,0.3248039469470799
HIVEP2,0.6740961031103121,0.3248258740032047
TMTC3,-0.8010034106457238,0.3251669247979707
FOSB,0.18687671273464965,0.32518176896950074
NOL10,-0.7165609783761115,0.32527516783545424
HIGD1A,0.6249320678900592,0.32573428594256004
HSPB6,-0.9990854191628125,0.3257885746310007
MRPL11,-0.7746871724253745,0.3257885746310007
PHRF1,-0.9440934349133641,0.32590680626215435
RHBDF1,-0.6014482842543418,0.32590680626215435
MARCH9,0.6564421000972033,0.3261543171038697
LOC498675,0.9473836409071356,0.3261543171038697
MOSPD4,0.1677432801089365,0.3261543171038697
RT1-CE15,-0.5126456778340631,0.3263199200219706
TRMT6,-0.8941393294867335,0.3263477001264414
THAP4,-0.34628484600342846,0.3263477001264414
SLCO4A1,0.8335838302463765,0.3264072817712254
LARGE,-0.2650599703876246,0.3264182424750554
ETFB,-0.578067895530376,0.3264281864998143
RGD1559904,-1.3014470634168092,0.32653008189205773
RNF111,-0.4788630433930883,0.3266240689688965
HIST1H2AN,-1.4369554417805959,0.3267487446821536
NR2C2,-1.2006481820624106,0.3267487446821536
PLA2G6,-0.7396778770725314,0.3267487446821536
PKNOX1,-1.3279294070011944,0.32683346386322165
CASP4,-0.9958156847307977,0.32687078784322415
SLC25A26,-0.7515661691886171,0.32710473519546535
PRRG4,-1.0274334174900117,0.32736543083122066
ARID3B,0.889307324204794,0.3273815286556244
MSN,-2.069207766932511,0.32741907562587386
HSP90B1,1.0037213297613494,0.32748139828166023
TIAL1,-0.734082663487714,0.3275376414730659
RBM6,-1.2906835270232808,0.3275505332742667
ZMYND11,-0.9825535470895581,0.32756065473297064
ITGAM,-1.5648322197559876,0.3275797058172692
R3HDM2,-0.8893875856615581,0.3275850297490777
B4GALT4,-0.8631050684710904,0.3276647339772536
MAN2A1,-0.8647019182958235,0.3277159948560274
OLR1589,0.16323593175179968,0.3277159948560274
CCDC62,-0.4453246255718677,0.3277885682600351
TCOF1,-1.1713217100999287,0.3277885682600351
NAP1L2,-0.22706098101415795,0.32782021562389263
PLCB4,-0.5125273116811909,0.3279209524461796
PROZ,0.11784209699192637,0.3279209524461796
PTRHD1,0.712974882442547,0.3279420204292503
MYL12B,-1.207715257065333,0.3281386691979753
BLVRB,0.6528092197879722,0.32848852643011917
EPN2,-0.7704516840285539,0.328571611693375
METTL14,0.5575784148376703,0.328571611693375
RGD1565222,-1.021969102995633,0.328571611693375
SP2,-0.8055493612185447,0.3286154957504559
PHF3,-0.6558455660057829,0.3286154957504559
NDUFC2,-0.6936480259787743,0.3286514500897595
TGM4,-0.6799160456114914,0.3286684909219777
NCR1,0.13781432547357916,0.3286684909219777
PTPRO,0.4447096047160759,0.3287370281138472
TMEM106A,-1.0117208951921395,0.3287606691612218
RNF19A,-1.2204756347012942,0.32880148736113196
CLIC3,0.19101806319759165,0.32886733310885324
ATG101,0.45557687649305123,0.32890090960218443
OAS3,-0.4172671919964796,0.3289020131666416
MAP4K5,-1.0368321389566542,0.3289407280133253
AP2B1,-1.0962709120789498,0.32896673528099646
RGD1306227,-1.4102638655243418,0.32898813817890554
SLC12A4,-1.3450752303425426,0.3290146434189327
NLRX1,-0.8500217345426455,0.3290146434189327
TUBE1,-1.2892024990317144,0.32915642786498284
DFNB31,-0.5838311857533105,0.32934312716148195
MED7,0.41805333932769084,0.32937147446640347
ANKRD13C,-0.7817060961424214,0.32953081208454255
DTNB,-0.3673673883313938,0.32957733034735925
FAM76A,-0.7885759973863076,0.32960668739713284
ACTR1A,-1.0138012350541263,0.3298327024407551
BSG,0.48655102298805275,0.33002069253830535
OST4,1.1137682624078389,0.33003363899344984
ZFYVE27,0.9509835012431012,0.3302162830316144
RGD1563072,-0.5188857123179529,0.33021638445773416
FCNB,-0.22946463064747397,0.33030512817017765
STRN4,-1.0334022052371536,0.33030512817017765
GNB2,0.4167813619264562,0.3305918992031032
TRMT44,-0.8297847241762137,0.3306593312569048
UBXN8,0.6234255663898258,0.3308230237819805
STT3A,-0.8568795881843219,0.3309210754291451
LRRC61,-0.454722001322648,0.330960406775497
DPP9,-0.9068579884056098,0.33101058269752426
FAM174A,-0.5074871496536497,0.3310724138525589
ACSL6,0.2122603051339658,0.33112221006388515
TEX12,0.45925598030965353,0.3312295578211124
COQ5,-0.4715259250318442,0.3312397870032094
ZFP746,-0.47001911430243437,0.3312633031423517
NME6,-0.529819432774969,0.33143707753938395
DDRGK1,-0.4855090052921751,0.3314394260808191
ZFP53,-1.1858975590012724,0.3314471380351027
E4F1,-0.7688597868912161,0.33154302925519863
B4GALT1,-0.9099830578916057,0.33154302925519863
ARHGAP18,-0.9472633398265873,0.33154302925519863
AKAP10,-1.0743307953767545,0.33154302925519863
SRSF10,-0.7067262032767632,0.33162787647644687
ZCCHC17,-0.3652466677299042,0.33172824678644963
PHF21B,0.2637252710127162,0.331736390228311
B4GALT6,-0.6758999961445307,0.3317792401387279
FRS3,-0.25088494631463343,0.33178713992509096
LY6C,-1.2272526031191844,0.33181948471794603
UNC45B,0.17868405029917753,0.33184449106618846
TSC1,-1.4994141428138965,0.33188772457848614
IARS,-1.4641718542456745,0.3319087681496496
P2RY1,-1.1343616951285078,0.3319087681496496
IP6K1,-1.9007601076738652,0.33190961591625934
ADAT2,-0.7634185982034629,0.3319619675288246
TCP11L2,0.9793377247561015,0.33199906028255044
USP31,-0.5711355698340402,0.33231684568203357
CD84,-1.956499852424891,0.33236880227075116
DLGAP1,0.1309638282107998,0.33242301221107334
MAPRE3,-0.4758223517247153,0.3325570914574949
TSACC,0.42622869211656256,0.332839340745378
IL13RA1,-1.3491651196546353,0.332839340745378
TIFAB,-0.855382198779564,0.332839340745378
TRIM59,-1.7030905969986168,0.332839340745378
WIF1,0.7411583138864606,0.3328612933602305
NETO2,-0.36273132313421735,0.33293688517230274
ATP5D,0.37423455797678695,0.33300977087706113
USB1,0.42536333142732285,0.33305091989304686
MKNK1,-0.6803924428671086,0.3332480284916102
TRAPPC1,-1.3555069969509428,0.3332955807342024
RT1-N2,-1.442358961642123,0.33333112240755025
NSUN4,-0.4031603878653276,0.33333112240755025
SECTM1A,-0.4335792038000457,0.33341615631959215
FGF2,-0.5299077325484615,0.33341615631959215
MANEA,-1.9217064799248198,0.333462321623075
TM2D1,-0.505943807265564,0.3337582013261735
PIK3C3,-0.8952794354124822,0.33390380386640645
ZSWIM7,-1.1974902877240368,0.33396748553183564
GIPC3,0.5523521455592536,0.3339762385580064
KCNAB2,-0.9052560901658979,0.3339931667255474
ZAR1,0.16034712572453563,0.3340709823760759
SECISBP2L,0.9569703111656391,0.3340709823760759
VAMP3,-0.3746067908041004,0.3344235021774311
SLC4A7,-1.3918105346447645,0.3345212377354932
PLCL1,0.12344538200695787,0.33453588083829155
ZFP3,-0.7796715440761918,0.33456751937880247
FAM8A1,-0.9183853060125036,0.33482433235123404
RBM22,-0.5905403881111777,0.33482433235123404
LOC689986,-0.6259766040629806,0.33482433235123404
DLST,-1.0658715193059543,0.33482433235123404
TOR1AIP1,-0.7101538569383905,0.3349329574091661
NUP62,-0.8155035141836446,0.33493735956887444
VOM2R61,0.16005147072557607,0.3349530303468414
GNA13,-1.7567208299799493,0.335057935967002
TEAD3,0.17869634169555834,0.33524178278131966
DPP8,-1.085919480754101,0.33525282818438173
RAB40B,-0.5196060497014893,0.33525282818438173
HS3ST2,0.17691377352238213,0.3355493587802179
NBL1,-0.42347717691869,0.3356007975274057
MVB12A,0.46235457758228726,0.3356148203682675
CASC4,0.1355712485948607,0.3356721468222006
DDX42,-1.047006064109623,0.33574920893654847
FAM26F,-0.6402234802640804,0.33574920893654847
RYBP,0.7047749179990546,0.3357806769747998
S100A11,1.4709547792017599,0.33598470221659343
TM4SF19,-1.4476728953514262,0.33600478149689417
PTP4A3,0.9674775260053088,0.33600478149689417
GAL,-1.5257976275484009,0.3360138126804757
CHRM4,0.38558347954134803,0.33601919837863425
JOSD1,1.3561950450533464,0.3363432260326774
PCDHGA11,0.1592158209558553,0.3364069149075819
EBPL,-0.8871548982951314,0.3364069149075819
CNPPD1,0.7229749033129798,0.3364335908009109
OTUD7B,0.697023373632383,0.33645249330683213
ZFP423,0.17633170966170783,0.3365138221521879
CD72,2.9392022025373357,0.3366053107794171
HPDL,-0.7579773237444393,0.3366114594817036
SERPINB7,0.2502426583932379,0.3366114594817036
VPREB2,0.2593033489771836,0.3367972877139988
HTRA2,0.2155308442537791,0.33687437025947725
OLR1637,-0.4203010500978095,0.3369542238053033
DCP1A,-1.487660162278779,0.33709994926608766
CETN4,-1.1204551767408129,0.3371334197880798
UBALD1,-0.4995289439290238,0.33714311789533935
BSCL2,-0.7010127655456992,0.337250108349863
CDK2AP1,-2.4654419284522673,0.33730086206759313
SEMA3B,-0.465537340829404,0.3375352122168553
EDEM1,-1.4975660977213927,0.3375352122168553
WIPF1,-0.42772766747904534,0.3375352122168553
UGCG,-0.39064030479070455,0.33761155057612907
LLGL1,-1.3605410241841809,0.33769471261527134
METTL2B,-1.1256865140140815,0.33776727614295926
RNF25,0.3114416583244015,0.33785265723612967
TRIM28,-1.9988490854162695,0.33787710078497896
YAE1D1,-0.9625869113426506,0.3379431549307226
GRASP,1.0652882492239653,0.33812234060250673
ARHGAP35,0.24060687468150466,0.3385505601904885
ABCA17,-0.176903629781056,0.3385505601904885
PHPT1,-1.0237962033200247,0.3385506414113369
PPP1R14B,-1.3308473280743094,0.3386267425554086
TEX264,0.4556493410256346,0.33864337662664007
ABHD17B,0.7711544097091387,0.338801770660628
CARS,-0.8342637812796792,0.3389551457803769
NAP1L5,0.40449778955361665,0.3389551457803769
MAP3K11,-0.9072057380013163,0.33897456016688654
GCG,0.17097233838722767,0.33907479035129773
LGALS4,0.17097233838722767,0.33907479035129773
VIPAS39,-0.6076708330913054,0.3392692850169847
TLR6,-0.9161781058503458,0.3393755106603588
PRSS27,0.17503526325775295,0.3394444055108877
CTDSPL2,-1.1805055059993266,0.33945051208503224
CRTAC1,0.1624936482112767,0.33945051208503224
SHPRH,-0.8563661496488563,0.33951578703255203
SNAPC2,-0.500423169747851,0.33961711013295487
GRSF1,-1.038102373578436,0.3396683926486
TCP11,0.9178073070683476,0.3396683926486
MRPS16,-1.179790531704219,0.33969504680499035
ARMC5,-0.9187539848397952,0.339705366535362
ZFP74,-0.7256222655863498,0.3397573758671817
CSRP2BP,-1.1559228252970812,0.3397913666323747
USP25,-1.8391622327489645,0.33994200179007494
ZFP879,-0.4400351195083446,0.34001381795022334
KDELR3,-0.4093982048696905,0.34008614309517454
DNAJC2,-0.5190759595705248,0.3402651977392379
GOSR1,-0.7942540390742496,0.3404127329208196
JMJD1C,-0.7819418301684182,0.3406011908999119
MYO5A,-1.8849786439876546,0.34070001173469006
SPATC1L,0.16567099412107616,0.34070001173469006
EHBP1,-0.3333998033932879,0.34070001173469006
EIF4A2,-0.8378596765141602,0.34070001173469006
LOC100363294,-0.42815681619046014,0.34070001173469006
KRTCAP2,0.7538508307514027,0.34070001173469006
MBD6,-0.5791385192113834,0.34076574251816155
TREM1,1.477768121609941,0.340836130522086
DSEL,-0.20355084236346824,0.3408623608303236
IL2RB,0.15801122053315333,0.34092814755323836
CAD,-1.2455334430177218,0.3410083461107311
PLIN2,-0.783484886856689,0.3410219560599451
VDR,0.29122956206976913,0.34149221973586136
JAK1,-1.2991090897994626,0.3416129120929308
ANKZF1,-0.703375648316455,0.3417425231418932
EFR3A,-0.9775370755678039,0.34181321324457226
RNF144B,-1.250868313741175,0.34181321324457226
MED21,-0.31103456371891713,0.34188014181317944
CDKN1C,-0.12452382589058299,0.342097251643065
USP22,-1.8407239488952878,0.342097251643065
AKIRIN2,-0.6994245166771909,0.34214127363611696
OSBP,-0.8933758745889144,0.3422394905836627
NAP1L4,-0.5837212878133204,0.34226497908511144
RCAN3,-0.8257220515943178,0.3423332971085861
NPTXR,-0.5632850100307418,0.34236011806175254
SPRY2,0.7697069173641613,0.34240857500871674
NUDCD1,-0.961012162630765,0.3424093923950283
RPS8,-0.7900122040581188,0.34261008198799836
RGD1565611,0.1601650920417405,0.3426561909100212
NEPN,0.15998949169036952,0.342880573876443
TIMP1,-0.8654334133411821,0.3428966776857814
BCL7B,-0.2450236835209929,0.343026609968386
SMG6,-1.1171985459776712,0.343026609968386
ZC3H14,-1.0302027939861196,0.34305495438608313
CLEC2L,-2.1154946075899352,0.34305495438608313
ANKLE2,-1.795639930560938,0.34305495438608313
LOC690806,-0.9308053212809828,0.34308650914438216
CHID1,-0.41286759674708406,0.3431411575061764
TOMM22,-0.4700179088640306,0.3432588335252933
TKTL1,0.23294435661983934,0.34329379567103707
RNF44,-0.8261380598370625,0.3433819378990192
U2AF1,-0.8915404602537427,0.3435035915769896
TMX4,-0.9182900333288804,0.3435206340409672
ANGEL1,-0.7563192549410923,0.3435206340409672
PJA2,-0.9924321780543073,0.3435206340409672
LRBA,-0.6337851435419756,0.3435530929753462
BIRC6,0.38224957396591464,0.3435594453077477
PPP1R3C,-2.091760827703626,0.34381598790649026
EIF4G2,-1.0764457732319697,0.3438747200694821
ABL2,-0.7571494306069089,0.3438747200694821
HTRA1,0.5783028046903985,0.34392602653682125
ZFP295,-1.1849609596768684,0.34395427391735
VIMP,0.734807015094959,0.3440468115720522
OAZ3,0.159462562358654,0.344055102811693
KLF3,0.6274707511888646,0.344055102811693
MAPK6,1.2672259873261034,0.3441846944236287
BCAT1,0.7311923061459042,0.3442132497936425
PTRH2,-0.7326999456608334,0.34434727901819623
TMEM170A,1.018216167859559,0.34434727901819623
PACSIN3,-1.2238230252631461,0.3444523709360932
NAT10,-0.9880679609712135,0.34450774828927355
FOLR1,-0.8725481133915112,0.3446149977442823
MYO19,1.4978264141915234,0.3447094874893496
LOC100911664,0.8605270447434927,0.34489031921520935
RASD1,2.501986982310332,0.3450160273259838
CORO6,-0.7829032641736529,0.34507786856190986
PPP1R14C,-0.9813289771899555,0.34507786856190986
RBM47,-0.890666000100762,0.34507786856190986
ARHGAP30,-1.4920966633303983,0.34507786856190986
TAL2,0.17263856174194667,0.34533039555535505
DYNC1LI2,-1.0526399396968587,0.34540474651265984
ZFP672,-1.0366954249953881,0.34540770392671244
FGD6,-1.1357979950318917,0.3455568136815988
SLC38A2,-1.0035037343061983,0.34560898967334397
TMED7,-1.1326731085473352,0.3456308407609643
POLR2L,-1.2041605759458753,0.34570836340857203
SMAD1,-0.9332027787083224,0.34588834006104907
RGS19,-0.4032724754859087,0.34590012416926047
ELF1,-0.6992851699125753,0.34594148616519377
ARPP19,1.5462480869842912,0.3460644497156133
TAP1,-0.7034454631175162,0.3460724565877101
BRPF1,-1.0365394292656074,0.3461900331626391
PROKR1,-0.5053337119306391,0.3461900331626391
SLC18A2,0.5449349493236034,0.3461900331626391
USP8,-1.1838380836467,0.34620908027423214
LRRC29,-0.2794783673285446,0.34620908027423214
NR2F1,0.11348474545629389,0.34620908027423214
RNFT2,-0.3734225396277664,0.34620908027423214
MLEC,-0.6661949066107793,0.34620908027423214
UNC50,-0.2973290886331563,0.34629101508842336
CD74,-1.736679162638775,0.34634299654620115
CAR13,1.304471250147041,0.34634299654620115
PLEKHA4,0.3506667146890956,0.34644005081847196
DCPS,-0.4751146596692588,0.3465391372307977
FBXL5,-0.6871638678777985,0.34657236868468466
DHX8,-1.3624345900327177,0.34658068645155243
RHBDD3,-0.6605373624005093,0.34658068645155243
TATDN2,1.140873591536406,0.3466093897965698
TSR3,-0.6958252581541267,0.3466093897965698
NLRC4,1.602969724873681,0.3466093897965698
TMEM173,0.7988295208241425,0.34675905771722565
LMBRD2,-0.8885759736537171,0.34704981360564285
RAD21,-0.9163814447659782,0.3470575470592024
TIMM13,-0.9299042399568105,0.34706468624209413
LENG1,0.30783142391808926,0.34710792458218437
DYRK2,-0.5868358522890835,0.3471084419119752
HAUS3,-1.352347431584561,0.347155627135325
OLR153,0.15752625298058412,0.347219596481303
RDH14,0.7157454811069126,0.34739925201109917
SMARCD1,-0.6216659064513919,0.3474836998928565
TP53INP2,-0.8662290424899299,0.3474836998928565
CDC42BPB,0.7254877970580047,0.34755069871869815
MTFR1,-0.4140120614702969,0.3476614570732681
ABHD3,0.5621453920767765,0.3477363831010447
CALU,-1.1355885781402133,0.3477363831010447
ARNTL2,0.21026904842195981,0.34776583944913836
OVOL1,0.18635978689896246,0.34780113886855657
OXSM,-0.4868439760545942,0.3478605817623861
MSANTD3,-0.6545336148894125,0.347968674590981
DGCR14,-0.7431554815457835,0.3480946881516967
FUK,-1.0577750115178954,0.3481017639285412
RGS2,-0.2892948731306406,0.3481420386334569
PRR22,-0.6003960203138025,0.34829765266175666
KATNB1,-1.2128429125625664,0.3484234794196671
CISD2,-0.3646208631722905,0.3484234794196671
DERL1,-0.4861258043458978,0.34885809851355404
DAP,-0.9555861155347047,0.3488591264587692
AMPD2,-0.99879819313893,0.34886328289767643
SPATS2L,-1.106284581565649,0.34892178521835066
UPF3B,-0.5969698024157442,0.34892178521835066
OSTC,-0.429597757695257,0.34903912511406354
AACS,-0.9176307399840571,0.3491771878788606
UNC13A,-0.6298474784794957,0.3493682287352439
SAFB,-0.5969942177113676,0.34938163515573223
ENPP4,-0.9331978543933892,0.34939893428369634
RABAC1,0.6955307455724418,0.3494437192247193
F7,0.13064177484311548,0.34944841276207655
PPP2CB,1.4901072755035587,0.3494885109695439
SHC1,-0.824440724282435,0.34956657741257086
P3H2,0.17112226199772973,0.34974112929931295
PHLPP1,0.42047522885438593,0.3498281078418597
MAP10,0.30447129768815034,0.34987555536567194
SCIN,1.2966746259868733,0.34998973462685057
CHAMP1,-0.971985483378563,0.35001380190910014
ALG9,-1.0072925705173073,0.3500366259017809
ARID4B,0.29882395635142234,0.3500366259017809
SFI1,-0.8946384699767136,0.3500831725421749
HSP90AA1,0.4577623610359618,0.35011638624747204
HIST1H1D,-2.7986922295312677,0.35014965693257744
TGFA,-0.4297895941345684,0.3501831345798649
BZW1,-0.6602026065660906,0.3502376664197152
STYX,-1.3348819017176,0.35024362480142457
CTR9,-1.4251331376690288,0.35024362480142457
LRRC8D,-0.8521238511572027,0.35024362480142457
PHLDA2,0.8279571341290183,0.3503075495572393
NVL,-0.8278790563509706,0.35049177362768225
RT1-T24-4,-1.2447411521005223,0.35049177362768225
HDGFRP3,-0.4572686544745088,0.35057593346297117
MN1,-0.4185220635340934,0.3508057165927616
RPGRIP1L,-0.4753484061643865,0.35099855214680165
TECR,-0.3358769165573783,0.35099946900717094
TMEM167B,0.5617167627055397,0.3514293040063448
TSG101,-0.238327635359866,0.35148400313757044
LOC290876,0.12962513417719992,0.3515559542268345
FCRL2,-1.963868193164795,0.3515597996354071
RPS7,-0.5644360691598012,0.3516134776272542
FOXE1,0.15541895498724542,0.3516856640440951
CNNM3,-0.7477277649581737,0.3518981988310114
SNRPC,-0.9353509216831863,0.35191814349739137
NIN,-1.329442073126807,0.351959906833086
ARRDC1,-0.24314411817750692,0.35223413650808433
AMN,0.1849581542015131,0.3523506903817612
MORC2,-0.8869870184828146,0.3524257007317102
TECPR1,-1.8209985358140006,0.3524447612602663
POLR2C,-0.3893425218429476,0.3524479597165875
DDX54,-1.273224153119664,0.3524573217845778
CAPN15,-0.761439864487497,0.35272661929023996
RGD1565355,1.716435791534915,0.3527420295625353
AFTPH,-0.519711984225276,0.35276233794524775
NFXL1,-1.3508877543528703,0.3528963033286923
RIC3,0.1556171306748248,0.35296167806185746
MED15,-0.6970651769641498,0.3533722033879127
DYRK1B,-0.4708362213295308,0.3533722033879127
SPCS1,-0.6862739000078024,0.3533727018983658
HNRNPAB,-1.1273191798898239,0.35347496043920235
FAM185A,-1.0780713897479566,0.3535919906381463
GPR153,-0.5490969720270444,0.35364069768909917
WDR12,-0.5053254676339183,0.3538469641806703
DCTN6,-0.4290379437669056,0.35389668166932353
PIP5K1B,0.8573341824033869,0.3539476765003744
JAG1,1.2422556481295208,0.353961117295169
TTC12,0.5830263651472731,0.3539742866227379
PDHX,0.6177136437157915,0.3539742866227379
ZDHHC17,-1.1588094886038338,0.35415220635610645
ICAM5,-0.509860871424395,0.3541661340329841
PIGBOS1,0.8437960558175885,0.3541880210940328
PRPF38B,-0.5431354183974988,0.3541880210940328
SRM,-1.1346709809481696,0.35422037593252625
UHMK1,-1.6155440697262895,0.35422037593252625
HERC2,0.2521676732029767,0.3542766688290519
SP140,-0.6933387448608919,0.35449829941161404
CREBZF,-1.10091460187214,0.35454569275410713
RGD1306739,0.42742498142410407,0.355066055542458
KLHL26,-0.5414132310581867,0.355066055542458
VPS13A,-0.3249612945622399,0.35511807106418003
PAGR1,0.4737187159290288,0.355371847955219
ZMYND10,0.3300619308909516,0.355371847955219
APOBEC2,0.16883070308931009,0.355379425771285
NDUFA12,-1.276215475281969,0.35539513765004394
H2AFY,-1.524436650870045,0.3554876372866857
GUCA2A,0.41110684225764815,0.3556156526243697
RGD1308065,-0.818185873359226,0.3556156526243697
APBB3,-1.146626655655315,0.35564261555398685
NENF,-1.0842273576531962,0.35576821987174106
LLPH,-0.48876398131893906,0.35578636166349215
GPER1,1.5386334833225623,0.35584158743814864
NDUFA5,0.8022008833404488,0.3559129797889894
ALS2,-1.0866793324882114,0.35597510213457034
SCNM1,0.44848637722507245,0.3561295920865959
MOGAT1,0.8737865772264825,0.35633830050820975
CLIC4,-1.0682719794783129,0.35640228830267917
HIST1H2AA,0.3855342830942453,0.3565449773005197
TMEM199,0.255359351866165,0.3566230033694023
FAM46A,0.737914899218076,0.35680034668247934
CLEC4A2,1.5860946352817382,0.3568529847600535
PHOSPHO1,-0.4464780485601936,0.3568529847600535
GLMP,0.6112085300239016,0.35689029601260414
HYKK,-0.3739191909944545,0.35692438198664117
C1GALT1C1,-0.5932312634930019,0.3569359651276224
RHBG,0.8363208648432434,0.3571528338605449
GATAD2A,-0.7879476122078959,0.35723533343587993
TRIM46,-0.6610564978840294,0.35732046767359144
CYR61,0.22398002642645398,0.3573226589664663
TRIM35,1.0804031084060082,0.3574615011753009
GLCCI1,-1.3465031170594863,0.3576935715141406
RNF217,-1.0381109973137403,0.35771707263160124
ALAS1,-0.4557948985775413,0.3577503769455959
ZFP958,-0.5997243910262179,0.35779979986762844
MANF,0.7616011960285789,0.35779979986762844
LYST,-1.1452221221514969,0.3578294647148646
HIP1,-0.6924401454181117,0.3578503924891553
GSG1,0.4540808838975434,0.3578578929112547
MGC93861,-0.1928946242452314,0.3580107615522154
RAB15,0.8320252246366939,0.3580107615522154
DDI2,-1.1098114037330873,0.3580125088328347
SNX16,-0.5095784791655444,0.3580616976569832
MAP3K3,-0.20920939841674446,0.3580616976569832
PSMB4,-0.40635441187452415,0.35807196237401184
RABEP2,-0.6424307228331845,0.35810216494476443
NOD1,-1.5465079137606759,0.35811426495460297
USMG5,-1.1955865333124818,0.3581892253490862
MAP2K4,-0.43198405749630897,0.3584156763814616
CASP7,-1.1148085885440742,0.35841578220344894
CLIP2,-1.41750227437065,0.35842699657249344
DDB2,-1.0905766483527064,0.3585841892932897
AZIN1,-1.1115884516504662,0.3587112772954121
PTGER1,-0.697144150914973,0.35871592680356135
RGD1311447,0.20997924393042475,0.3588132104950172
LPCAT4,-0.6623705681772503,0.35886192321855903
FGFR1OP2,0.4863278008028038,0.35888564661761396
AMD1,-0.522366268140301,0.35911168345373606
KLC4,-0.8847321744907124,0.3591764254590622
LOC681766,0.3492930649954292,0.3592264832369891
PPAPDC1B,0.5479617865676163,0.3592264832369891
PITRM1,-0.7167191938380402,0.3593702529141496
BID,1.0616220978429523,0.3593712344478537
LTB4R2,0.34320251130944507,0.35956503373948084
EFNA2,-1.0889998979234934,0.3596848006983082
ZKSCAN5,-0.98098211750426,0.3596938522639039
CRX,0.18090148199855083,0.3601963640380395
SAR1A,0.4469362398209977,0.36021427279376517
HEY2,0.16718448558526397,0.36021427279376517
RPS21,-0.9538328097694686,0.36037942709154563
SBF2,-1.6949252284048706,0.36061682407301654
CHGB,0.11012814309610865,0.36065325993380776
DLG3,0.13137780904225568,0.3606954880736653
PTEN,0.5081725832095434,0.3606954880736653
FCHSD2,-1.7386408499232497,0.3606954880736653
CYB561D1,0.8933691695257986,0.36080119153051426
SLC39A2,-1.238481144089407,0.3608439571840025
NDUFA4,-1.2772793222523386,0.360852930660017
GNAI3,-1.1104071574389565,0.3609598798930638
SFSWAP,-0.5562862168147666,0.36096420472589547
MFSD1,-0.9017428581735993,0.36102765541595894
PRSS22,0.11000302580149689,0.361042761582042
HDAC10,-0.6573325150895818,0.361042761582042
GNB2L1,-0.5362999362638448,0.3611692371146876
CELA2A,0.15196139895587993,0.3612154254614473
ENGASE,-1.2449381289810244,0.36123310569152145
MXD1,0.7230841382064108,0.3616218852655297
LAPTM4A,0.37718698188085575,0.36183560867792197
STFA2L1,2.7107629426147746,0.36188918975236706
LILRB3L,-1.3638141178007022,0.3619374112463463
TIMM17A,-0.33606611761970484,0.3619374112463463
SLC4A1AP,-0.5545659599049562,0.3620212177273495
TSC2,-1.209356708318099,0.36206386204801255
NMNAT3,-0.6871524224143686,0.3620806767844281
APOD,0.17574685640931995,0.36209873117907965
LRFN3,0.4598761830049927,0.3621533439484193
TPP2,-1.264914995632139,0.3621533439484193
NLK,-0.3847688937260054,0.3622291763570672
MRPL54,0.5309776861771685,0.3623692460046534
EIF3A,-0.44626016518769873,0.36265246482979807
ANKIB1,-0.8057082786189662,0.36265246482979807
GPR155,-0.44583807785886903,0.36265246482979807
PWP2,-1.3291981599628424,0.3628954614952304
RBX1,0.7215769760091915,0.36295339446957675
ITGB3BP,-1.0213509793518594,0.36295339446957675
RBM12,-0.8831552525794442,0.36295339446957675
NRIP3,0.9106599097347541,0.3632048821578465
FLRT1,0.17551104344545626,0.36327020718856895
NDUFAF5,-0.4446514480853243,0.36340813370659825
LYN,-1.0124002135274042,0.36340813370659825
GGCX,-0.9548413986419242,0.3634402020776481
RGD1566265,-0.6314280615317913,0.3634402020776481
RHOG,0.4478727793603401,0.3635183576864165
LOC308990,-0.5218988204493478,0.36354589949955574
MFN2,-1.409253975258784,0.36367782981190655
PCDHA13,0.16395914333761594,0.3637419723383962
ZFP36L1,0.6655096713539068,0.3637919763637561
SNX6,0.8279589724037306,0.3637959450796331
PDCD6,-0.2930599424520217,0.36385292272874625
ECE2,0.5110575509677173,0.36386056825466173
FZD1,0.24718243469821025,0.36393301696147823
ABI2,-1.0897579456494007,0.36393301696147823
LEF1,0.9612580244364106,0.3639624933205914
GCNT2,1.1211221982755997,0.3639624933205914
SLC25A10,1.108624588658488,0.36405956291083325
CRELD1,-0.5159573611239132,0.36414320816763146
RGD1311251,0.15013460379954116,0.36420834709347566
AKAP2,0.15028150855404335,0.36420834709347566
LRRC14,-0.512614313140684,0.36443342735879913
RCOR3,-0.714500505732483,0.3644729261912765
CPTP,-0.8477319207450411,0.3645272735275781
LOC681383,0.9594421547985239,0.36454363247584315
CCBL2,-0.24221163358909023,0.3645747470716748
S100A1,1.1013605286240749,0.36460615328997686
ANAPC15,-0.7405248540062543,0.3646990450698867
GDA,1.810832045342238,0.364769460037908
LSS,1.213612126748738,0.36491754794644254
ITPRIPL2,-1.1041277515463077,0.36497331720466764
MAPKBP1,-0.3770309736754659,0.36508876471651963
EXOC5,-2.0531392834381332,0.36508876471651963
VTI1A,-0.7584153114799386,0.36509630886656586
CDC14A,1.0732518531083142,0.3652216892558864
CHCHD10,-1.492216628607928,0.3652351411158713
TBRG4,-0.7385122138009614,0.3654106698321148
ZC3H8,0.3610844710687111,0.3654465712329381
DOPEY2,-0.7926872473971457,0.36548636664568257
GPR162,0.19018855570216486,0.3656450950120694
RPL19,0.2910236348825066,0.3656558867735842
ACIN1,-0.8886959582941598,0.3656919086254211
SLC39A6,-0.9502111221325609,0.36571226099948256
SCG2,1.4486440648267087,0.3657380616974589
SMCR8,-1.3040865771318746,0.3660357701732
MRPS36,-0.5759015377739845,0.36604052860201264
CYP26A1,0.22022469002780767,0.3660934531291147
CCR3,0.37285202458658157,0.3660934531291147
LIMS1,-0.5252719950551068,0.3661381008228082
ADAMTS7,0.13550547372286634,0.3661926801379649
ABCB4,-1.5257551745743894,0.3662471104348045
HSD17B8,-0.6828680068823338,0.36625720167246206
RAPGEF6,-1.0322845686119375,0.36627919726411157
SATB2,0.3669584822118216,0.3664844773471553
PCOLCE2,0.1946396013015929,0.36653893030633283
TGOLN2,-0.9576792433037249,0.3665417478406966
FAM168B,-1.4970780341229513,0.36669332800753235
SFT2D2,-0.9053239653537536,0.36672870285993103
ABCC3,-1.0724460084949285,0.36681743746465084
CAPN5,-2.023906052538732,0.3669652843378645
SMG7,-0.9449231401658711,0.3669983267643312
HSPA2,-0.5846375834200653,0.3670319059529664
ITGA1,-0.6232985944616505,0.36703242998012847
CCDC167,-1.2291058339065253,0.3671244718776671
KATNA1,-0.4760282327042904,0.3671729992780223
SPATA5,-1.0604886358372685,0.36729372346206085
ZBTB1,-1.4923717433070183,0.36735878410585127
FADS3,-0.8431678998362777,0.36735878410585127
CAMSAP2,-0.5175655349242443,0.3674834865602289
PRODH2,-0.6569046454913545,0.3676080734475381
LOC689574,0.6655354961650319,0.3676334561892564
ZRSR1,0.4679395076131787,0.36766526493957974
RBPJ,1.6436566829111987,0.36774503914469125
MTMR3,-1.0855370243801978,0.3678471584072067
PTPN13,-0.17774694328333007,0.3679456856739233
PDCD6IP,-1.208502649876027,0.36799615039361727
TMEM69,-0.6049028208962093,0.36799891249266237
GLT8D1,-0.5905087501322885,0.3680200012633975
MNT,0.41489934343753565,0.36834230654849864
SIKE1,-0.6487339753785712,0.36834230654849864
B9D1,-1.533953833733763,0.3683667382979918
LRRC16A,1.1813961576260361,0.368393059026026
RAB33B,-0.880218747738845,0.3684245640276551
CDK10,-1.1624108158067166,0.36846823759024505
WDR7,-1.6897180988447422,0.3686133820354577
ERC2,0.14879617173275286,0.3686424046170163
MED22,0.49251781024120356,0.3686424046170163
NDRG1,1.21073422906567,0.36870299622182745
POLR3F,-0.8184453861406524,0.36912767540377445
P2RX2,0.17783744539493798,0.3691642548493816
ATP6V1F,0.5843408671688568,0.3692327331680416
GNAL,0.14534254994473392,0.36941489518851
ARSE,-0.9136558982528306,0.3694470494360673
FAM167A,0.6970169591222324,0.36949642440653835
OSMR,0.2927447730449018,0.3695035791431825
RHBDL1,0.2266945922076937,0.3699047636077979
RNASE1L2,0.1775644879209564,0.36996223689696767
PHF20L1,-0.8348145909802662,0.3700192957973838
GPR45,0.1720227571622976,0.37002096933154405
SLC9A9,-1.2622613362998678,0.370046062489926
DR1,-0.9211480899164823,0.3700531790135664
NIP7,-0.4351415149635809,0.3701346918811019
STX12,-0.5415016675055355,0.3702330688349689
NUPL2,-0.5734653565319072,0.3702562720184434
FABP5,0.662218557160072,0.3702562720184434
UBQLN1,-0.9896334205771984,0.3702562720184434
EVC,-0.38045309359391255,0.37030471125165654
FAM178A,-0.7343891021000131,0.3703712427815049
GAPDHS,0.12367626019321262,0.3703814875638698
PIK3C2A,-1.0589452189412338,0.3703830525727866
MARCH1,-2.594969590084336,0.3703911875045643
IFNLR1,0.8863354008415949,0.3705323806090368
HMGCR,-1.4996696569102674,0.37066253846069475
NFYC,-0.4151801885605053,0.37068069780612045
PAK2,-1.4062697699943496,0.3708516254295454
PBX2,0.44562252704344607,0.370912295447903
ETF1,-0.5644879009626882,0.3710396771397862
RPRD1B,-1.1242936412830464,0.3711702538976275
CCDC112,-0.7446796973327681,0.3713188342781212
HPGDS,1.2972832870605586,0.37134407423415244
ZFP846,-0.9222196228931104,0.3713667275533451
NHEJ1,0.6624894643068298,0.3716366504389499
RER1,0.32384360742373985,0.3716590029664771
BUD31,0.514533269258771,0.37166446827401206
NUP214,-0.5056457234719094,0.3717593451981702
FXYD6,-0.412331027376336,0.3718009159112534
DVL1,-0.40247114205094725,0.3718009159112534
GAR1,-0.7280921839694465,0.37181820160483453
MPZL3,-0.9306842123489925,0.37181820160483453
ZNRD1,0.5173211705373202,0.3720628608197209
WEE1,-1.1723967631350523,0.3721294388718678
SPAG7,0.4272257063757987,0.3721523472194385
NDUFA8,-1.1168405258699954,0.37221198058486266
STARD6,-0.8333483752354709,0.3722761233509338
TRIP6,-0.6198135401073466,0.3725959631894661
XPO6,-1.3136854260217676,0.3727720188396772
S100A4,0.5047669224294182,0.3728879788517562
TPT1,0.6397038153906216,0.3728879788517562
ILF3,-0.49533653718325876,0.37290150244730635
QRICH1,-0.5948425163231401,0.37303912713234616
GK,-1.0256407214045118,0.37303912713234616
LOC100366030,-0.7660839630041347,0.37303912713234616
NFX1,-0.7276831969652573,0.37314070139407696
NEDD8,0.43302240806249515,0.3731700582636158
AKAP6,0.16016048266873167,0.37317850373334616
RABGAP1,-1.0806332543338462,0.3732773789231601
IDE,-1.5964271984647587,0.37356651213361847
HTR2B,-0.48177484327922593,0.373644699143332
RAB21,1.255803026538119,0.373644699143332
SMARCD2,-1.4607855217505175,0.373644699143332
THOC6,-0.31267766164011324,0.37370618111664655
SLC10A5,0.10724086586808429,0.3738802622248164
NRIP1,-1.0556592176785922,0.37390545535791775
CDK5R1,0.4400245587577087,0.37409828517481675
HELZ2,-0.5127821085696724,0.3741234281861148
TSGA10,0.24301721891933536,0.37422512460473567
PCBP2,-1.2876435872589327,0.37432630673399414
CCDC174,0.38230429816169265,0.37432835256739144
TTC39B,1.063364520284364,0.374392048302805
MZB1,0.17026479625545915,0.3744092395643944
PRSS23,0.176119759674613,0.3744094042942461
RAPGEF2,1.3828511401232702,0.3744094042942461
NYAP1,0.12714784553728567,0.37449570482347233
H1F0,0.6514622166727806,0.37461040888617747
OLR1158,0.14674644656394606,0.37477111921264755
PUM2,0.37742583935635965,0.37513353067658967
ALYREF,-1.4082292289109413,0.37532856840886925
UPB1,0.1610905142133931,0.3754249895376961
TXLNB,0.3802277418249247,0.3754249895376961
PMM1,0.3332632260961592,0.3754374823949058
PLCB3,-1.4459529436618772,0.3754374823949058
MK1,0.5743590196627402,0.37556248949791227
CCDC184,0.14708132113898667,0.3756362162462595
TCEANC2,-0.7251740604131482,0.3756362162462595
UQCR10,0.8244988982232506,0.37577051055821237
MYZAP,0.21051948950313873,0.3761844303930541
MRPL38,-0.6630903105257286,0.37618843220746423
OLR1668,0.17382334197764085,0.37636020154231226
UHRF2,-0.9249684265678448,0.3764109115601203
RGD1359158,0.5025776006861324,0.3764109115601203
ALAS2,0.14608298297064215,0.37645097494285135
RPL21,0.4719283632038618,0.3765099391005989
CLINT1,1.433221690327907,0.37651676766879977
CDC37L1,-0.5013084365359961,0.3770434716334508
THRA,0.6629167916111391,0.3770824139898148
IRX2,0.19601307496656448,0.3772020960224362
NUFIP1,-0.7643852129010904,0.37726643623476946
RBM34,-0.5938480042205092,0.3773091150241497
FCRLB,-0.4153407671549627,0.3773091150241497
TBL1X,-0.7235169788782807,0.3773091150241497
MORC1,0.15219254792209863,0.3774377796643121
LRRC66,0.2074581288175111,0.377448559852963
WDR3,-1.2112327665711822,0.3776290422473159
TBCA,0.3614190621435851,0.3776290422473159
LAMB2,-1.3816435598955474,0.37771532660156415
H6PD,-0.6782309620938576,0.377739271606981
PRKX,-1.0092071283968753,0.377739271606981
TAOK3,-0.9202214515801419,0.37783653358544694
LOC301124,-0.7667923138123811,0.3778662888078593
CASKIN1,-0.2562439319612715,0.37790989744287984
PPRC1,-0.8582277570823171,0.37794117795448706
SECTM1B,0.2565153491758617,0.3780046062173406
N6AMT2,-0.5945123962346504,0.3780046062173406
TNRC6B,-0.4822763107522745,0.3780046062173406
MBNL2,-0.296576484478007,0.3780167187533359
CORO7,-1.230038601076462,0.3780291159256417
ATP5G1,-1.0901271103236825,0.3780417614465456
PMM2,0.7691390341359279,0.37819234478129005
KCTD21,0.7859497053162556,0.37823426732772386
BLOC1S1,0.7355490913352014,0.37828817929803144
ATP6V0B,0.48039762072203995,0.3783714910231577
SMPD2,0.5666578648495708,0.3785445324326003
PRKAR1B,0.2502578296661752,0.37871593367700623
VPS25,-0.3859491550630363,0.3788466817237625
ZFAND2A,-0.7798859672236373,0.3789185455104002
PDS5A,-0.8365576200505895,0.3789971964333997
RGMA,0.20728325936418654,0.37906211966132514
RPS19,0.49300647843286427,0.37906964363430656
CLEC4E,0.9384653329679269,0.3791840507389133
HIPK3,-0.9116530418663009,0.3791840507389133
MAP3K12,-0.4774293809719259,0.3791840507389133
GPR39,0.21257680909704937,0.3792257016396967
MTMR6,-1.033068962133684,0.3795038058897502
RHPN1,-0.3982405566135451,0.37953697863271163
ZP3,0.10606591764994804,0.37953697863271163
ORAI1,-0.5932747520116921,0.37958038171150255
DHRS11,0.8982186371940202,0.37958038171150255
PAFAH1B2,-0.6894870373553035,0.37964901380483884
TPCN1,-1.3855351657416821,0.3796644723950262
KLHL38,0.14738312812752902,0.3798753870222975
PDCD5,-0.8089633085530314,0.379897885708756
RPL39,-1.304913149392128,0.379897885708756
SUCO,-0.8392105569934813,0.3799483285419306
PRKG2,0.1474577993320444,0.37998313116532156
DAPK1,0.6627657527534023,0.38019774353251623
BTAF1,-0.4420576028357339,0.38020410882025635
LOC100911367,-0.6612941548510933,0.38020410882025635
IPO4,-1.0003644087612789,0.38020410882025635
PDCD2L,0.22169550354541734,0.38020410882025635
GABBR2,0.17358732480019073,0.3803617945478788
BVES,0.1473158173657304,0.3804021020042747
NUPR1L,-1.465911472382012,0.3804589180021844
VPS37C,0.5148829037858991,0.38046082592492364
WDR78,0.2610842298656751,0.38046459773221
CTDSPL,-0.6941185970497257,0.38047750335951325
DRD4,0.14569832114250697,0.3806323916545473
TNKS,-0.8772982199950483,0.3807190712243497
STK19,0.48100196033125364,0.38103605022579146
PCDH12,0.3094972585910837,0.3810467035620384
NTNG2,-0.813495425214859,0.38107027239994984
THAP7,-0.518883502801526,0.38126011249523956
LUZP1,0.16502259797592922,0.381381815977835
GPBP1L1,-0.5496884974844827,0.3817030300293354
LETM2,-0.6063284318320263,0.3819948023153006
CHM,-1.271676633222271,0.3820086556042533
TNNT1,-0.6036550427214593,0.3820086556042533
SNX11,-0.6213557111104957,0.3820086556042533
PRPF40B,-0.7790761862541185,0.3820086556042533
RDH12,0.21215429496073612,0.38211166677789116
PIGN,-1.4696606266844618,0.38218531016449003
EIF1A,-0.5193677320197025,0.38218531016449003
FAM126B,-1.3784052063799779,0.3822095620201013
ZFP799,-0.7807496367324751,0.38240372314943555
ME1,1.2494628148746463,0.3824321636077192
GALR2,0.17651355446614592,0.3826199322946698
ADCK3,-0.5287835486824631,0.3826227676521031
MAD2L1BP,0.37879784390227744,0.3827352983914174
CEP162,-0.27298477074514194,0.3830051627379871
CBFA2T3,-0.8158967008524183,0.3830067650749855
CLDN4,-0.4265600818879509,0.3830067650749855
SPECC1L,-1.6733304984976396,0.3830216626019995
SF3B1,-0.5381524571018499,0.3830216626019995
TTC3,-0.3639206138987445,0.3830216626019995
LRRC47,-0.46537545331292973,0.38311870767165884
COX7A2L,0.30846806169715624,0.38311870767165884
PIK3R3,-0.5844787819808068,0.3831279951018104
APOOL,-0.3518038923560187,0.3831279951018104
MYO1D,1.4131945298475908,0.3831898316718387
FZD9,0.17666877212074042,0.38320401403049326
TPD52,-0.7770999146782196,0.38320480181545497
MOB4,-0.340634909350392,0.38320480181545497
FLNB,-1.1560002313259634,0.38320480181545497
RIC8A,1.0270181111180579,0.3832223992420059
ATP1A1,-0.8826396613715293,0.3834749712725678
TAF1C,-0.8709680814239564,0.38387827159375626
TXNL1,0.2533642453759297,0.38393828711019207
MATN1,0.18940078875761363,0.38415508845144325
RAB3GAP2,-1.1438293561158988,0.3842716170079122
SLC2A3,0.7284392393842544,0.38428682149233323
TRIM3,0.7223053872018141,0.38428682149233323
CCNK,-0.48674546376484384,0.384287864937281
ETV3,-0.7574702188075464,0.3846076433985309
RABL3,-0.47871093617118277,0.384722874354625
METTL4,-0.5863360451269539,0.3848450903241949
ATP13A2,-1.4369211298743085,0.3851744673020925
ZC2HC1A,-0.7198197342287496,0.3856161702808016
CPQ,-0.5508137747582815,0.3856161702808016
DEGS2,0.15800216929849695,0.3857380082114285
VMAC,-0.8346502911872118,0.38575087276816394
CANX,-0.8030529304288629,0.3861121048132828
GDPD3,0.29566732419511327,0.3861648711236584
RNF126,-1.1366470682085628,0.3861700812531292
KCNAB1,0.2990897835887153,0.3863540278507143
HMX1,0.14563833073181923,0.38648622302020813
TAS2R108,0.2086833068834489,0.38652402793196045
RITA1,-0.4548681049986767,0.3865342611407223
PER3,-0.6854827207009617,0.3865834830938837
STX3,-1.3503093624989635,0.38668637461523403
FDX1L,-0.5130387276390103,0.3869046620075497
MAGOHB,-1.2651707512012833,0.38700892411755966
PLEC,0.8072268704279852,0.3871791589440145
SYNA,0.29311346226685586,0.387208111744619
XPOT,-1.7757068698023715,0.387208111744619
RABEP1,-0.6463572066957348,0.38724960318988466
FAM163A,0.14177413169308428,0.387639412124817
FKBP9,0.1768530145630301,0.3878032502873551
OSCAR,0.30198877980217925,0.38783046204282784
STX8,-0.7433149721516941,0.3878983697558054
SLC35F5,1.096354742140707,0.38805063240579807
MARK4,-0.4768297768683666,0.3881982425460017
HAVCR2,1.3115086168026195,0.38823246376119913
FBXO4,0.6561700952115426,0.38837415542227044
CDKL1,0.2079428142408042,0.3887776739440222
PHTF2,-0.8670389425626825,0.388838148445339
RGD1564114,-0.25359744152659225,0.388838148445339
ZHX2,-1.630627358285503,0.3889700639219199
MEX3C,-0.9495001652525099,0.3890602711551918
MZF1,-0.24009110761981123,0.3891963489816587
PPP4R3B,-0.6230096576144679,0.38928538460557366
CYP2D5,-0.39873747435287554,0.38928538460557366
REEP5,-0.5185341243644457,0.3895335836425064
TBPL1,-0.27952103800528594,0.3895826148456242
GBF1,-0.9091066578413107,0.38987160038358915
PRDX2,-0.45910540630550223,0.39000532153880413
STAM,-0.673393742917181,0.39010119916066505
PELI2,0.4206741885588864,0.39017059570901413
ZFAND2B,-0.2588943504986423,0.3902457059544076
SLC39A1,0.30437711054580774,0.39060733690890986
NFKB2,1.2850122546210727,0.3906608158596889
CYB5D2,0.524844040679002,0.3906608158596889
ZFP800,-0.7322418273817077,0.39071948763207937
HIC2,-0.3176145303714659,0.3907717239313247
CDK6,-0.8907063359017031,0.3907717239313247
XYLB,-1.3121272196499136,0.3908782012234584
SEC62,-0.5177551880590379,0.390989593080118
HIST1H2BK,2.5129929084683913,0.39099822560998904
COMT,-2.406084895383647,0.3911308049713193
RGD1308428,-0.7803385602963975,0.3911308049713193
SAT2,-1.388988802547726,0.3913016816305553
WDR82,-0.39623837376139526,0.3915030916182301
RPS16,-0.7182020370912152,0.39151931490357067
KPNA4,-0.592305788417665,0.3916270942149386
GALNT3,0.1690900423341894,0.3917753225722522
TANC2,-0.49972867082206945,0.3920214483397186
ING1,-0.8209068720541374,0.3920850866611832
MRPL35,-0.5402309772538123,0.3921203074594369
GAB1,-0.41472585818872587,0.39213214946654823
F2RL1,0.11813523018929387,0.39237313117026823
MAPK3,0.8130743161654461,0.3925023017094929
HOOK2,-0.8149981334006046,0.39258246679444775
DIRC2,0.6268296724380744,0.3925857087226994
HS3ST3B1,-0.48740322265949,0.3927376287467909
SPATA33,-0.8779970311741597,0.3930295918294989
L1CAM,0.29355768663400633,0.3930810102971178
FBXO11,-1.0818744834494112,0.3930810102971178
SEC61B,0.6984593699891892,0.3932662112453687
SCNN1A,-0.23340771566634266,0.3932670727656112
UBA3,-0.4806873495353834,0.3933367294420228
NUP205,-1.0441394888644502,0.3933759489225855
TMEM159,-0.8364488769072715,0.3934412067664193
COL5A3,-0.6067922174276044,0.3935063285772855
XK,-0.11804801215867813,0.39373595913941944
RNF181,0.4641417890676971,0.3937395557710427
PROCR,1.2051170175595773,0.3938117408994989
YME1L1,-1.1044797767555279,0.3941612893824879
RPS3A,-0.3780008646798052,0.39454628600510383
HCN2,0.1595711577250086,0.3946105441176174
TBCEL,0.8399850711345305,0.39481282602232426
UBE3D,-1.4875405339591428,0.39481282602232426
FAM214B,1.449860261697113,0.39486037692947834
XRN1,-1.0908147439351485,0.3954316253887428
TMEM42,-0.73126606900155,0.395468698840344
NR2C2AP,-0.320228960839954,0.39557003605348806
ZFP251,-1.7131628241641883,0.39558616264936874
ITM2A,-0.4610775597518472,0.39558616264936874
SLC31A2,0.8541677207623666,0.39561036311162134
MAP1S,-0.9380324837273579,0.39568368373064455
REEP3,-1.1901105613033427,0.39569068867744284
CASK,-0.5721227098961013,0.39569068867744284
ATXN2L,-0.4225713166771383,0.39577435908773956
PROX1,0.28053232311248427,0.3958180836522025
DDR2,0.19377133207000474,0.3958505429366803
HSPBAP1,0.7381639694970072,0.3959876443998592
SPHK2,0.707877390976055,0.3960841068654273
MSS51,0.5117536688192672,0.3961574747948893
NFYA,-1.3582943873242903,0.39629190530116376
SH3BP5,-0.5457744340386879,0.3963548455339252
CCKAR,0.11719100862320135,0.39643631565451526
PWP1,-0.4711054291862431,0.39667416629046426
BTG3,-0.9933585980935202,0.39668725153972495
RPS15,-1.0224183581377853,0.39677163084873107
NDUFAF1,-0.5921661275204053,0.39691141288939674
FDX1,0.5154392037757196,0.3969653498386246
ATP5H,-0.6469094702916669,0.3971462604818678
PARD6B,0.5080939804695801,0.397196340163716
ZFP511,-0.7304930147591522,0.3972019715708158
NPW,0.8023881310062201,0.3972568983689372
UBR1,-1.1339307203819113,0.3972568983689372
GLYR1,-1.4938339942787304,0.3973574447114734
MMP23,0.2545352122088069,0.3973574447114734
ERCC1,-0.39623907957681936,0.397385050952357
CHI3L3,0.15276232830148695,0.3975177519836277
USP47,-1.2960466715527361,0.3976598771384375
COX16,-0.4602198099031316,0.39771479608374605
DPYSL3,0.38049674606388295,0.3977862705959548
CAND1,-1.2587296959790626,0.39785081257005156
RGD1564149,0.1168174576627277,0.3978740451930229
NCK2,-0.3944811684381096,0.39805326759417015
LAMTOR5,-0.6819525073851915,0.3981664973653321
RPL6,-0.48765849301392095,0.3982322854433206
LRP2BP,0.1165945847253988,0.39854000655929595
PDZK1,0.19505115565364772,0.39854000655929595
CNR1,-0.21443937582847367,0.39857888887836523
CMTM6,-1.483017668789365,0.398736987806625
CDK9,0.5113276007486061,0.39886230048489946
CISD1,0.4191498834424854,0.3990224204067738
VANGL1,0.8827029830559756,0.3991066459020296
SLC9A8,0.5759285259941227,0.3992746471150843
EIF3I,-0.5263101795956793,0.399422129068765
ITGA5,1.7968933491364565,0.39959673133709067
CLEC4F,0.2027023142739954,0.39960934400349846
CSNK2A2,1.2724839489804718,0.399643733710573
CLIP1,-1.4637021992944845,0.3997283491132102
PPFIBP1,-1.7318804267526162,0.39989539818509945
COG1,-0.5551477701062146,0.39989539818509945
HIST1H1B,-1.4704818695152273,0.39996852126532356
TOLLIP,-0.8758419145045608,0.39996852126532356
ITPKC,0.6512237288611191,0.40002025800266683
VWA5A,-0.9944532628876741,0.4001371417388732
HDAC9,-0.7629092252534373,0.40033754139476263
LOC102723236,-1.2275728710778506,0.40038098234926617
RIOK3,1.147681875925426,0.40038098234926617
ASB11,-0.8821783563074019,0.40038959016521564
DCBLD2,0.41962414733217634,0.40052408580643595
RERE,-0.9373821446342039,0.4006211818474335
FAM120A,0.9762997672213061,0.4011098785633785
RNF20,-0.5466414387843539,0.40133630080123395
CSTF2,-1.0769493265685932,0.4013974378720857
LPPR2,-0.33122692597257114,0.4017271706801936
LY49I7,-0.38519132758770835,0.40190560018129295
APOF,0.15118860649412758,0.4019792714734564
LHFP,-0.7539522846001878,0.4020023286206473
PHLPP2,-0.8856750314678272,0.4020413892587699
RGD1359634,0.7288285295108832,0.40207242130822113
CAV1,1.8666299884037794,0.40207242130822113
ESRP2,1.1484739229427054,0.40218104109555614
DUSP3,-0.4868307864472521,0.4022462079701214
ANPEP,-1.7781390011862084,0.402251470875139
STAR,-0.37118599938197083,0.40228117555691745
LOC500475,0.2019776850400406,0.40228117555691745
TAS2R137,0.20131015936126434,0.4023382650480082
AGTPBP1,-0.853564687411559,0.40239171960749404
LAMC1,-0.6997756977446433,0.4025140083757474
PKIA,-1.648226874821046,0.4025965706187152
ZFP458,1.005543443462758,0.4027014613993694
TTC17,-1.4938230360083082,0.4029849719528382
TMEM59L,0.13924419960262305,0.40313667289891986
SNAPC1,0.678395421705928,0.4034400056006827
NAPB,-0.5353933181378536,0.403656460268896
SLC36A1,-2.0667476426192497,0.4036872621716102
SLC7A5,-1.34828656716902,0.4038186311830467
POLR1A,-0.9808272423246025,0.4038186311830467
LARP4B,-0.7828074272588275,0.403972710695775
LMLN,-0.32389343434528056,0.403972710695775
SUGP2,-1.015703962726874,0.40408288073481996
CASP6,-0.5615244922644069,0.40416702833442325
CRIP1,1.143750264977724,0.40416702833442325
HLX,-0.528739554093816,0.4042672529782234
SEPT11,-1.2628279651426828,0.40426977153311144
FUT11,-1.1103372761992396,0.40426977153311144
SRP14,0.3450200908994967,0.40426977153311144
PCP4L1,0.1152744712281356,0.4044175980875734
UBE2H,0.824489763983276,0.4046060557960911
CYBA,0.4284077909619626,0.4046618879714676
RALGAPB,-0.5174768153453817,0.4046618879714676
TMEM123,-0.7513654039947664,0.4046618879714676
RGD1560289,-0.12430957931260236,0.4048477495122676
RGD1309049,0.2101998900448521,0.4048647961169896
NCF4,0.5584513522261396,0.40488806721321324
LIN37,0.49670006170116476,0.40498500683327493
PDCD10,-0.42704260280411876,0.40513711302805017
RGS1,0.580313466655376,0.4052042080132172
NATD1,0.7218821840584155,0.405288651083929
MAPKAPK2,-0.4852423144950553,0.4053965112410951
RAMP3,-1.2217077085461974,0.40555253869048
LENG8,-0.7706378432193408,0.4055545864292308
KLHL41,0.25559413991513275,0.40557869719610606
PPP4R1,0.3385126799370459,0.4056144745090231
MAP3K9,-0.44538478685557714,0.4056294580230469
DCTN3,-0.42607022459128885,0.40567488441461524
FRG1,-1.2415471785487102,0.4057334320402245
HMX2,0.13818012019798903,0.40641818300510973
ELF2,-0.6916991494440197,0.40642156902007387
ABHD13,-0.5060300821282393,0.40642156902007387
PEAK1,-1.1748668976377914,0.40642156902007387
ZFP84,-0.5126844764169083,0.40642156902007387
ASAP1,-0.9052346770397599,0.40649037487736583
GSTM5,-0.9767643116860174,0.4066153707605844
PSMD6,-0.28941288820275535,0.4067797568809691
DDA1,-0.4799217700196703,0.40678998296563473
IGF2R,0.6999340678064713,0.4068041963523901
TPRG1,0.33109775189363316,0.40688623452551764
ZFP180,-1.1342622953047985,0.40701203393788793
ZBTB24,-0.6667636955801359,0.4071501373111934
ZFPM1,0.7592874000025425,0.4072010467455977
ST6GAL1,-0.5617748100744282,0.40732853989269496
UBC,0.8125063885596946,0.40736750005178507
SNN,0.927185349644633,0.4074134150184528
SLA,-0.9622585938170847,0.40744209627683237
PIK3R1,-0.9991345685960775,0.40744209627683237
CLDN12,-0.8266525195785517,0.40749450582842595
RPP38,-0.5060628559324245,0.4078151636520538
ASCC3,-0.8976668858325578,0.40794541127224987
UBE2A,0.30486442880077913,0.4079949362664477
PFKP,1.2779759233063825,0.40804819329339875
PFDN6,1.1289643601798538,0.40808003593778974
HBP1,-0.5413078789135515,0.4080880196552966
PSD4,-0.9194408942387611,0.4080955153698104
ESYT1,-1.2904687845165017,0.4080955153698104
NMNAT1,-0.4898235908108153,0.4080955153698104
TAS1R1,0.431207397448282,0.4080955153698104
MARK1,-0.47404861331962855,0.4080955153698104
SLC35E2B,-0.5954673798109308,0.4082583483617966
OLR1260,0.16059367373478795,0.40826647523904486
FAM21C,-1.520392812449363,0.4087068986653222
FNTB,-1.1746823217310267,0.408709393896138
EVI5,-0.5214324500720415,0.408787960732708
SLC7A1,0.8955058656394344,0.4088106716984873
LRFN1,-0.36586420268858755,0.40888050344917487
ITPK1,-1.1346839594306386,0.40888978299703155
PTK2B,1.2706923843460922,0.4090903720876753
INPP4A,-0.46490868737545477,0.4090903720876753
GCGR,-1.5760458528193741,0.40940589833044894
TBC1D9,-1.375974944402456,0.4094394651098615
MTO1,-1.0820297166040662,0.40948953786826503
TMEM134,0.5805741623616667,0.4097478827663051
HEATR1,-1.018857689641501,0.4099707852739791
FAM135A,-0.9309143640613989,0.4099707852739791
AGER,-0.1924727978132033,0.4101407235963716
CNIH4,-0.4810194633318048,0.4102454934688151
AXIN2,-0.30634247305442064,0.4102524580590237
TSPY26,-0.2852520233163218,0.4102524580590237
FURIN,1.1260173990525066,0.41042769604747337
PHC3,-0.4120465240719744,0.41047772698343427
CARD6,-0.8369194682549552,0.41093066054293975
TTBK2,-0.31014785964539104,0.41093066054293975
MRPS21,-0.884699975132845,0.41095391339352727
SLC26A2,-0.8629067911445278,0.4110101286046108
PRKAA1,-1.0558457980133493,0.4110296677669022
TES,0.26049598475534985,0.41118024338711756
SPEM1,0.1344019389821319,0.4111979133292243
CMTM3,0.3893464655992984,0.41136699885204114
STX16,-0.6172052135887396,0.41146006821041564
AKR1C2,0.14962096961188187,0.41148938593891865
DCP2,-0.7023162930526278,0.41152794834944717
SGCG,0.18091863386420326,0.4116344036181845
FXYD4,0.14951692016233067,0.41183013783641415
CASP9,-0.6418704591595592,0.4118626652068656
KCNG3,0.11348994632692118,0.4118825883917183
SFR1,-0.46100584862267713,0.4120292457631341
METTL21C,0.13998282762963346,0.41204041242155126
HAP1,-0.4282855227654895,0.41210882143314254
MSH5,-0.3668201826768362,0.41222175925736865
HMGXB4,-0.5753556139051506,0.4122576383782127
URB1,-0.8237593775371638,0.41226238709280094
COPS2,-0.7242686738745912,0.41226238709280094
AEBP2,0.9093987611903651,0.4124288646811457
LNPEP,1.268939730648614,0.41261931298337884
TRMT12,-0.7795419547073656,0.4126538145583854
LTBP2,0.2036333273232249,0.41295919526631153
TTC39A,0.22407960833878668,0.413169462308877
PPFIA2,0.15513195198412455,0.41424379143909684
HSPA1L,-0.21163163110584643,0.4143303494393717
PGLS,-0.5808035530613118,0.4143611195329015
API5,-1.0788290089395094,0.4143611195329015
TSPAN5,0.8021734813182859,0.41440348794124116
EAF1,1.2933113067019262,0.41440348794124116
OTC,0.13618456005242088,0.41440348794124116
ZFP319,-1.1180886560314096,0.41449662369238094
AARS,-1.0093086474697435,0.41449662369238094
LOC100364673,0.46796198250240795,0.4146158670730365
SPACA1,0.19536649813345497,0.4146158670730365
EPRS,-0.5468982115091974,0.41513102454990014
KIF26B,0.11126541910436749,0.41516562053809986
MRPL34,-0.8278230602478378,0.4151848813721812
MST1,0.13914201914568902,0.4151848813721812
ORC4,-0.7854679284539103,0.41524976462315016
PLCD3,-0.48245819457976,0.415511800490268
HGS,0.7408814405526822,0.41559922006539574
PPP1R37,-1.1689466877023755,0.41566497514727047
TUBGCP5,-0.9592908325898009,0.4157068604542144
TUBB4A,-0.5045071971306323,0.4157068604542144
DTWD1,-0.6102707810402994,0.4160172924166502
CTNNA1,-1.185683549387738,0.4161214667127288
PSMD9,-0.46742708607647465,0.41615156375897333
CMTM4,-1.189593972381405,0.41618349472786564
PSENEN,0.8295261294222813,0.4162054971664734
RANBP10,-0.906862436476777,0.4163148068891923
NDST1,-1.247324635754282,0.4163678785995489
PHF23,0.38467187878237574,0.4164594477378908
PQLC2,-0.7479993144986845,0.4165657563332852
RGD1306001,-0.9112196229001925,0.4166667901106715
PNMT,0.15866146779388435,0.4168438991184727
PANK1,0.44189660299111355,0.41688715002546956
SNRPD2,-1.0029894749886505,0.41712276851245267
LSM7,-1.3648325888798376,0.4171597221072155
CTCF,-0.8618414488874047,0.41724147963979497
GLRX2,-0.7790996221156794,0.4173576761229317
MS4A7,0.7461409436095057,0.4175323320072987
FAM199X,-1.2649027370932606,0.4176274934139601
FTL1,-0.4595002896804843,0.4176437680441595
SMUG1,-0.5606735321815497,0.4178982622033487
PHF13,-0.5282400826524962,0.41789829354406705
EMC6,0.5707266643456981,0.41803153098970175
FAM122B,-0.24291213535534692,0.41820620720228513
DIP2C,-0.844592371627836,0.4182547332348603
ALPK3,-1.4164810683143867,0.41835286337511657
HYOU1,-1.1871013480614256,0.41855502325191923
CCDC58,0.48415560707670213,0.4185882442169237
PSMB5,-0.5237896271153177,0.418619091191184
DDX3,-1.8849379527049377,0.4186603688456852
GSPT1,-0.29119419808243574,0.4187005290609976
TADA2A,-1.0870496114917718,0.41871052387796187
RPAIN,-0.9820561423744731,0.418941697263824
CCDC65,0.2153867390239286,0.41896956962343823
RAB1A,-0.25988621041919124,0.4190260838358834
TMEM160,-1.0379123197311468,0.4190761098505998
ARRDC3,2.556826243709748,0.41920042419475634
LCK,-0.6469550204273831,0.41925485527606493
CHUK,-1.2757589253026644,0.41932517212306153
MKS1,-0.7817547861205932,0.4194184534446904
RHEBL1,0.5668100014802522,0.4195183954317407
PNISR,-0.28673441898839025,0.4195183977812995
CTSE,-0.49665211294811257,0.4195490451066646
LGR4,0.3809550899713666,0.4196698788487601
ADAM19,-0.3974491161313719,0.4198346755962181
UNC119,-1.3968761003900148,0.41987055809512697
MAFK,1.0469464581177244,0.41996283314913996
FBXO6,-0.8583690933989319,0.4200688159183706
STK10,-0.9699263253638781,0.4201361547372352
NPTX1,0.12164046031662379,0.4202022988898325
PFDN5,0.47936335613632153,0.4202040244569737
LRRC3,-0.585951847826128,0.4202856732222019
IREB2,-0.920828648842817,0.4202856732222019
NXF1,0.2931702436913506,0.42052035534362964
CSNK1G3,0.8787554390521404,0.4206053411106059
WDR35L,-0.6384548423161533,0.4207611201519549
EPHA2,-1.2932400260334547,0.4208665051975449
RGD1562136,-0.4867710495552964,0.4208665051975449
PNPO,-0.45251371585960065,0.4209324267427764
FXR2,1.0929689603137982,0.4209538813300672
DSC2,0.137257064155643,0.42100052046361525
SCMH1,-0.5225932960931035,0.4213702174026184
RNF6,-1.0384872735307915,0.42137042448809786
NRP2,-1.3406247307306076,0.42148435804745
RGD1561145,-1.0059288291268753,0.4217614086170095
LRRN3,0.1343292528439375,0.42187670546628103
ADRBK1,-0.7679756828093356,0.42187670546628103
C5AR1,-0.47306101169978554,0.42201603618142897
RAB32,1.5207298033281038,0.4224270872537525
SPA17,-0.6523637665328175,0.4224554140334868
TMOD1,0.3885025185159636,0.42277607894627217
SLC16A4,0.13655847890825296,0.42317133947273977
PTGIR,1.1862381845989036,0.42342010221661075
SMARCA4,-0.7732645965791503,0.42355945027757075
RGD1309821,-0.25126406731150497,0.42358485944921126
TWSG1,-1.7904588212229409,0.42358485944921126
CTDP1,-1.2258629375215517,0.42361769435192054
GCKR,-0.5665501559313413,0.4236347311190203
ENO4,0.2118632678118478,0.423774008749359
UBXN7,-0.14759027570336491,0.42383412045091784
SLC43A1,-0.22127961965812692,0.4238775400234805
PIEZO1,1.2717238351793485,0.4238791457187201
DLC1,-0.6698315919569058,0.42395702066780305
ADAP1,-1.3745297199727875,0.4240689424978097
PDE10A,0.34034607134042294,0.4240689424978097
FOXO1,-0.6549670791360951,0.4241572756848549
UBE3A,-1.0786235588503845,0.42437254811316005
PPP1R11,-0.2655682706643958,0.4244051084881423
DNAL1,-0.7278917339448278,0.42447318910458665
RNF31,-0.7586610757212746,0.42447318910458665
SCRIB,-1.174028210624086,0.4245923243299217
FUT10,-0.3841478432890313,0.4246001013755898
WHSC1L1,-0.9771350679541919,0.4248737195615469
TSPYL1,-0.9461023424850445,0.42492388374896733
SLAMF1,1.444554295498475,0.4251108450077527
MNAT1,-0.3122430979961508,0.4251354567040511
STRN,-1.443918917130922,0.4252763155563597
NSD1,-0.7292618320821005,0.42531001087619724
BCLAF1,-0.7530698472789941,0.42531001087619724
ARV1,0.5907661616625592,0.4253399917502258
RUNX2,-0.686604556679113,0.42543214975819693
FUZ,-0.646290945529362,0.42556584549210746
ZHX3,-0.6049170393144905,0.4258194277308504
TBC1D2,-0.6021008108434578,0.4259236556604346
ADNP,-0.7243295436775239,0.42611664223032847
RPL14,0.3746846995086379,0.4261990184564329
LOC499781,-0.3710146594258483,0.4261990184564329
PPP3CB,0.9329474360255252,0.42627322751463637
SPESP1,0.13309302786576882,0.42631219226773
POLI,-0.582872845972068,0.42636200981439215
ZFP287,-0.4789617275630135,0.42637725306976154
STEAP4,-0.8017879509924961,0.4263994749266175
TMEM128,0.27027737752313374,0.4264390953931347
MFSD6L,0.1966849596514212,0.4264472478822709
LOC500300,0.593382934808895,0.42647252345697867
MASP2,0.33518111054345506,0.4267090912502819
ARL6IP4,0.35623034978626134,0.42733570407250066
SOX8,0.12865435959596108,0.4275262905271352
GEM,0.8700825455431938,0.4275556354736321
ANG2,0.19064519915093478,0.42814365764527357
RBM18,-1.0552109566500683,0.4281821117007531
LOC103692984,1.007709086312117,0.4282645019440659
SH2B3,-0.6987971130214952,0.42861387842398285
DNAJB13,0.34826202735648626,0.4287496386566597
MRPL41,-0.5244962747472375,0.428884157932553
ABLIM2,-0.35171190243945416,0.4297433920516904
SKIV2L,-1.1226248096868054,0.4297433920516904
ABCA1,2.0700840713012596,0.42979652801130097
SLC46A1,-0.5081023515010732,0.42996497880074164
PPARA,0.1902039575473802,0.4300464940993608
WFDC6A,0.5409218707470362,0.4300464940993608
SMAGP,-0.4767917250763345,0.4302275339687453
SIGLEC10,1.3771648817232987,0.4302275339687453
TNIP2,0.564381298387719,0.4302275339687453
KDM4B,-1.1913584428156068,0.43026238536340383
RAB23,-0.7539851776346931,0.43026238536340383
GALNS,-1.7171925233430372,0.43033072233797676
LINGO3,0.17455430444854092,0.4304949593424543
RPL35,-0.7944458915676123,0.43049617004804813
SYNE3,-1.0234583068929228,0.43052480541961297
RGD1307315,0.5429944136112912,0.43104199151236744
TTC7B,1.5162758833333716,0.4311192165323766
TMEM259,1.359624184369078,0.43124430165338923
P2RX3,0.11101113809033317,0.43124430165338923
PPP2R5E,-0.8436595429153457,0.43124430165338923
NDUFB4,0.679092485022065,0.4312579838403286
GPS2,-0.9046513795151392,0.43148725873715865
ABR,-1.1350047400863583,0.4315533703170627
LOC100910827,0.3987610462326985,0.4316330916918379
COX18,-0.45210570726813293,0.43167705838930964
PIAS3,-1.1658866207585317,0.43167705838930964
TGFB1,-1.2576606559795294,0.4319468562738059
DKK4,-1.0171634247261852,0.4320244861076004
JAK3,-0.9723916150221659,0.4322388650519637
PCDHGA1,-0.5210179082347762,0.43234454692276664
NUMA1,-0.8826687616992255,0.43247131044573045
KLHL17,-0.9770598201213545,0.4324843349618605
FAM102B,-1.1589409821914827,0.4327819208764067
JAK2,1.1637267970095007,0.4329041491667122
CRTC1,-0.6261966086517212,0.43310273139888705
SGCZ,0.1340794895587702,0.4331398501513346
SGMS1,0.7871643869808969,0.4331398501513346
PMAIP1,1.3929831500564405,0.4331398501513346
TMEM26,-0.7568647456588347,0.43315530005439334
NOBOX,0.1316392633621174,0.43320323096944024
OTUD4,-1.637349715311323,0.43322201318045184
GDF6,0.13155945804859806,0.4333136005203972
RNF145,-1.0417517574921913,0.4334001996980591
RDH10,-0.4349633022510344,0.4334001996980591
MAP3K5,-0.6348316785879534,0.4334322928776943
ANGPTL4,-0.7473140215123607,0.4335069983937096
AMIGO2,-0.594440326740376,0.4335683129001253
TMEM50A,-0.4256031423646123,0.43389774326764136
SIL1,-0.5263938286658969,0.43409170626973126
ICT1,-0.38646312009527595,0.4341002425425649
IRGC,-0.23993739027361455,0.4341846181853724
FGFBP3,-0.7020633367099327,0.43419810075417614
TSSK3,0.53566867759592,0.43427547696294305
CUL9,-0.5058655747855398,0.4343037950587504
KCTD7,-0.87418532317921,0.4343550372695877
GOT1L1,0.14332026978374762,0.4347537671688487
TNC,0.187537201411562,0.4349684720831871
MTURN,0.5208328401355403,0.43511949319640303
RGCC,-1.0004547417803908,0.43526719923179924
NMT2,-0.6466892172309726,0.4352840943869384
HPS5,-1.104338358883672,0.43545019563335213
MICU3,-0.535831054723567,0.4355163643754115
EPHX2,-1.0060894606135735,0.4355163643754115
GALNT1,-1.1994048401146733,0.4355163643754115
ZFP110,-1.1033132505256087,0.4355646649623579
NUTM1,-0.2300431516423549,0.43564782056302526
CLEC4B2,0.51075036074902,0.43565140242540323
RSAD2,1.5142162351232997,0.4356835294191512
RBM33,-0.5487934637181286,0.4359537445217374
CCL11,0.15358356545983012,0.4361759495623178
BAD,-0.6204986588552655,0.4361792846566805
CRIPT,-0.18202307084182134,0.43619607860431386
YTHDC1,0.3305547358193168,0.43619607860431386
POLM,-0.6160300936474585,0.436330342657983
ARHGAP31,-1.11293634011468,0.4366107580301295
KCTD4,0.9809519123875128,0.43674534976696006
ACPT,-0.20778998819655217,0.4367497628517983
CD2,0.13308921274651736,0.4368453679258218
NOCT,1.5432197822497793,0.4371564039418603
UBE2J1,0.6621948337426806,0.43721815668698455
ARSK,-0.9533437696134441,0.43728739790403154
NFKB1,2.058131440129607,0.43738419573912635
WDR86,0.1330976323066019,0.43738419573912635
GFPT1,-1.4874457682286932,0.4373906426882174
PPP1R12A,0.6073137425249486,0.43740977490154037
CASQ1,0.2151018432622646,0.43744799383826705
RPL29,-0.6512113123497247,0.43757942198368543
LOC362863,-0.3420673389053749,0.4375843704036036
ZFP763,-0.5830871862960059,0.4378234888712085
LOC690871,-1.377144323365597,0.4379215865896388
HSD17B3,0.12536398868212087,0.4380009924282188
NDN,-0.5412676876693446,0.43825419593024467
LOC498222,0.14246310624779346,0.4384165253360062
RPL22,-0.9537491967686149,0.43852759383902273
TMEM8A,0.7420592564841169,0.438610330103163
IWS1,-0.7619033023810498,0.4386700345797653
ACAP2,-1.29624216334151,0.4391518048327466
ARHGEF37,0.09458916594324654,0.43925379361432443
LRCH1,-0.4967479316944621,0.43936039898423423
RMRP,0.5771959482889158,0.4394466051534342
RSBN1,-0.2557258248199179,0.43948267257480317
ERN1,-1.2971307073108593,0.4395098191763166
XPO4,-1.0691409624727086,0.4395098191763166
ZFP40,-0.6740798752158217,0.4395545846636157
RHO,0.09448701614029034,0.4395545846636157
RARRES1,-0.24443460253155821,0.43957232095121795
EIF3J,-0.2936157803889028,0.4395847504325514
GUCY1B3,0.1300607743804468,0.43983519872361204
DOCK1,-1.0905973973110719,0.4400645796288558
MRRF,-0.8914223712943348,0.4400645796288558
PTK2,-1.2075196172202032,0.44009300687195835
CYB5D1,-1.0079715399922966,0.44015759540534233
KDM2A,0.29652649219085836,0.44015759540534233
GPC2,0.2058935480636237,0.44015759540534233
RREB1,-0.5006853587824518,0.44024220909689893
LRRC8A,-0.9478511991312053,0.44069611412908877
BTF3,0.2750509127221932,0.4407848948455026
TFIP11,-0.885774410809081,0.4410801747143139
PPP6R3,-0.8108055494948929,0.44126438742016993
CERCAM,-0.46712303705036634,0.44126438742016993
GNAO1,0.18606311893527064,0.441293950622353
CLASP2,-0.9016383810437563,0.4413406974436303
MAP3K7CL,0.10705937347219573,0.4414964564237509
SPAG9,0.4861267920216008,0.4417580290348758
ZFP68,-0.8979531587163572,0.44204579864145793
ZBTB17,-0.650204461791057,0.44245746340969505
EFNB1,-0.4956485432864375,0.4428961557689272
PPP1R15B,-0.6606556879107495,0.4428982252559158
NDUFA7,0.673957033481952,0.44297144425866025
NOTCH2,1.0475259258660605,0.44303230147867956
MNS1,-0.3837717303619704,0.443119224100002
CRLF2,0.4879794484497726,0.44335670078431194
RNF144A,0.10662343056194375,0.44379405708477926
EPHX3,0.12913184756088145,0.4438883548094946
AHSA2,0.48397428784335217,0.44389002224815877
GSR,-0.7793839522230863,0.44400812520727906
SPATA2L,0.33921123873912684,0.4441591127240364
DEXI,-1.2139404720782276,0.444221657727127
ARL2BP,-0.6337283677137311,0.4443418539956984
NEK11,0.44771075111267716,0.4445159927446256
KDSR,-0.3553695018109999,0.4445504742852731
FNBP4,-0.436963243074747,0.4445504742852731
MGAT4A,-0.43176907017879507,0.444552461659432
L3HYPDH,-0.44329281031370665,0.4445937011067917
EFNA4,0.39975581683944006,0.44465422523565
AMMECR1L,0.7370501768080024,0.44491077655865136
FLII,-1.084856060918551,0.4449350848921067
WIPF2,-0.23392754238374336,0.4449350848921067
REC8,0.16172250506941088,0.44499631011833624
EID3,0.8933710521323258,0.44502997471546135
SIPA1L3,-0.5130992938787146,0.44535765213226336
GAPDH-PS1,0.1406870531896105,0.4454107777690835
MYO1C,-1.626025938705924,0.44551648395880206
TCF4,-0.36331202585686384,0.4455955627880653
FHIT,0.9473488312597039,0.44567870712804203
POMP,-0.8125762231127833,0.4457215603962413
FAM229A,0.5044246279829855,0.44590379154248544
LOC681325,0.9349906821503291,0.44652214244021426
SCN1B,-0.3229711312489393,0.4465458679036545
ZC3H6,-0.24182540779279074,0.446630697790408
NID2,-0.4797502641797844,0.44665046439509964
CTIF,-0.7852082209087343,0.44665046439509964
NOP10,0.6108507572416491,0.4471302428954334
PIAS4,0.7128601532116154,0.44765769135735495
SYNCRIP,-0.7892832218003027,0.44789868072820743
AUP1,-0.15013296678496513,0.4481017690145109
PLN,-0.17223771904142401,0.4481017690145109
SIDT2,-0.5770456483212656,0.44818236627275726
YIPF4,0.6390111449973377,0.44826109289236504
MGC109340,0.09298000687724514,0.44833438205834264
KHK,-0.8170593181552104,0.44837660484699854
MEIS1,0.5033942388201742,0.44837660484699854
CAGE1,-0.3941358578223015,0.44837660484699854
DNM1,-0.5048419974731437,0.44841742575689836
NUDT19,0.3780905242366819,0.44871502049795375
OVOL3,0.24485231443934405,0.44871502049795375
PENK,0.18297415923746022,0.44873113266440995
LOC497899,0.8915971988029072,0.44878407901424816
CMIP,-1.5349849182109088,0.44878407901424816
RGD1559896,-0.32503535916171344,0.44890201218191605
CCNL2,-1.0393498516497877,0.4490270298187833
COPA,-1.2990236582338328,0.4490270298187833
TMTC2,-0.16482868364960088,0.4490517659742108
OTUD5,-0.5139406276101313,0.44921297450608344
MRPL20,-0.4521517212048467,0.44925745646635185
LOC689757,-0.5819555841848767,0.4494186636235135
PPARD,-0.6289938385256502,0.4494212762815929
IK,0.7449313408319878,0.4498525548650173
ALOXE3,0.4780324574791958,0.44993176944704505
PPP1R14A,0.25408961774863537,0.4500224585155359
ANKFY1,-1.1494714391539809,0.45008168207753946
PRKCZ,0.13682293579938196,0.45014786790427896
GPR37L1,0.12230628406817645,0.45016431635484716
ACTN1,-0.8279885334608423,0.4503029484631718
POLR3GL,-0.9242708946995859,0.45033643787723504
RWDD1,0.4675367534679413,0.45033643787723504
CCT3,-0.42379993800600513,0.45034957762011824
CNTFR,0.13667596641508964,0.4504539590208261
CFHR1,0.12210096040661869,0.4504898419115936
DAD1,0.6604480845013603,0.45057236417157004
ST3GAL1,-1.7427440365314895,0.45057236417157004
RGD1309104,-2.2047627447522737,0.45060863369434
IL34,0.0925665784422159,0.45061198888261306
POM121,-0.9737474930733159,0.45068362076393886
LOC100910237,-0.900105674379637,0.45084760459837653
PHLDB1,-0.845742930478347,0.45117745496148715
PRELID1,0.3516992457658663,0.4512128258308101
LDHB,2.320180873997196,0.4512312601156134
TBXAS1,1.2286192906897044,0.45169050494472984
SLC24A3,0.15016907959124562,0.4517368709700496
LIMD1,-1.0057040984687682,0.45185793958932313
ROCK1,0.28647653873446677,0.4520494846135025
ANKRA2,0.511407020931641,0.4520868182591129
CD93,-1.3307901201772767,0.4520868182591129
ABHD17A,-1.005055766284368,0.4520903626729939
PFN1,0.44517019722062656,0.4521851293284444
DYNC1H1,-0.4252953883648276,0.452333517333741
BACH1,-1.5308427927070969,0.45236482772659287
RAB31,-0.9889729464309953,0.45236482772659287
RGD1564804,-0.5780875872104829,0.4524904023069217
LOC100302372,-0.3716326610496803,0.45274852029230106
ATP7B,0.19568291126863396,0.4528077356260396
WDR60,-0.5707214508069074,0.4528230768735765
BSN,0.13378929485785637,0.4528660148464198
FAM117B,-1.0544991025507402,0.45297496484469324
GNG3,-0.3728693466534547,0.4530074444770536
SLC28A1,0.1292185146687683,0.45334112798117054
KCNA2,0.21554172652425688,0.4536003121064395
MED17,-0.8483435764751539,0.4536166106285552
NAT14,-0.18149236915123806,0.453698356884273
AKT1,-0.8280378583449024,0.45373498130320883
SLC19A2,1.2092602556160892,0.4539072631946751
GGT5,0.7301231904052848,0.45398472987752114
FXYD5,-0.7942340856018273,0.45399874908657967
SWI5,0.799288782959211,0.4541816383213566
HS3ST3A1,0.1696598820619707,0.454375694206219
ELK1,-0.9130139919401654,0.454463056170004
AHCYL1,-0.5299789003856228,0.4544700842107103
ARMC10,-0.6494211818131967,0.45453027091241
ACOT9,0.43022708892322026,0.45462140080951674
FUT4,-1.141575447467312,0.454685411811121
RASA2,-0.8089716437734313,0.4547909190110033
HIST1H4B,0.38623914976261453,0.4548992639374564
PLEKHB2,-1.0115171072650861,0.4549626072577419
PHF20,-0.4449172168527791,0.4549674549620354
STS,-0.578301045999198,0.45506332710706443
MTMR11,-0.3459298727269512,0.45506332710706443
PSMA7,-0.4486588610393083,0.4556860469133684
RGD1308775,0.3481337645048248,0.455691124324773
CCDC8,0.14841483605139916,0.45574694133642696
POU3F1,0.1187564686840805,0.45581245900908923
IGFLR1,0.46283439918981134,0.4558369795220113
SDCCAG3,-0.47763128193906734,0.4558519257477243
CPNE7,0.6745546190219285,0.4560865420902253
UTS2R,0.12018363824770023,0.4563469493247157
SLC12A2,-0.6142602823295352,0.45635027891815916
ADAM4,-0.32986519309500223,0.45677480781693236
C4BPB,0.14811802727269655,0.4571034544322027
PTPRF,0.16469700859790218,0.45713031684718775
TMSBL1,1.1781977459144253,0.45715414395595105
NLRP3,1.9279574206275631,0.4571865397116225
TULP2,-0.3493415872923345,0.4572273621409978
STXBP1,-0.46453722825301114,0.4572273621409978
DSE,-1.186621809853523,0.457271845335265
CAR9,-0.5534887032723816,0.457341445980334
CXCL10,-1.514549530450223,0.45740922475026075
GPC1,0.11985348077089686,0.45743438005528597
PDPR,-0.9682386696458694,0.45752276855432855
TP53INP1,-1.5517842157484956,0.45761244868546613
FBXO28,-0.5940309124495338,0.457731513902072
COX8A,-1.0350906778015823,0.4578017531548576
ANKRD23,-0.2827637475504767,0.45794170355565633
RPL36A,-0.8298000257613145,0.45800231774897554
TBC1D5,-1.2175106545718757,0.458022434406253
FSIP1,-0.7598845215149583,0.45802592431180544
DLL4,0.10375651267532036,0.45802592431180544
PXMP4,-1.0598446220998436,0.4583363424171783
TMEM43,-0.867906517961063,0.45844146096013355
EXOSC4,-0.5856829629947153,0.4585397691910071
CDC5L,-0.3479957229313069,0.4585462954757782
SEMA3C,2.2528059931941007,0.4586421359296104
SHISA2,0.6210239382137926,0.45864463030004177
TEF,-0.7624001004455967,0.4586632389932311
PQBP1,-0.6074693473925996,0.45871072619549513
PARK2,0.6304932818070121,0.4588481952669127
IKZF5,0.5405358584210975,0.4588784052722505
NAT8L,1.3187562236665125,0.45889672134688353
RASIP1,-0.624099643466676,0.45889672134688353
FBLIM1,-0.5450065996810588,0.45896159119874197
SLC38A6,-0.790331044973948,0.4589838430171612
WFDC2,-0.48007558140293993,0.4589838430171612
SH2D4A,0.12739159981117132,0.4591619926521232
CAR8,0.3220325966618376,0.4591619926521232
ATP5G3,-0.916773095585393,0.45916284150666165
EPB4.1L5,0.37122953539352066,0.45916284150666165
WNK1,0.6755287331267334,0.45916284150666165
ATP5L,-0.6754429072484731,0.45931126108363474
ZSCAN21,-0.5179204750584292,0.45956591808148134
GLIS2,0.1735655450405388,0.4596238553851299
CCNJ,-0.7656346428310925,0.4597983252967903
TMEM192,-0.27594137285745113,0.459986991405116
NEUROD4,0.17508254334639498,0.4600499578249425
RCOR2,0.30415497194731145,0.4600499578249425
GRTP1,0.259450614308878,0.46005207723817115
SMIM8,-0.8578250125519964,0.4600913645438764
TM6SF1,-0.8129067069100913,0.4601961968701862
DOK5,-0.9803739661571378,0.4602511387604908
PEX11G,-0.6574476333292221,0.4606411914008144
HP,0.6618963592691454,0.4606529991624412
MYOF,-0.6865320363980199,0.460701051422831
FYN,-0.5938607537545058,0.46082285317281296
FDPS,0.29379314769527376,0.46082778775439753
PIGQ,-1.1183845955402272,0.46105402902340675
PLAUR,0.5427508558598317,0.4611222528733248
UBE2Q2L,-0.545404617892126,0.46149426095093765
OGFRL1,1.300093187134813,0.4615184916494794
LOC303448,0.2058770049114657,0.4615184916494794
GUCY2G,0.1280652972479236,0.4615184916494794
PNO1,0.4225891176506522,0.4616403907552482
TMEM33,0.45286845410683263,0.46179521805580226
SIGLEC1,-0.4474122068472079,0.46212701665101297
TARSL2,-0.8902910650995461,0.46214522668006397
IRF2BP1,-0.5161928248232461,0.46214583339386445
ZFP354C,-0.31870355381562515,0.462520473674931
DNAJC5,-0.788347998668161,0.4625378537878828
COX6B2,-1.148395645896617,0.46257431623402206
CDC42EP5,1.4266687819710677,0.4626858449335832
FOXO4,-0.12104362591035589,0.46272244111250577
CREB3L1,-0.8816140358913697,0.462734086086113
ALDH1L2,-0.427206132439674,0.46283397433767864
SLC12A5,0.15196057105233443,0.46288543915793817
SRA1,-0.4476407822166033,0.4628933414460529
RBM20,-0.10491111774430933,0.46334534862747623
ZBTB40,-0.597513787890145,0.46341676220455924
FRY,-0.19680821923626976,0.46373602897579375
TNPO1,-0.5457282130763592,0.46423418130179406
TSEN54,-0.5058589558713207,0.46423418130179406
HEXIM2,-0.6447778471937211,0.46448927989058175
SEC1,0.12605489397066602,0.46461258482479073
RPL7,-0.3248572571326118,0.46461680583652437
TM9SF4,0.8522524827910258,0.46484371637298877
SETD5,0.4792146756565696,0.4648702908012227
SNRNP200,-1.189080067029058,0.46501569042948343
SIN3B,-0.265678021948311,0.4651528682921095
NEIL2,0.6305185931271801,0.46547245654909014
CRYGE,0.1258592261532087,0.4655796937439789
KIF3B,-0.5681665306081831,0.46565286475049605
ZC3H15,0.30780146244375484,0.4658326106075548
OTUB1,-0.4504301030495821,0.46589705799709596
SUV420H2,-0.6977603281199871,0.4659806378610654
GTF2H1,-0.9227200633795118,0.4659806378610654
UFD1L,-0.29267792901986844,0.46605096475936464
PTPRN,-0.9708808064306341,0.46606516938424425
FIP1L1,-0.5589856676232965,0.4662392489069633
MRPL55,0.5581945882950832,0.46691413939937193
ZFP653,0.4537237290118057,0.46694052539673114
MRPL46,-0.461030949986311,0.46715165596074587
MRPS33,-0.668105108823859,0.46726879959506495
SLC25A54,0.12453592106697697,0.4672773283882289
IFT20,0.4579372451547057,0.4673922500678712
UBE3B,-0.7782064759867309,0.46747015587507057
CXCL14,-0.72183275534848,0.46747630385515937
DHRS7,0.19909420594606703,0.4674920264182084
MED28,-0.36690056067275645,0.4676409900477653
CSRNP2,-0.5578344483962047,0.4677074830440385
CHRNB1,-0.227990986885797,0.4678826053651251
GADD45G,-1.4556688301528855,0.4678961196475951
FAAH,-0.1374970211147343,0.46805388537853504
PRKCI,-1.117723797436847,0.4681554892178458
METTL20,-0.8420178173474167,0.46820827313281055
ELOVL4,-1.2491376881221883,0.4682438544220369
TAF1A,-1.017783964182524,0.468279907142325
RNF5,-0.39495719855300315,0.46841699191183517
COL7A1,0.1991717357116809,0.4685936118873908
CDC27,0.8231065944571272,0.4686033172212095
LOC688765,0.42847555745443877,0.4686687688035944
SOCS4,-0.8696819251580776,0.4686829326147776
LOC687399,0.1620556442356883,0.46879471202985
ERP27,0.5967597793169516,0.4688391599590197
RDH16,-0.3219958306671134,0.4689670553253371
RCSD1,-0.5235954441232642,0.46902145848806026
TSPAN15,0.14254980836628642,0.46905220271040576
FOXN3,-0.6474005710417516,0.4690801169852787
PCDHGA5,0.13197107970204444,0.4692424392849001
SCHIP1,-0.6257448634913105,0.4696928831686812
WDPCP,-0.8463255758231446,0.46984445810409653
FASTKD3,-0.5953167282128828,0.4699680229275981
LIX1L,1.0324112168446717,0.47005359566050164
DHRS7B,-0.4440210437742609,0.4701577737672421
NIPAL1,0.24450698980165184,0.47088631432340916
PSMA2,-0.3243596841091847,0.4710069010798486
LPPR4,-0.36761927906044484,0.4712068550527457
RAB2A,0.8729869928460632,0.4712068550527457
NELL2,0.6583407581832396,0.4712570462681358
CMTM8,0.14357758077341848,0.4716777399376602
RNF103,-1.312508658436011,0.4717956657632009
ZC3H7A,0.7227568874160548,0.4718066270713829
UBE2D3,-0.317844737941261,0.47186905924240097
S1PR4,0.5222821035131402,0.4718721990365177
CSNK1D,-0.7321422646377487,0.4719103275153795
PLLP,0.20689812333921354,0.4720512784433319
CHST12,-0.580936563133303,0.4720524228752742
RT1-M5,0.14394975150997788,0.47230299678437526
MAML1,-1.041014960073535,0.4723057458902358
TRAPPC9,-1.0234490900248823,0.4723870569953572
PRKCE,0.4163775786642705,0.4723870569953572
OXCT2A,0.10087285516034072,0.4723870569953572
YTHDF3,-1.2957172424435837,0.47264841945652225
ARNTL,-0.8079818940309285,0.47264841945652225
YRDC,0.48918644027080926,0.47267800952794714
SEC24D,-0.8185578172729744,0.4729067058239496
SH3BGR,0.16897828293785813,0.4731901455687974
RGD1564854,0.16897828293785813,0.4731901455687974
SPTLC1,-0.5427346815291694,0.4733122026843208
PTTG1IP,0.5422918846241229,0.4736805903520752
MRPL23,-0.8435673156817707,0.4736805903520752
AFF4,0.9592501302588428,0.47394592990630785
KANSL3,-0.813970052232035,0.4739590774591327
ZFP386,-0.7769104445126027,0.4741693848100403
FAU,-0.6676107905945097,0.47418737681129475
INHBE,0.1431687352433813,0.4744614024846951
FCER1G,-0.7461703848045804,0.4745659344332465
UBXN11,-0.5225527762384644,0.4747680925158316
TRIP12,-0.9270925481381482,0.47513051373799015
ACSS1,-0.43081880553789564,0.47519927380773797
NEK4,-0.9051321216956427,0.475504935939442
TRMT112,-0.8757844365300915,0.4758965259136982
RNF13,0.9177805755617854,0.47594791812448956
ZFP260,-0.7932312282018241,0.47606852139989897
CAR7,0.20225198074952552,0.47607202982849633
MRPL47,-0.5457457740690344,0.47616960002148095
PTHLH,0.686758010494707,0.4763414306731723
NUB1,0.8995972391901113,0.4765430236017103
SYPL1,-0.36383065960872063,0.47661001306641804
RUFY2,-0.5413954248202699,0.4766491138316802
LIG4,-0.9639358759956423,0.4767430364360772
FAM222B,0.4997117844487535,0.4768790996878846
ZFP213,-0.5872353503786787,0.47689224213541015
SNTB2,-1.1677648435137986,0.47738442728371955
CHRAC1,0.34929045897179734,0.4774469059211779
ZDHHC23,0.672900861080516,0.47759271381647156
CPD,2.3130780772286132,0.4776606697647476
ZDHHC21,-1.2035493710089689,0.4777194699423776
N4BP2L2,-0.25956500300955376,0.47783392886104664
EPDR1,-1.3093411498800787,0.4778453485041936
PMS1,-0.8117807203066567,0.4778453485041936
SRRM2,-0.35576643291333143,0.47786588728295876
BMP1,0.928019350564729,0.47812214930571495
RGD1561149,0.778479029332019,0.4781249420121062
RAP2C,0.42761700525602153,0.4782861061720565
SERF2,0.5552438704945049,0.4785993849825028
RPL24,-0.7000461534764373,0.4787633928075747
GPR88,-0.19112558450073563,0.47888608591959836
ZBTB37,0.3715308498301584,0.4790987807790343
PAPD7,0.5679280002686133,0.4793817125564014
RMDN2,-0.3143561499985522,0.47952316475168216
DDIT4L2,0.19124547499528083,0.4795700373895347
TASP1,-0.7004130287143499,0.47959197654623764
STC2,-0.6715101714341706,0.47968092646938154
TNS1,-0.2431020060736446,0.47980585825263156
SERINC1,1.0333649315188493,0.4798694544062019
VPS28,0.3032969586194074,0.47988237391525196
KIF16B,1.0046573877516312,0.47990883915427734
RPS26,-1.0757546847748447,0.47990883915427734
FKBP14,-0.5830005223921577,0.47994960138497833
H3F3B,0.16905116239399476,0.480031294053023
FAM110B,0.1625219571867555,0.4800961355435681
STAC3,0.13251314553754695,0.48018516642632486
TSKU,-0.2699447342785027,0.48041159381552706
LOC100911483,-0.9382705714560711,0.4804252754087732
MICAL3,-0.2950205893542738,0.480569373057954
KIF5A,-0.15230575999109056,0.4806012510301664
TSPAN2,0.11376579809248169,0.4809409110500933
RNF40,-1.4706553899591361,0.4809409110500933
CBX7,-0.4959683569633335,0.4812168025480083
SLC38A1,0.4332621872523837,0.481235948647878
ATP6V1G2,0.22412338873288298,0.48134556637737524
CTTNBP2NL,-1.2108781441059593,0.48153064385739464
CELF6,0.12167232434437555,0.48158919557622276
B3GNT4,0.12909385485849195,0.48173314632575936
WBP4,0.3642820991292637,0.481910063174699
FGD1,-0.10478526296426979,0.482059592355625
AGPAT9,1.5547745029254196,0.48234361661922
MIB1,-0.6114767416619897,0.4824441342853008
VSIG2,0.16503721575909797,0.48293340705927107
ADAM17,-0.9999034277878103,0.48293379064613917
NR3C2,0.2931859045376294,0.48307845654935355
TRIM39,-0.5874765230496746,0.4833354779998206
AKT1S1,0.5284863294439988,0.48352616484148647
ARMCX1,-0.6022038490799625,0.48375861762393374
SPIDR,-1.0411019203299614,0.48375880440728347
SLC23A2,-0.791992592742143,0.48395996120946416
HMCES,-0.5584574951189243,0.48395996120946416
RPL37,-1.1048709074043463,0.48410355266695354
RIMS2,0.2699315480217203,0.4843531180283329
STOX2,-0.2523840330698295,0.4845563116909951
MCTS1,-0.590691799571541,0.4845877825401771
LOC500034,1.274894131970738,0.4845877825401771
SBF1,-0.8368978976860633,0.48465919293296295
WNT6,-0.12065003302178906,0.4846626868110913
TTPAL,-1.0016899617379793,0.48494582256458413
TMEM71,-0.7415725949850259,0.48501875682877765
LATS1,0.5319763276132652,0.48501875682877765
PRKAR2A,-1.8395825614892114,0.48501875682877765
PPIL4,-0.23061024932624408,0.48504815923540157
GP1BA,0.21975898851130113,0.48537857914437327
MARCH5,-0.517568511939575,0.48552130123714726
MOK,0.3134462184857626,0.4855747898104927
SEC14L1,-1.1059218159159512,0.48565137616524334
TMEM189,0.7048962812183941,0.48567932668898445
SAP18,-0.7819571815096991,0.4861063153950099
TRIM26,-0.6096551023982446,0.48647083004576797
UVSSA,-0.4500564875816271,0.48647083004576797
ATP5I,-1.3657270937820538,0.48649984623048204
GFOD1,-2.1608518867458115,0.4865206120032864
TXNRD1,-0.8816404171043102,0.48652692767517414
PLXNA3,-0.39993804236611624,0.48652692767517414
FAM132A,-0.15916444874790636,0.486573975008357
SETD7,0.7788896864781747,0.4866307193753379
CARD10,0.13121569163431718,0.4866673410137922
TDP2,-0.4291438180461631,0.4868562771149104
PPP1CB,-0.4994203009635072,0.4869748196158451
RNF123,-1.0509226946089472,0.4870337080427158
CDC34,0.4447892623895884,0.48707609696387033
USP29,-0.1503885250005178,0.4871002755671134
CUEDC1,0.8631353581426289,0.4872130483762455
GXYLT1,0.834302357570567,0.4873943207750991
ESRRA,2.1988151068332353,0.48751940215173684
DHX16,-1.0213014627632135,0.48763773072168515
NUDT12,-0.4032916058826907,0.48767752562663036
FLT1,1.3160110070100837,0.48768330830071466
PCBD1,0.5649690884557876,0.48778290123653706
RPL36,-1.098814175881845,0.4878040547451694
BRD7,-0.6266667154011301,0.4879174036426405
CDNF,0.4321067897707306,0.48794220419474077
CAPNS1,-1.4410493111945972,0.4884739211553635
CLCN3,-1.2813172392962682,0.4885025391862109
SPATA13,-1.2854843756227892,0.4885025391862109
TLE3,0.5688526398761535,0.4885338521118919
LDB3,0.1306824940955886,0.4887797000189169
MED11,-1.003522418222075,0.4887797000189169
TRIM13,-0.5029482351949022,0.4889128304695781
ZFP9,0.22059673706631638,0.4889726284385377
SLC16A11,0.21250769559951477,0.489019382272303
MED23,-1.1094395214085238,0.48907913914622564
ID2,-1.0356185203764188,0.48911094087683715
LOC297756,-0.8519398316782496,0.48911094087683715
NUDT6,0.7001272045707208,0.4891610995635402
MAPK12,-0.736110744465692,0.48918953304893137
SNTB1,1.0048059193442178,0.48951120699520084
RASL2-9,0.37776976537600004,0.4896261146507864
STAG1,-0.6584087899319462,0.48990603422054596
DAZAP1,-0.3910859669131783,0.48993371555126414
MURC,0.13865590787315782,0.48996906008747815
TRAPPC6B,-0.40526419691740223,0.4901658759992612
SLC6A9,0.5211557210529605,0.4901658759992612
SUPT6H,-1.2343688173364642,0.4906895520724532
SRC,-1.5415058335947491,0.4906895520724532
MAP6,-0.6037435887628999,0.49078961958272227
MEF2D,-0.493323034933848,0.49078961958272227
HOXD9,0.09728568170265187,0.49083078024876453
CHP2,-0.5875721461255472,0.49090011294659336
PLA2G5,0.12241602546854048,0.49097453088311716
GPD2,0.6828547377717902,0.49128195347381465
LEMD2,-0.7630387648348229,0.4913018441318022
LIMK2,-0.923990606930293,0.4913123635006114
NPAS1,-0.10422979228060146,0.49135800765783605
BCL7C,0.7555463650396064,0.4913851914222979
SF3B2,-0.3190785696800571,0.4913851914222979
LOC100910973,-1.462611083250133,0.4917377632213631
IFIT3,0.7135197295617317,0.4917545085509844
CP,-1.2281173881003986,0.49190435710339325
OTOP1,0.09702820774293426,0.49190435710339325
SPRYD3,-0.4126969644209817,0.49234396909012607
APLF,-0.5097385898131253,0.49255545067359224
SSFA2,0.8727209917750649,0.4926846808642879
MAGOH,-0.7836503086613655,0.49272925685760005
RGD1309170,0.12978600937789153,0.493092819730883
CCNB1IP1,-0.09508347784025925,0.4931046145605139
CCT8L1,0.11139442028841232,0.4933255439740686
EFHD1,0.09677203692218778,0.4933255439740686
ATP5J,-0.911166207291128,0.493444085263987
LYRM2,0.2973803302746414,0.4934726061065307
DMTF1,-0.6878683461064021,0.4940063554855047
PSME2,0.37375695457600955,0.4941300456480464
LNX1,0.16899292768214255,0.4941983035233174
ENTPD2,-0.5398910078452501,0.49438004055050777
RPS23,0.418609736424278,0.49490502241406026
FAM196A,0.20631464043090042,0.49495670567050065
BAG6,0.3664899446951546,0.49506667562448875
LAMTOR4,0.5760004901738665,0.4953175957393616
AHRR,-0.2754023368296511,0.4953175957393616
CCDC80,-0.2702235691582772,0.4957012992582012
SNRPE,-1.2491499165142974,0.49579336959414383
PTPRCAP,0.6167957787338572,0.49579336959414383
KBTBD2,0.6326315515227945,0.49579336959414383
PLOD2,-0.6466933006683568,0.49597904277975763
FMC1,0.6148384733326733,0.49605509426491745
SH3BGRL3,0.5836599664682485,0.49605509426491745
APC,-0.5922494681431945,0.4962809360607568
NAV3,-0.5653570995947876,0.49658729472268653
CCDC71,-0.8978205468077397,0.49658729472268653
RGD1305807,-0.6336901633459491,0.4966290765990684
MYOG,0.12619144909516444,0.4966651288270549
ZFAT,-0.7494016658312186,0.49675968271385207
ZEB2,-1.6173953955632254,0.49678708148115946
LOC691807,-0.3316772090292446,0.49709313399661764
HOXD10,0.09596154149861122,0.4972830000833414
CCNG1,-0.8253785523003128,0.49755052613099343
CPSF4,-0.48474018599752444,0.49765580479117616
SNX22,0.16692317060366307,0.4980192270551103
CLCN5,-1.0706843294399282,0.49803059486864565
ZFP202,-0.531755376587261,0.49806147542930135
NDUFB9,-0.6630331923468864,0.49822383513596874
CYFIP1,1.7204945708368165,0.49822383513596874
LILRB4,0.7922450059284056,0.4984781467404327
SLC22A14,0.11835374516895707,0.4987932418229148
PGRMC2,-1.8243645703980924,0.49882927149936
GNA11,-1.4258363408429553,0.4992158618003009
NTAN1,0.28069858133674774,0.49922025049115165
AQP11,-0.25021863103635456,0.4992489992630076
TMUB1,0.3350752549425078,0.4995104031661078
NFIB,0.21534767631125828,0.4995104031661078
AGPAT1,-0.2173189442562311,0.49960169710971764
PIK3R5,0.9335972935757368,0.4996866290937792
SRFBP1,0.699427061576543,0.4999929386228695
ATF2,-1.2547710207435427,0.5001131131516703
PTGR1,0.9101762232463368,0.5003029772000095
CFAP52,0.135802895893757,0.5003756764342928
CD8B,-0.8321624071549317,0.5008126900984278
VPS54,0.4474431750212986,0.5008145832221447
TMCC2,-0.24322332057948212,0.5008145832221447
GRAMD1A,0.9026040717430881,0.5009366205176504
HACD1,-0.5964989294594304,0.501001144392006
PIGM,0.4737537309503117,0.501001144392006
GABRR3,0.09531279015294838,0.5010537849077049
NFATC3,-0.9449490900923856,0.501111122752794
TUBG2,-0.5146943008858316,0.5012658812552722
NAA38,0.7195297304655339,0.5012658812552722
YBX3,1.895408610459155,0.5012658812552722
USP33,0.48605380948925836,0.5012658812552722
UBE2Q1,1.0698967853600165,0.5012658812552722
ZFP787,-0.659839570884891,0.5013302015244878
AGAP2,-0.2926766162736667,0.5014353881985453
USE1,0.4822522759298282,0.5014353881985453
YTHDF1,-0.7006485288962745,0.5014994746309573
WNT4,0.1372128569971906,0.5016193341758042
DCAF5,0.5442294048855414,0.5019653103644531
LTBP4,0.10866682911743086,0.5020827500028876
ANGPTL1,0.3571890480313484,0.5022551341619041
COPE,-0.48968727825486447,0.5023324734220876
TRAPPC2L,0.5288276818750637,0.5030650779528261
GGCT,-0.8396807750195334,0.5033693615942675
DOCK11,-0.667049580508329,0.5034090680290796
CD2AP,-1.2660618072335295,0.5034090680290796
FAM173B,0.39928273078291676,0.5037751425354212
SEC24B,1.0687152402517084,0.5040085156389411
NXPE3,-0.8532464474412358,0.5040552742322699
CD80,-1.088189549025588,0.504172402197056
EPS8L2,0.28634421761421786,0.5042198709068711
ENTPD7,-1.215394843880523,0.5042610756566341
YOD1,-0.8343429854161463,0.5044112385589634
FHDC1,0.25313120670375133,0.5044428586018271
PCGF2,-0.6848739522069959,0.5047498248170512
PPIG,-0.4530609583523306,0.5047498248170512
ZSWIM3,0.9558117872089171,0.5053687658103394
FCHO2,-1.4910532878312939,0.5054858400604789
CEPT1,-0.5518928611918801,0.5055901215941372
RHBDL3,0.17273223138308225,0.5057354345847701
KLF10,-0.6029711967310676,0.5061001229575695
FPGT,-1.1232132192536266,0.5061090334583431
DNAAF1,-0.2752481142784204,0.5061638277049432
SEMA3D,-0.19121518983250574,0.5062027314906761
FAM20A,0.12627036228176836,0.5065439247751296
TRPM7,-0.586085132323209,0.506739244513789
LGALS3,-0.6962904011513213,0.5067553689848677
MBD2,1.2968482797585787,0.5067860604857232
TFE3,0.7780241997766382,0.5067862116874349
FADS6,0.11607432519265003,0.5067862116874349
LIPE,-0.23590804690222628,0.5068670504300953
GPATCH4,-0.49769124425627176,0.5068779303694095
PFN2,-0.6228795746043909,0.5069971573757115
EXTL3,-2.034051233957918,0.5069980037642481
RGD1564124,-0.5478889360705715,0.5071367702461449
SCAND1,0.6667883792927194,0.507223740725331
SPATA21,0.13608176880534067,0.5073943329786448
PUM1,-1.0449100495693076,0.5074263556536714
TJP2,0.48230884832941867,0.5075344704596013
RPL12,-0.6531591331807585,0.5075344704596013
EHD3,-0.2555213093329562,0.507877766408117
C2CD2,-0.7256633509961107,0.5079470305608428
RANBP2,-0.8064335443371893,0.5088106763421508
EPC1,-0.6494346761698253,0.509226632872349
ZDHHC4,-1.4710225806591928,0.5093122058306503
MGST1,0.4323040040491508,0.5093402515600444
DUSP7,0.6489807544519042,0.5093402515600444
PPM1F,-2.117341444954665,0.5094673914483415
PABPN1L,0.133738690110965,0.5095635902141722
RNF185,-0.5696753747063865,0.5097580639015724
WDR33,-0.5397453268548249,0.5098447476295905
LRP10,-0.5338793984882662,0.5099123770623826
FASTKD1,-0.8973601561323628,0.5099130011263996
TRAF3IP1,-0.7596114984868517,0.5100101326387927
DUSP14,-0.6555841881730355,0.5101398727765536
MAP9,-0.3195769120619842,0.5101427944211709
RGD1311756,-1.016315930631665,0.5102231751449267
STAG2,-1.0094171097479916,0.5105071420563384
SPTAN1,-1.1189183393468296,0.5105071420563384
DPM2,0.4346149855278174,0.5109884824370872
TESK2,1.0839642064667583,0.5112031335083501
SCRN3,-1.082116102323021,0.511205986053222
TNFAIP1,-1.0321146906695313,0.511283041443616
MYCBP2,-0.5332846863102905,0.5115468500734746
NTF4,0.23861143524666573,0.5115586934222608
APAF1,0.7164519015011637,0.5115586934222608
LY6G6E,0.19025644081726828,0.5115586934222608
POU2F1,-0.5642414864228997,0.5118878111693046
KRTCAP3,0.18952774731935984,0.5119030206450769
HAGH,0.30751602232452147,0.5120502739809462
PNMA2,-0.2813910371027325,0.5120502739809462
MAPK8IP3,-0.7402710020623751,0.5120669845782696
ADCY6,0.6061494578373001,0.5121311881966522
CSNK2B,0.3587824851392183,0.5121649107079166
SSR4,0.37970146951558537,0.512428794980726
RPS15A,-0.6117187159832707,0.5126679719177561
FAM217A,0.11796494101028268,0.5127353742131973
WFS1,-0.878380337784568,0.5129604214391711
RGD1307235,-0.7594319050846574,0.5131518768386114
POMGNT2,-0.5910621271403138,0.5132191711948231
PARG,-1.0346644151091624,0.5132191711948231
CPEB4,-0.9689511160438662,0.513530365777487
KCND1,-0.18504303595541444,0.5135442512606999
SOX13,-0.2713865250972747,0.5135826630747433
SH2B1,-0.4421122446132242,0.5137158779005391
CEACAM16,0.1927461195531796,0.5138921401657888
TADA2B,1.0572128151546918,0.5141603332667061
AP3D1,-0.754603839578138,0.5142807135192456
ZFYVE26,-0.4768358488066533,0.5142807135192456
TUBA3B,0.12278150486064637,0.514359745102499
MDM2,-0.7701823947786783,0.5143702799215616
NME1,-0.4409939377203882,0.5143703813775504
ACOT7,-0.2828843614068566,0.5143983481840014
PER1,-0.6415749110377669,0.5143983481840014
SYT5,0.11460276804837373,0.5144393096322565
UFL1,-0.46257007419895135,0.5145966214501974
SCUBE3,0.12258433241133233,0.5146082998701242
CCDC33,0.12266304561256179,0.5146082998701242
SERTAD3,0.6162382880832276,0.5146540414293913
GJC2,0.497908688776184,0.5148481217933207
ZFP438,-0.4046867355863617,0.5148709452749737
MTA1,0.6725894271244992,0.5149498288494423
NPC1L1,0.25932152253854507,0.515009770184719
YIF1A,0.21797217940078895,0.515009770184719
RSRP1,0.4319063789471933,0.51501993129431
WDR55,-0.4125552916210373,0.5152549313736289
TMEM67,-0.4237404933281844,0.5158712310715869
CEBPG,0.4161692720892223,0.516151325712943
SYNPO2L,0.11748360919429536,0.5162876422036806
TMEM184A,0.1141806953525217,0.516324537465837
VPS11,-0.8481417463294254,0.5163916633686828
PPP4R3A,-0.7805690934334297,0.5165626813699745
CXADR,-0.9745118693195208,0.5167192400181788
CCL25,0.10515104934575967,0.5167531898175454
CREBBP,0.5522831088981492,0.516822591663947
LANCL3,0.15413079730277954,0.5168699054642437
NEFH,0.17646276538856648,0.5168699054642437
ARID1A,0.7208480799635462,0.5170252350958437
HAO1,0.12215279115067995,0.5174967454784876
KIF5C,0.12908627825705493,0.5175531042629606
GPR107,0.6485519532335773,0.5179872752368663
ATL1,-0.22271822019055226,0.5182409313257311
MFSD7,0.2864319107958473,0.5182686495093839
ADGRL1,-0.48804579106116097,0.5183667838971082
TSC22D4,-0.25290166717259943,0.5184852798210056
EZH1,-1.0192879242451376,0.518622989109219
ZFP513,0.6795451645067772,0.5187020434897183
PHF7,0.42315793273230384,0.5187600320059769
RPL23A,0.5906891819320723,0.5188706019562285
NMB,0.47032305318277867,0.5189553121320573
LOC56764,-0.1603143159597044,0.5190611552473883
ZFP592,-0.5144483563716897,0.5191642322741029
RT1-A1,-1.0232802278447801,0.5192190189854651
ANKRD65,0.15343959084416992,0.5199399574199495
CAPN3,-0.5079927828433044,0.5199904758228386
NPY1R,0.2917614175892394,0.5200073174474305
KCNH2,-0.16145727486198608,0.5200345097656828
ALDH3B1,-0.3565752731037608,0.5200593482658734
CTNND1,-1.1046109182231332,0.5203545296397104
PKN2,0.6850099844551649,0.5205958596116378
CAPN10,-0.6383825771043008,0.5208174022241573
OLR855,0.11670968460112274,0.5208426733669318
ZCCHC10,-0.4866222127101665,0.5210446613481922
ITFG2,-0.39735911679980496,0.521140359584753
LONP1,0.9612262017431181,0.5213602296419024
CETN3,0.49956230587196826,0.5215480440550447
TMCO1,-0.2450169217917928,0.5215480440550447
RAPGEF5,1.2542570664970407,0.5215687551703629
SLC43A2,-0.6268743272996189,0.5217489047654378
MEST,0.10402299052669828,0.5217542180707851
BCL2L14,-0.5620292987771331,0.5217953328348343
KCNJ5,-0.6412484573440325,0.5218154376773606
LXN,-0.6945448774652658,0.5218646053725067
NPEPPS,0.8284668367271486,0.521905159382755
BCAM,0.16986292304138922,0.5219328449199168
CCDC150,-0.09752544879743419,0.5221266733150148
USP36,-0.6716474198050897,0.5227263522322527
S100A9,0.5989179246233234,0.5229708420365204
ULK1,0.6693821017546617,0.5229708420365204
FYCO1,0.5997155657776716,0.5229708420365204
BAG4,-0.9252411546094303,0.5231278645786608
MRPL53,1.00566963620368,0.5231337963515063
HSPA4,-0.8037146031390376,0.523143840840464
ERCC6,-0.4654545158345387,0.5232647362637659
ATP6V0A4,0.1214342655682498,0.5233808987155604
GRM1,0.11447137500876337,0.5241066033530315
AKR1C14,0.1308114966955062,0.524248343964564
GTF2H5,0.5532769773552348,0.5242762118303993
KRT80,0.1032843837122382,0.5243778798731605
STON1,0.16027533559932505,0.5243953037406368
PDE7A,-0.6576547701035335,0.524415024385095
MGAT4B,-0.5093995666058184,0.5245227112620777
TWF1,1.1504659153526848,0.5245707373574037
LDHD,-0.8605837334713244,0.5246217834503407
LOC171573,0.2731997187379984,0.5247632335930875
FBXO2,0.2588574469835861,0.52490077312835
FAM65B,-0.4854806885423377,0.5250421561498186
RPS12,-0.7478350338824491,0.5252369190533374
EFCAB2,-0.20525774458347976,0.5252623832516127
SMIM11,-0.6925910395357815,0.5253445780687404
KPNA5,-0.9604593660158111,0.525352444945865
LAMTOR2,-0.9022594623982911,0.5255268318075945
LOC294154,0.44761932125299264,0.5258686712807003
YIPF6,-1.191385699243924,0.5258970833267624
KBTBD8,-0.6738544013612884,0.5262091335898152
PLEKHJ1,0.3439138762488225,0.5262928140646962
RUNX1,-0.46161608531391884,0.5265114150334305
VOM2R44,0.1365630729851068,0.5265226642205869
STMN3,0.26076078078400233,0.5267403726074008
PIGA,0.8898133893533062,0.5267537046137335
CRYGF,0.11400473973376903,0.5267775346732071
ARID5A,-0.8703746390616804,0.5267818039308615
INTS5,0.5908888132140908,0.5268017134156132
HIST1H2AIL1,0.892326835506656,0.5268017134156132
NCF2,-0.7431714956003908,0.5268292897017435
WDR83OS,0.5415851670602363,0.5269105350552766
MOB3B,-0.31079930908664277,0.5269925482674317
ABAT,0.08185484211350379,0.5270099452854875
TMEM242,0.3591743889589596,0.5270743768609277
INPP5E,-0.6490742340026685,0.5271205518892208
NDUFS4,-0.5742404196976896,0.5271726580553422
P2RY4,0.24403791214035747,0.5271726580553422
EIF2AK3,-0.8649069618802916,0.5273778531155571
TTBK1,0.09053464768182232,0.5273921773056687
LRP6,-0.7163805746723777,0.5273921773056687
JUND,0.8650480420915514,0.527594773952344
TNNC1,0.2109709584512028,0.5282754301664301
NUDT3,-1.084872899693834,0.5283697592816614
CTTN,-0.6353398479546071,0.5285494641760362
GOLGA7,-0.7770712636814556,0.5286669573742794
WDR47,-0.7111846428598412,0.5286703027454809
VWA5B2,0.1831762861212331,0.528761794103406
RPL11,-0.5512311356121122,0.5290026839033465
RPRML,0.14117595152851203,0.529330831580059
TMEM81,-0.2541930730849034,0.5294241369798145
MGAT3,0.13030607973286132,0.5295267459753171
ADCY10,-0.19844420723031975,0.5298265862130751
TMEM151B,0.1219613660474236,0.5301299624388383
EDF1,0.5232047035042093,0.5301566843134555
MAML3,-1.3359265375172296,0.5302807309430858
DRAP1,-0.6487772432353784,0.530619939325342
TEX10,-0.2881386407054616,0.5307456022414904
COG3,-0.8196359654108467,0.5307592241376307
DNMT3L,0.12175360660242275,0.5310019378815146
PDCL3,-0.3281683265134765,0.5310828329753282
PEX14,-0.3302571797431457,0.5311343615073496
ADSS,0.7722846228548814,0.5314237037806512
SLC25A37,1.3216216729620984,0.5314377702941661
MINOS1,-0.8735402730564372,0.5314527399353075
NPHS1,0.08703581652856127,0.5315608935612697
POLR2I,1.0147460630925438,0.5317539260548574
HK1,-0.7728440260202323,0.532008246188508
PHKG1,0.11297256790552003,0.5323531469013405
UBXN2A,0.5366068560144313,0.5325527173907513
GSDMA,0.11724903737944047,0.5327775690896277
RPL10A,-0.6780593141992659,0.5329546441500019
ARID3A,-1.0337903363106624,0.5332166089456866
GPLD1,-0.2076481268532535,0.5332166089456866
RAB5A,-0.7444998078917511,0.5336983983388848
RGD1304587,-0.5110008366401702,0.5336983983388848
HTR5B,-0.30816960974848684,0.5336989642518286
TSPAN1,0.23669945766080625,0.5339715164419019
TCF7L2,0.32659496194743753,0.5344069065873885
LYPLA1,-0.2855547038170787,0.5345841933649516
KLHL21,-0.7795622750485824,0.5346208045503116
IL9R,0.09687982065534627,0.534768721095864
ELOF1,0.36032204010923063,0.5347941803928463
USP24,0.23809028590312575,0.5350922603159033
RORB,0.12811334988143738,0.5351340616994823
APOL9A,0.41540020125554267,0.5351746778684201
PANK2,-0.5643692153000162,0.5353279763929741
RGD1311084,-0.5204465668026106,0.5355708671412658
SART1,-1.0043536014717143,0.5356118799487953
TMEM185B,-0.2851166526848976,0.535615513826469
CCDC28A,0.3593960871653996,0.535615513826469
ZMIZ2,0.619159766111181,0.535986104664255
BAZ1A,0.3667191965966352,0.5365610894262651
TMPRSS9,0.16248606747443345,0.5366304585879167
EXT1,-0.5848012123657612,0.5366714811847016
INTS2,-0.7570312245987482,0.5366984036827692
SIK1,0.6566509547146386,0.5367844967009128
TRIM2,-0.31443964932271107,0.5367937319934318
LRRFIP2,-0.36965073382933245,0.537055507865294
PVALB,0.19227580249608367,0.5370727253265019
DCAF15,-1.164082614225936,0.5373811153264334
LOC100912083,-1.0561767078220503,0.5373811153264334
RPL31,-0.8631498564336013,0.5377129660993567
LRRTM2,0.37304087113157636,0.5379323106468058
SLC30A4,-0.5843811121834173,0.5379445916681311
CXCL13,1.253320265667732,0.5379766195861935
RPS6KC1,-0.7022989113293292,0.5379766195861935
RGD1565784,0.45593554117592205,0.5381924414132175
MAGI1,-0.5233567551121969,0.5384836342579478
WHAMM,0.8930390242039885,0.5385050166714007
TTC1,-0.29778499873473585,0.538651206174632
EIF5A2,-0.49040279562148226,0.5386970339317425
ERCC8,-0.6782307742421425,0.5387610421430702
JADE3,-0.5630520304138662,0.5389283461772292
RGD1559493,0.11360169383819478,0.5390578653155707
RPL36AL,0.5922453125118423,0.5391048797578681
ADAMTS18,0.110685825712092,0.5392177123656293
SLC7A7,0.5302803215784859,0.5396531473175578
RPL13,-0.584068490904821,0.5398115482421443
LRRC34,0.1134898129714982,0.5399304006181471
TOX4,-0.905958572046305,0.5400626675701441
CSTB,0.5501583179516558,0.5400724193991459
MAP1LC3A,0.5281996823166262,0.5402056717670163
VWF,-0.14608520711712414,0.5403680207923426
CXCL12,0.1362916851286707,0.5406717234119778
COPG2,-0.8369745563228639,0.5413256196897188
STK40,1.197277980418641,0.5414351507087033
ZFP579,0.35812487428402395,0.5416667520298583
RPLP2,0.6450035083061572,0.5419156358163627
GLRA4,0.10001728017622973,0.5421683271826169
IGSF11,0.2408570642827471,0.542390370655499
TMEM41A,-0.4171157324963519,0.5424065823918401
TRIM45,-0.43321413433256484,0.5425727989293593
PTPRM,2.1186895620395734,0.5426311741870723
KRAS,-0.6875053253352261,0.5427900666664264
MAB21L3,0.1128781153133037,0.5430118335028227
IRX5,0.19607835901004694,0.5433158156471901
RGD1563888,0.7759639484515861,0.5433701423543933
HIST2H4,-1.007288525174543,0.5435213642098999
CPA2,0.4747965699020527,0.5435213642098999
ZFP13,-0.18395803407438205,0.5435213642098999
ARFGEF2,-1.1342062408095028,0.5435213642098999
CIZ1,-0.5043227005855777,0.5440708049717773
GPR63,-0.22004188025607335,0.5441384324039632
ZMYND12,0.30640660524512264,0.5442921868334484
NPR2,0.3530057548500252,0.5445794702490026
IRAK1BP1,0.649985515770571,0.5445912342296724
MAPKAPK5,-0.8151450671249845,0.5446179978530425
SPAG8,-0.39260321445487906,0.5447002567039417
CAMK2B,-0.08460968357052517,0.5447002567039417
RT1-O1,-1.067475794651908,0.5447002567039417
RPS18,0.4484044906767384,0.5447721665149843
BRK1,-0.4900798272561957,0.5447795402986619
U2AF1L4,-0.5563406919812421,0.5447823136485771
CHD1,-0.654109936077417,0.5448032465569163
MAP3K6,-0.7407898263821181,0.5451500954493587
LHX1,0.10973417405332483,0.545315787019233
ZFAND5,0.7335965813997483,0.5453672251490363
SUV420H1,0.8833922027114549,0.5462253316886084
SLC30A3,-0.35332138570119037,0.5463016017185397
CCDC59,-0.756660246708357,0.5464781290415838
ADORA2B,-0.5806982965761662,0.5465322114087267
CCNI,-1.020117799440151,0.5470270596594169
SRP9,-0.6227869807839124,0.5471800955186578
SOX4,-0.3866545663341271,0.5474666019331149
USP28,-0.7022536281919876,0.5475692316139232
MRPS10,-1.3913990743198457,0.5475692316139232
GRCC10,-1.023386375427311,0.5475826862264358
GRB2,-0.7821466562404034,0.548241296095249
KLRA5,-1.095441765150521,0.548627719547175
STAT4,0.10232913801498678,0.5489706965093659
ACSL1,1.038186733486635,0.5491589056824614
EML5,0.0869566730211413,0.5494647297079641
HSF2,-0.8434375657153033,0.5495626561782149
PTPDC1,-0.447676041756797,0.5496418593979322
UQCR11,0.5585118941731508,0.5497381207484555
UBA52,0.6683087805581476,0.5497718589709202
MT3,0.4907369270306391,0.5498879406461166
MAN1A2,-0.5336893800684817,0.5498960457462246
ANK3,-0.453747336152956,0.550013263581171
NAGK,-0.3185864677516932,0.5501855653586595
GPR83,0.12484820561076551,0.5505213453208633
ZKSCAN1,-0.91891402849189,0.5506521082741904
TTC14,-0.506321445394331,0.5507187811344666
KLHL12,-0.8090799314560679,0.5507187811344666
UQCRH,-0.7018057144375476,0.5507693218753718
ZBTB43,0.6260463054041929,0.5507693218753718
KLHL23,-0.17896849852236368,0.5507809231601073
SELP,0.11577970775851584,0.5511568693292853
RGD1305350,-1.0688291732967254,0.5513264539695206
TBC1D2B,-0.5031437833591232,0.5514753787554754
MPHOSPH6,-0.3277470207772364,0.5515437362615097
NMU,0.8171849284869307,0.5517929959439486
PIK3AP1,-1.5403112051780536,0.5517929959439486
CLCN2,-0.49702068879342115,0.5518715912269659
UTRN,-0.4518439694072934,0.5519973254083396
WAC,-1.012608967626368,0.5519992581753511
RPL41,-0.9056650592583253,0.5520751606730355
CAR5B,-1.7615095767006421,0.5525828245749919
HSD17B10,-0.6872432512900195,0.5526250287175453
KDM5B,0.7570790900975157,0.552734644867611
TBCE,0.5519041755477554,0.552734644867611
NKD2,-0.4564654078356872,0.5528197241413562
MAP7D3,0.15785029571097206,0.5528373579271946
NUMBL,-0.22252262680466503,0.5530616399691021
CNKSR3,-0.8629320137611383,0.5532453569094608
UBXN1,0.251282086646861,0.5532659704958712
MIOS,-0.8199375630756076,0.5533251153783127
CECR2,0.11099140203004657,0.5539465503475522
GPRASP1,-0.6194718313028234,0.5540329416177421
ETV6,-0.47867894616564044,0.554252094665019
NOVA1,-0.27057919719648504,0.5543767156637349
NFIA,-0.9304936481650425,0.5544287311711493
SAFB2,-0.506559272746995,0.5544698319404142
MRPL43,1.656047641064828,0.5546674087930198
RGD1566239,0.5091595793690051,0.554694095731554
SLC25A18,0.16056811475979854,0.5547340673889887
CLTC,-1.2152183664378429,0.5549412918377934
MPPED2,0.292278426853856,0.5550135879040903
SF3B6,-0.4642604840241358,0.5553600516288044
IRS2,0.5713886223551212,0.5555819354715092
CDK8,-0.8841512251849706,0.5556706554564619
PPP1R18,-0.24464715263027426,0.5557669540163415
EDAR,0.14498610008114102,0.5558561819234196
RALBP1,-0.6202196364574384,0.555900843963626
KCNH4,0.25206646588327697,0.5559308829422376
TMEM107,0.40307191774312323,0.5559308829422376
PPP1CC,-1.6911463347615863,0.5559823442891784
ATP6V0E1,0.39623724486764367,0.5560016751340929
RAB11A,0.33615987998503893,0.5563443816380867
ATF3,1.2132216529421864,0.5564377712341372
SPATA25,-0.1443031220501222,0.5564446276558935
CARF,-0.5523448868972776,0.5570090353975299
NR3C1,-0.40951174590631867,0.5574349472026542
CDK14,1.1714699500351968,0.5574349472026542
CWH43,-0.18259355558491422,0.5574609868880536
OPHN1,-1.3848295222598566,0.5575012210670401
SLC51A,0.11446044725957519,0.5575309354613799
EMILIN3,0.146827633154907,0.5576748912001839
LY49I2,0.45375974063255553,0.5579647015406144
RAB5B,-0.45043397142651553,0.5580816629697352
ANAPC11,-0.7685154469614641,0.5588070672152621
TXNDC2,0.11418642687919169,0.5588340764692411
KLHDC1,0.8069400152914274,0.5590207546122671
RNF38,1.171330155545553,0.5595302633753684
ANKS3,-0.8165921637137781,0.5595344913740152
MLX,-0.4066121753335681,0.5598865921735211
FAM111A,-2.5239867125315905,0.5600082934971802
UBE2D1,-0.8284436593006768,0.5602343418463019
FAT3,-0.49127402045670976,0.5603834799824502
EBNA1BP2,-0.4366339247064044,0.5610073991530576
SLFN13,-0.5829194532135,0.5610073991530576
NDUFB2,-0.8609080951624977,0.561604998435781
COX4I1,-0.6210413241246329,0.561604998435781
SNX9,-0.6500334770406848,0.5617728080988558
ZC3H11A,-0.9110324269199959,0.5619625584761532
CACNA1D,0.16866912217814445,0.5623115051020217
CNOT4,0.49581884003718457,0.5623155298848924
RPS24,-0.7781261256836771,0.5633077003259755
KDM3A,0.7825931789704463,0.5633077003259755
ESCO1,-0.5948775753198197,0.563347977651241
YAP1,0.09567534377585796,0.563347977651241
EXOG,-0.7144242025773399,0.563347977651241
KLF12,-0.39999894482378495,0.563347977651241
PITPNA,0.8555727055652991,0.563347977651241
LOC290595,1.1640902699040978,0.563347977651241
ICAM4,0.2807651512337433,0.5633520462437805
CHURC1,0.5854261198221193,0.5634375122702241
RPL13A,-0.3686767073721242,0.5635056524892987
FRMD6,0.9923664671885923,0.5635297365738524
ZDHHC5,-1.0413926348784992,0.5635800893681729
RNF2,-0.5750150735987014,0.5636208633083881
NT5E,-0.7734715111072785,0.5636236265865571
FAM129B,-0.6759492753460323,0.5636236265865571
RPIA,-2.0059924856060474,0.5637959476064207
RBM8A,-0.5921681362257623,0.5642189956656503
ZFP37,-0.2517186837109353,0.5644194021417889
YIPF7,0.12221751083346591,0.5648524586093664
EPHB6,0.10913479256472122,0.565266754848366
DENND6A,-1.2555469527597825,0.5655174910802776
IGFBP6,0.21485186640280474,0.5655174910802776
TERF2,-0.46235462822072937,0.5655537407304995
CDKL2,0.6471310294279264,0.5656004613373362
PRICKLE2,-1.0555825974494935,0.5659652552337346
ROM1,0.3454132284877355,0.5666984921052443
XDH,-0.14640457928032197,0.5667336142325722
KITLG,0.7573739023294721,0.5667386349709009
FUT1,0.13659165240841076,0.5668764778581719
MARCH8,0.70354736090784,0.5669689645473714
SPP1,-3.703884202155587,0.567028277661623
PMP2,0.12334809314548313,0.5670933904833952
ZC3HAV1,1.1687790734292491,0.5672088070741352
RGD1563365,0.41122905073920357,0.5673466769213433
SSNA1,0.32433977090064836,0.5674726298046037
IST1,0.5072465806807216,0.5675825544537949
ZCCHC2,0.4076933332686776,0.5677862188779107
FFAR4,0.1409055811915707,0.5679364759677845
RGD1306502,-0.5917707910202619,0.5682473722060335
SLC36A3,-0.14754758223260528,0.5684621059013308
GSAP,1.0463850349470505,0.5689210701123066
ZFP35,0.6106204557733692,0.5689403597234172
TRIM43A,0.12256326198739881,0.5689403597234172
RPS25,0.45273070737772336,0.5691258482839382
BMPR2,-1.0468502535494753,0.5691420464983485
ATP5E,-0.9147372892931536,0.5693529541849853
SFMBT2,0.8465067729675813,0.5695519080117657
MBD3,-1.1514818845966959,0.5696348264833224
SETDB1,-2.5495296458321075,0.5698480818169147
FBXL19,0.3507611734414531,0.5698933108883711
LEKR1,0.2558142585225234,0.570578672319116
MCC,0.2559603860903708,0.5706949984029658
NEDD9,-0.6742215440989379,0.5708106003063751
RND3,-0.89892172125439,0.5708669732438217
RN18S,-8.834155673338293,0.5710030412709248
LOC310926,-6.550811820499607,0.5713118961935676
TMED5,-0.6080624277890196,0.5713340015142062
B3GNT2,0.21672013043677119,0.5714828679960757
MKRN2,-2.3265789525161416,0.5717019981584928
OSTF1,0.2330264087459888,0.5717584173336091
EMC7,-0.355090279540633,0.57184193162484
PSMC3IP,-2.780494725683287,0.5722823259581808
FNDC3B,-0.9813119689310263,0.5722823259581808
TOMM7,0.5680366866297213,0.5723170942829248
LGALS1,2.4097651311145096,0.572507700957442
TTC30A1,-0.11464565606256691,0.5725215983178261
RN28S,-6.146352783391603,0.5725215983178261
KIFAP3,-0.665171292050049,0.5725329805222041
ABCA7,0.9470515206569994,0.5727744516144645
CXCR3,-0.1907813573364304,0.5728335667736743
RPS14,-0.6011339446001953,0.5729278938389557
CIDEC,0.11201975413758426,0.5732439115206699
UQCRQ,-0.7554232586385679,0.5740232828930832
C4A,0.2021419706262373,0.5743896545595961
KLHDC9,-0.7138414390971166,0.5744757443398456
VCPIP1,-1.043841444738025,0.5747671850555194
SLC10A6,0.6690499591636906,0.5748665500617907
PPM1B,-0.9303627258991347,0.5751641155609866
MRPL1,-0.4743374657891706,0.5753009620314528
TXNRD2,-2.417555771147851,0.5754294288814148
AKT3,-0.6694841044414248,0.5754370218832042
HNRNPU,-2.019685598201976,0.5754370218832042
HIST1H2BD,0.7468855499642292,0.5754370218832042
COX5A,-0.595113031235222,0.57550424526099
BCL2L1,0.6694763032468432,0.5755847661732651
ZFR,0.4212741512152389,0.5755933689163478
AK6,0.18740722138485122,0.5758825025949684
ADAM1A,-0.38965166009300345,0.5758825025949684
SIAH2,0.7150018151213908,0.576038195900604
SYTL3,-0.15241677278643234,0.5762080156000297
LOC361646,-0.7381907915199128,0.5763102670231847
PTCD1,-1.8332153396316992,0.5764507571957023
NUAK1,-0.31647214413317526,0.5764507571957023
TIGD3,-0.5547915662733396,0.5764507571957023
EPHB3,-0.36636664474909597,0.5764507571957023
TJP3,-1.149012451422991,0.5766351052375039
MREG,1.4059237997536151,0.5767228599873944
ZEB1,0.41579755389003314,0.5767228599873944
MRVI1,0.12005597855369035,0.5775657634320532
RPLP0,-0.33940707949351356,0.577569140261469
LOC500077,-1.4229045768336415,0.5778147011055863
MYO1E,-1.2933379550569941,0.5778467459573228
HS3ST5,-0.07834398917083313,0.5784313418019799
LSM10,-0.5506438904180713,0.5784805587648536
ABLIM3,0.13820240576791093,0.578599142905801
PLSCR4,-0.5129095168224642,0.5787866345018757
RGD1310507,0.40064679018877525,0.5789739468557465
SEPT5,-0.25426876996618253,0.5792019396787144
MILR1,-2.304605902055129,0.5793510682560326
WDR63,0.09251110291620525,0.5793838428958575
RPL8,-0.5319976799886357,0.5799365385440788
B4GALT3,-0.3795644889455776,0.5799739843369239
BACE1,-0.4546180792245036,0.5799739843369239
MOSPD3,-0.625285313345223,0.5800392573693733
RPL18,-0.4759688536643072,0.5800392573693733
EID1,1.099984531789115,0.5800392573693733
ARHGAP26,0.9825913695670039,0.5800817256079739
CEP104,-0.6925017374103395,0.5802182276300952
RPS9,-0.770060858467355,0.5802248665215164
FHL2,-1.0772070812407515,0.5802297568956767
TOP3B,-0.8061862120081855,0.5807200242591296
VASN,0.09940935158073672,0.5809848297167177
FBXL13,0.08245149222420096,0.5810620472171827
SSBP1,-0.6212979295778522,0.5811267494532133
CHRM1,0.12026752629991015,0.5812528078467808
RGD1309808,0.17582589778293806,0.5812830751107646
HAS1,0.1059719501488653,0.5815988844291659
FLVCR2,-0.5379465424914579,0.581721178453005
NDUFA6,-0.8232489246680874,0.5819995994694168
RPS11,-0.7631881114931502,0.5819995994694168
SEC24C,-0.39322710925424964,0.5821469214823568
CEBPA,-1.502000737373682,0.5821778176220622
JMJD4,0.36392992038406735,0.582315275525748
ATPIF1,0.606186184816881,0.5826311132359647
CC2D1A,-0.7314943698133698,0.58311444704493
COX7C,0.64215507965723,0.5831572336481118
CNNM4,0.6526816657482553,0.5833530947524236
POLR3E,-0.8750975880647593,0.5833798784566152
ABCB10,-0.5341391178650241,0.5837323264098485
EFHC1,0.1260603120890582,0.5838759239846878
IGF2BP1,0.10553514210460943,0.5842434889245827
GALNT16,0.11829061315796449,0.5844522297741407
ZWINT,0.5430470734227351,0.5845425173010029
RT1-CE11,-3.406044829965346,0.5845997182906206
FKTN,-0.7780813708629981,0.5845997182906206
LSM8,-0.7041652805930063,0.584600754859244
KCNAB3,0.10548673380993018,0.584600754859244
CRABP1,0.35651401540540195,0.5850329423432589
ARHGEF19,0.12916509316299113,0.5851737239945584
SUB1,-0.46638372856984134,0.585245193691346
RGD1563159,0.2748452927841456,0.5852878790320969
TMEM30C,0.11782135606061712,0.5863155812409863
BCL2L11,-0.5675526376939832,0.5863300186389514
HECW2,-0.35367297619919247,0.5864317394468299
INADL,-0.9662101280280804,0.5866079022528464
BIRC2,-0.6692722818523924,0.5868501087970195
HMGN5,0.6183878454949365,0.5868501087970195
HBS1L,-0.6026921300670756,0.5868501087970195
PP2D1,0.5810654052421973,0.5869041041445388
VPRBP,-0.8379670739539746,0.5870635323933165
CFL1,0.45463229199989463,0.5871414485176234
PDCD11,-0.7787359914698437,0.5871617164722687
LDLRAP1,-0.7174223274699231,0.5877634546141155
PSMB1,-0.33197949127856763,0.5877798054041824
ROPN1L,0.3865487225018431,0.5879426812998668
OPTN,1.090196319695235,0.5879947304111215
SP1,0.5978948846356955,0.588014643453696
NRN1,-0.5392469297468167,0.5881383678020341
SLC25A17,0.24120750096031252,0.5881383678020341
MCTP2,-0.49451508322012483,0.5881874189955617
RGD1563986,-0.7762598667237306,0.5885534540755858
CYBRD1,-0.5122005465256101,0.5887709117707371
PERM1,0.11186289028946778,0.5888512067710404
LOC100365289,0.22189790182333358,0.5888574008883611
SPOCK2,0.11248343414093119,0.5889488926880283
IGSF9,-0.14810044969438493,0.5890753266504472
BDH2,-0.41982346500126866,0.5896074603148803
ZFP445,-0.506278637422378,0.589807978168554
CHSY1,0.8149146743013524,0.5899389230531944
RRNAD1,-1.6042156486614212,0.5899442633601005
KLF13,0.7199446446458202,0.5900268110071197
RASGRP2,-0.33255159543106294,0.5900268110071197
SLC25A44,0.5575537585077761,0.5900277761497325
SRSF9,-1.1463599074760076,0.5900277761497325
WLS,0.9412530422246688,0.5902919054131816
TRIM23,-0.653657745719151,0.5903203168072068
SSMEM1,0.29706714789499017,0.5912631542779946
SSBP3,-1.124434904152388,0.5915564575378183
STX1B,0.10878457006159858,0.5917972270855293
TUSC5,0.10878457006159858,0.5917972270855293
SDSL,0.40812529878311277,0.5918628937056535
LOC291863,0.0739755288268718,0.591942110060872
CCDC116,0.22952632122680794,0.592031583958476
RTBDN,0.1034611144660053,0.5921249029601249
LIPC,0.1817526860063512,0.5921482591423483
ARHGAP12,1.446365377035745,0.5922047969277008
SP4,-0.5166957916845938,0.5923036937438383
HIST1H4M,-1.2914190125562999,0.5924237046908486
MAPK8,-0.7361051306910396,0.5924539936963271
RGD1304567,-0.4087447722426498,0.592846679603099
NXPE1,0.20729982025014548,0.5930558644820796
UBE2S,-1.4854374134570878,0.5930558644820796
BAIAP2L1,0.3821755018370059,0.593080389998996
PPP1R12B,-0.24813619849193141,0.5932006188607835
SYNGR2,-0.4356573319498729,0.5932176237647213
MRC2,-0.3580174746282502,0.5933262404509603
IL17RE,0.1165213950573856,0.5934287303309186
KCNIP1,0.13462220950550502,0.5934510750232255
DDAH2,-1.0617863742514861,0.593575571081766
TSC22D1,0.5221377710418191,0.5935799233197174
REV1,-0.6860658851170043,0.5940284319618547
MOB1B,-1.440963660398459,0.5942403729510409
HINT2,-0.83818107669586,0.5945851203065223
ZFP316,-0.4770906111235991,0.595070856034421
ABCG3L3,-1.1597188036735089,0.5953488067122026
UVRAG,-0.8473254208347634,0.5953730482421219
FBXO30,1.0347312929056676,0.5956742291818067
SNX14,-0.8662008165925155,0.5956917493927927
ATG14,0.6751132500605399,0.5956924093273592
CELSR3,0.07596741921842703,0.5957148403059516
LOC690120,-0.443343449289721,0.595909458764653
ABCB11,-0.16217262238383548,0.5960916142945791
BRPF3,0.2683612602692478,0.5964190418046132
CHST1,0.6931707285796329,0.596549689170609
SH3KBP1,-0.36030746562968474,0.5965824261313875
SLC6A13,0.3712238414235658,0.5972183917606327
PTPRH,0.10795388980282015,0.5973633206196226
SPAG4,0.13898476329959855,0.5977738437285539
CPLX3,0.10669305878715027,0.5980534400483151
RWDD2A,0.29449451844101737,0.5980534400483151
FLT3,0.1261275224004082,0.598178762879827
CHST15,-0.27140174467963823,0.5983691649349742
TRIM6,-0.1351180331782348,0.5984448036594178
MYEOV2,0.6986439852360862,0.5984985295504529
EIF3K,-0.7686000365503833,0.5986618902094507
BANF1,-0.6668693015550531,0.5988910268013571
COX6C,-0.8093456682436297,0.5989267309688765
LRRFIP1,0.3911792191632246,0.5989267309688765
RNF7,-0.4963524204336558,0.5989267309688765
RGD1305089,-0.5953836932517731,0.599226042779081
CST6,0.1277125026458628,0.5996396671795855
KREMEN1,-0.7714336671547194,0.6001073193108578
SPIN2A,0.11923295153378703,0.600291013905136
ZFP39,-0.3345689022008267,0.6003172459928668
PSMD5,-0.5499167964732532,0.6003172459928668
SLAMF6,-1.1241142554322363,0.6005047081996173
SYAP1,0.6680370203315746,0.6006825521363522
RXRB,-0.7333845719827441,0.6008538713626443
DNM3,0.11441368598250713,0.6010013305504093
GABRR2,0.3138340369190171,0.6013044437043962
CMAS,-1.0946075098857406,0.6013044437043962
PCYT1A,-0.7037610052564625,0.6014632304877943
CALD1,0.21133421721334722,0.6016370381286866
MITF,0.6094291164269254,0.6016370381286866
RNF208,-0.44367741666733734,0.6018969325431547
ART3,0.13236547318590286,0.602006655199788
CD300LE,-1.000947024653525,0.602107906048966
VANGL2,-0.15433156883752558,0.6022091151246828
AEN,-0.6090674031190115,0.6022091151246828
PROM2,0.1392291253220912,0.6022667370100327
PDE8A,1.0467587433717185,0.6029091968406376
TRMT10A,0.5052892708161778,0.6029930863296934
A3GALT2,0.9868041062157307,0.6030328473459783
GNAT2,0.18110616134990798,0.6031379237181872
RELA,0.414745259996149,0.603385353891984
PROX2,0.8090686545110464,0.6033919318290829
RGD1562987,0.2602732913100878,0.6034175697184372
GNAT1,0.10252913959133107,0.6034217486608369
SLC6A4,0.11491521154320665,0.6035104750591063
ZFP978,0.4744667325924088,0.603723422786633
CARM1,1.9867764020796135,0.604202459320099
PARD6G,-0.31399155084972313,0.6045475843490968
CYP21A1,0.07242099748573162,0.6045826861294814
MGEA5,-1.0016028596506312,0.6046692989104455
CDK17,-0.6813501210175641,0.6047277607807381
MGST2,-0.6965822265283503,0.6047378879905497
ATF6,1.1657176062301389,0.6047419420786563
PXYLP1,0.1761185944552685,0.6051199353512077
KCNJ14,-0.2887960353417628,0.605502088162158
PRPF38A,-0.26523414235646037,0.605502088162158
PCDHGB8,0.13165269550559358,0.6057860329405574
IP6K2,0.813269939640394,0.6058073177639488
LRRC27,0.2269739726043275,0.6058074755059283
RLIM,0.6007318800288521,0.6059818873843059
CKAP4,-1.9237674365108641,0.6063285971201168
TNKS2,-0.7797197926696127,0.6069303321891233
RPL18A,0.4757874863467908,0.607077884744877
TYROBP,-0.7241209796089958,0.6071331306224153
CFTR,0.10003774023354285,0.6078603019670491
SLC28A2,1.241512008726029,0.6078603019670491
PRPH,0.5187443670635292,0.6078603019670491
RGD1311899,0.3311463312604639,0.6082017140738178
GPD1,-0.7710374490735796,0.6082374184016125
PADI3,0.10110745080970741,0.6084770452897138
APEX2L1,0.10101302526735019,0.608757964815074
CX3CL1,0.1425561984016811,0.6090562854400903
RPS13,-0.9145447109171059,0.6093079820373046
FRS2,-0.666304058327674,0.6098292927244695
HSD11B1,-0.5140786898509696,0.6098868531200705
ZFP951,-0.3809380315813224,0.6098868531200705
SEC63,-0.6665531175784676,0.6107549967715729
MED1,-0.711782967987447,0.6108278527131119
PRRG2,-0.6072130870012578,0.6112579541249928
IL27RA,0.20908474096412843,0.6117159848482151
RBPMS,1.290207306559092,0.6118690938653485
TMEM248,-0.5774341108208825,0.6118921232448548
RPL17,-0.4900004347738962,0.6119931666231206
SLC23A1,0.07832960222320652,0.612144016738258
SH2D4B,0.17175005855963882,0.612154428290622
ARHGAP5,0.6736534607463724,0.612164532684432
LOC288978,-0.5435869026758627,0.6122063904353614
BFSP2,-0.5041153271769986,0.6125111393707428
HR,0.1730512698265659,0.6125160642646897
RELL2,-0.949376898500461,0.6125689934422112
TMA16,0.34101731955724635,0.6126652018182357
CLDN7,-0.8121748106198832,0.6130089179441589
MAP7,-0.15248148542672946,0.6131182226820354
RPL37A,-1.310379485864999,0.6131840964623099
RECK,-0.4365592497807196,0.6132984162196959
RGD1565367,0.15743292168997597,0.6135800783458379
RGD1560455,0.9801451610970955,0.613724806308108
ACTL7B,0.1038997910477837,0.6138856440967257
CUL5,-0.5944580680716669,0.6138856440967257
NEBL,0.10020181401528021,0.6138930172320812
ATP6V0C,0.2991185095729456,0.6143314369573913
AGRP,0.8380250450506743,0.6144448922241122
CLIP3,0.09879291762828729,0.615075331486792
PABPC1,-0.33041656652086715,0.6150791620614768
PCDHA5,0.08641394323700262,0.615103071256219
MCAM,0.11473561476678935,0.615307339756624
TDRD5,0.08625739888935732,0.615487297978154
TRAPPC5,-0.38977580045705196,0.6154912297998376
RGD1307461,-0.2337204511638918,0.6156976217918725
HMOX2-PS1,0.10064790882919106,0.6157764566879362
DCUN1D1,-0.5272472293634514,0.6162455026238128
SLC39A4,-0.4206402876688753,0.6164803815488913
AIMP1,-0.4429190552935447,0.616651951282754
RFX1,0.28546792448845393,0.616675364333177
WIZ,-0.5937235778973053,0.6168345744721513
LOC100363193,0.08605326781014154,0.6169074532776228
ARMC7,0.6360727496032266,0.6170400225404591
CRCP,0.5924459896693381,0.6170400225404591
HAPLN4,0.13829877240607202,0.6178795265851392
ZFHX2,-0.15611676524935045,0.6179741866065673
TMF1,0.9545306590890954,0.6182998834539245
RPL23,-0.7150868132876589,0.6182998834539245
NAGLT1,-0.11868251732160222,0.6184920712419676
CDC42EP1,-0.10712461236426342,0.6184920712419676
CDC42,0.1422401571648777,0.6188291931330765
TIMM8A2,0.3391497004245526,0.6188291931330765
PATL1,-0.5189141254693617,0.6189485796506706
LIN7C,-0.9809379003035459,0.6194538930500038
G0S2,0.3707169270844917,0.6195527582389251
TFB2M,-0.5426148953468495,0.6196987460597696
FAM175A,-0.4373155060650391,0.6196996144901908
MAGEB4,0.09928200622709003,0.6200384305504915
IL18R1,-0.30671144889080054,0.6200581057963589
NTSR2,0.1287141367070043,0.6205293326916349
SLC46A2,0.14140156614810995,0.6207093014868503
TMEM246,0.10398406232375094,0.6209004612671049
GPRC5B,-0.1017046557540064,0.6214418668516613
FYTTD1,-0.767141187486041,0.62156932581829
CSF2RA,0.3536220566095336,0.6216937642964684
TBC1D10C,-0.3853833754366067,0.6218129224237449
NUS1,0.6258003474120142,0.6220563519081115
ERF,0.7716964737852994,0.6220563519081115
SERT1,-0.45362757384205615,0.6220823516779277
PDP1,0.3623559505607088,0.6224325479522519
ZBED5,0.3168161786361017,0.6230783221506915
RPL34,-0.778834007999099,0.6230895955076025
ATP7A,1.2515653068584163,0.623236921682337
SLC16A14,-0.24940988640811484,0.623437873270921
EPAS1,0.11155686526128103,0.6234796671717414
NRTN,-1.0795798094790574,0.6239061151504236
MRGPRF,-0.24388454959453337,0.6239230299701508
RPL15,-0.5559955679210615,0.624274683062698
MAPK7,0.5034618971188229,0.624274683062698
SH3YL1,0.41804484551951115,0.6242836872734481
RT1-DB1,-0.3370855643010435,0.6244735334554858
PIBF1,-0.8646375056698201,0.6245243581125033
ZFP772,-0.6971858218940492,0.6245363326412029
APLP1,-0.8527511402060499,0.6249098025928834
NAA11,0.5620833263254443,0.6251616025011875
PLEKHH2,-0.3242218663956669,0.6255850006729016
FARP1,-0.38717788034363626,0.625688192873168
MIF4GD,-0.38874221495010675,0.626056058691522
KBTBD6,-0.24413221574518326,0.6260954073361076
FBXO36,-0.1991687172219131,0.626146239316755
LRRC46,-0.2624171936626839,0.626146239316755
MMP28,0.18982992175895125,0.6262453033250336
LOC691909,-0.26087249495512116,0.6264761048510304
BAMBI,1.7734777538402198,0.6265774142719561
COX5B,-0.7752991662379562,0.6266048859611187
NQO1,0.5936306994459288,0.6266227333888101
NR1I2,0.0764354107102559,0.6271918156179199
MRPS23,-0.5827095394813435,0.6273610686762877
TCEB2,0.6482618082152651,0.6278716751058151
SLC44A4,0.09879210930278767,0.6279764790671476
CDH15,-0.14078582652615185,0.6280078479075761
GDF15,0.825182667902475,0.6280672561877481
HSF2BP,-0.22446989958780914,0.6285806520242258
TBC1D17,-0.34912424024512445,0.6287548869915092
CEACAM1,-0.3359466209127778,0.6287615736227563
RNASEK,-0.7478390331538751,0.6290825858069818
RABGAP1L,-0.6039431253991374,0.6297908610756641
RPL39L,1.2760366042230757,0.6301816419543905
PSME4,-0.7088216628748953,0.6301873524254236
DGKI,-0.3386004908259962,0.6304186991078691
DBIL5,-0.3291284273085088,0.6306605434261283
VSTM2B,0.06951960157622714,0.6309810349783087
SCYL2,-0.8792463335546081,0.6315798589213132
MICALCL,0.1650870706045396,0.6322632827077179
CYP2D4,-0.6767833296286472,0.6325280063355986
ASGR2,0.1938474583136332,0.6329486717957057
FAM149B1,0.6811419503361502,0.6332007088455928
PARD3B,0.1020384623921324,0.6332621414585614
RGD1562618,0.3048661420508278,0.6335353435570334
FAM71A,0.0962513263396261,0.6336341181331581
REXO2,-0.4205887873383194,0.633875272610989
SLX4IP,-0.7526154379170108,0.6341153024599074
ANKRD49,-0.4211748254746288,0.6341772122235607
CINP,-0.635529651025323,0.6344215060009354
GOLGA7B,-0.6629086964148707,0.6344316351454763
SGCA,0.08348516511570554,0.6344469064835917
FAM120B,0.24411767918211602,0.6345948855388421
SMARCAD1,-0.8055428231099722,0.6346451207038657
CAST,-0.33607903025649133,0.6348658665597073
ISCA2,0.3546205597251122,0.635016785534016
GGT1,0.11067072715305806,0.6352950688427536
SLC25A45,-1.8201005668811554,0.6353446093583266
KERA,0.1048998048755341,0.6353446093583266
LOC689226,-0.4620824689539269,0.6354170787541407
SLC38A8,-0.2260475769616191,0.6355183325294809
LPP,1.437929938340218,0.6356826213980976
ACBD7,-0.4673703968384849,0.6358778560408658
RCN1,-0.6628689289051224,0.6368046404168202
CDHR1,0.12643329861865615,0.6368050950191837
DOK7,0.12324664178120309,0.6370797482751426
LOC317456,-1.2739362592973447,0.6370797482751426
HIST1H1A,-0.6881228440651077,0.6376282562215785
RNASE13,0.21089413778166016,0.6376760034633498
MFAP3L,-0.6943642904544385,0.6377717224903302
DDX28,-0.4718618098732623,0.6379798643939664
STK11,-0.6791494483917613,0.6380932540092935
RPL28,-0.7407422643704278,0.6383011264330829
REPIN1,0.9140947391900272,0.6383011264330829
SIN3A,-0.6511710285173946,0.6385544918744823
WDR81,-0.5927030504642894,0.6385813271895961
RFX7,0.35382930724410544,0.6385813271895961
MORN4,-0.7812412718661851,0.6389501193290276
SLC4A11,-0.2940843883857539,0.6390834281507717
FHL4,-0.6526793126893803,0.6390834281507717
IDI1,-0.42895257719447555,0.6391192886501185
SPATA6L,0.1248850055655763,0.6393956140505976
TNFRSF25,0.09650597041397405,0.6395062161224676
UBN1,-0.7078348439599309,0.6408138061329832
AKTIP,-0.43854772118035834,0.6409826013894401
FGG,0.10920688664515286,0.6415239383918404
UNC5D,0.10924126047634818,0.6415239383918404
OTULIN,-1.1388323023026334,0.641649635561717
PDK4,-0.4839081556774314,0.6417466053792058
GTDC1,0.787494393264198,0.6417466202731819
LOC100910802,-0.6024595395641059,0.6417958232475275
AVPR2,0.233312277051073,0.6418866216297612
MTUS2,0.10865933618668416,0.6427059014855264
RPL22L1,-0.632646162874897,0.6427059014855264
MARC1,0.24519408576691523,0.6427059014855264
PRAGMIN,-0.7038525004154925,0.6429728462609993
ADD1,-0.5353933269392837,0.6432974385742198
PRIMA1,0.0821184452473762,0.6440626788569476
SCRN1,-0.16342559361233605,0.6440944554578701
ZCRB1,0.30363539534037454,0.6442185173614982
RAP2A,-1.35320048791407,0.6444152529556433
SFT2D1,-0.13039782115286247,0.6445665535241417
BDNF,0.10358263787057091,0.6450305704039277
P2RX4,-0.9487788745786752,0.645382646396463
RIMS3,-0.5986491925709887,0.6454192551458809
NUDT17,0.15253605027021977,0.6458625671078202
LAG3,0.5451895052646789,0.6460693747152975
AIP,0.22659124365713001,0.6466343845317937
RGD1562963,0.22281396370220508,0.6467191887115096
HYAL1,0.34091767560946373,0.6468988885355641
ALPL,0.07411765139629578,0.6469111173392624
UNC79,-0.11498655362133169,0.6475479511374375
PHF5A,-0.4351463472444852,0.6478066517309262
UQCRB,-0.7180600487685211,0.6479034602630492
ADAMTS1,-0.43572544988292394,0.64804503137633
NEK1,-0.6525360411574468,0.6481597416949093
B3GNT6,0.12345139832973327,0.6488004782886686
REEP6,0.20809887633617027,0.6488063454385369
ACVR1,-1.0845950076634985,0.6488769016740277
EBF3,0.07380433271713678,0.6495263309437794
METTL6,0.598699148214612,0.6499110186679504
IL36B,-0.6303835569603051,0.650112677727843
GPATCH11,-0.43415600134147425,0.6501351083240566
PSMB3,-0.3745094051827538,0.6504193565011704
HSBP1,0.7615664444817813,0.6507481721064708
LOC497938,0.12308145212010338,0.6509285714397903
RGN,0.12300766345878805,0.6510282014784369
ITPR3,0.11610150556814039,0.6510425399847505
POGK,1.1079209479785073,0.6514874691261456
DYNLRB1,0.4379497337399485,0.6516973729633706
SETD8,1.1007281935220496,0.6518695140115378
ATMIN,-0.5345094882022929,0.651921756303546
SEC61G,0.6658433857676869,0.6519500792000972
SLC26A4,0.10703432438912505,0.6519687738461918
TSPAN17,0.7457082613935468,0.6522433890972152
DSCAM,-0.1281293973524077,0.6522559786672589
PTBP3,-0.961586394006603,0.6522833970356069
RGD1311946,-1.1521544357462994,0.6523911595403523
LSM1,0.2575668148571255,0.6524478133366166
TRPV4,-0.20934902367669161,0.6524478133366166
LRTOMT,0.16790004033006486,0.6525614150495169
BMPR1A,-0.5581368153647989,0.6530527545360532
LOC684871,-0.2587670466611198,0.6532118679417278
FAM25A,0.6471273508280377,0.6532341247077462
SLC20A1,1.003427071659245,0.6533126201690412
PRRG1,-1.2211018798163003,0.6537022240521023
GNPDA2,-0.5155636213152706,0.6538305648337696
PMEPA1,-1.4937806971881549,0.6541317593104206
RPS6,-0.47423806722054707,0.6541317593104206
WWP2,-0.4530195420256238,0.6542418548945628
DPM1,-0.484493813264832,0.654351293134319
AMER1,-0.16643626834435413,0.6549012926618974
GDAP1L1,0.3752704892921376,0.6553568283789152
SMN1,-0.3745410983657367,0.6553624541593728
HIST2H3C2,-1.1859240615394309,0.6553813451786813
CROCC,-0.28358754219986193,0.6554370662681961
HCFC2,0.5798193711441337,0.6554414813996249
ANXA2,0.22957853212598245,0.655878224815347
HOMER2,0.14976665578562676,0.6560856391075222
MPV17L2,-0.3856762045033708,0.6561455037602053
POU5F2,0.1767479338512224,0.6562473710681936
GNAQ,-1.5957814537173554,0.6570579480460857
LOC360231,-2.3139244630391063,0.6572943999287678
NHLH1,0.07290909446752912,0.6576434335544176
PRKCA,-0.2973234859574204,0.6578504816850944
RPL27A,-0.6319447543304664,0.6584720230221925
LOC365778,0.10334812761414439,0.658640801945105
RGD1359290,-0.9862603152995324,0.6587367777501626
HPCA,0.11997166578302706,0.6589367518532591
RGD1308147,-0.5123824242150044,0.6593287728002621
SLC17A4,0.0726491533071359,0.6597205110882542
CPNE5,0.10568316178133867,0.6599321090749642
RGD1565616,-0.6070715928925511,0.6601376924579616
MOAP1,-0.6098291566373346,0.6603679153600804
GORAB,-0.6863587835333453,0.6607223339269549
SH3BGRL2,-0.38712177628818956,0.6608321467125188
SH3BGRL,-0.43828290689689986,0.6609278461850906
HMGCLL1,0.10574337311625155,0.6613324783285593
FBLN5,0.10563597632829007,0.6619563876759126
SLC47A2,-0.24854195888194064,0.6626269948150544
CCIN,0.09775344110264417,0.6627455037907609
KDM4A,-0.4366951672644481,0.662995221089196
WFIKKN1,-0.45542329239968193,0.6632386142724902
SRGAP1,-0.6073037973879123,0.6635869635415705
SNAPC3,0.36487225015420677,0.6637174384919485
ALKBH7,0.5426926456059165,0.6639026675340434
PYCR1,-0.42638481232110514,0.6642599078872221
CYP4F17,-0.37222535196052475,0.6642862337097374
AHDC1,0.30251884016955644,0.6648174689715173
MRAS,0.8018999530959099,0.6649325368444695
CHKB,0.5253375152227875,0.6649325368444695
ASIC3,0.09063030378640476,0.6651540732112563
RPP25L,-0.5967868605900959,0.6658121191266427
TSPAN18,0.10418840971779139,0.6658121191266427
SLC16A2,-0.31506767768224314,0.6659765637547103
CYB5R2,0.10628420131889828,0.6663956292642841
TBC1D10B,0.6439375513190608,0.6666442278665238
VSTM5,0.15905881007632872,0.6667046245638945
POLG2,0.29508591378900384,0.6667046245638945
ECM1,0.4435459794893539,0.6671833321775055
GMFG,0.7056284880784132,0.6672236871219301
TGFB3,-0.127563069316018,0.6679743988379631
LZTFL1,-0.5229898859187496,0.6680630557622383
HS2ST1,0.53148770607476,0.6682413726372157
RPS4X-PS1,0.2023574548882767,0.668472176331986
LOC100912071,-0.2065079292856754,0.668472176331986
NOTCH4,-0.10662189586319823,0.6685625971304453
ENDOG,1.4817271883690648,0.6685770530355988
RPP14,-0.3807444886320561,0.6693230347302127
BOD1,-0.6237713719215929,0.6693230347302127
GGACT,-0.48503676473400287,0.6694967888156474
LRRC17,0.100335993385596,0.6698964045757709
PCNP,0.308775385827015,0.6698977674538021
SNX18,1.0350699174250524,0.6705758637606585
EIF5A,-0.17565678051210476,0.6707316129511457
VSIG8,0.07814812573404975,0.6707354819095126
ADRB1,-0.456280033234083,0.6710152218474452
HYPK,0.689173889677952,0.6710857634470135
GAS7,0.5983393359787441,0.6716235683993627
USP49,-0.2429630122089814,0.6718855366368773
ZFYVE16,-0.6635995460276343,0.6721872464263902
SDS,0.21548132245764784,0.6721890520018571
SON,0.32253716055206105,0.6722024774773924
LIPG,0.28774830873407253,0.6722944297079666
LRRC10,0.1787382609274742,0.6724821070095831
ELK3,0.9529180328118989,0.6726480508870012
HCFC1R1,-0.6257112615939278,0.6731322618872921
FOXJ1,0.09617736722679276,0.6731588287785275
LAMTOR1,0.2534907536723878,0.673240857504147
CAR6,-0.5415021334600536,0.6732965441768347
CPNE8,-1.0639440821074464,0.6733594472575202
LIPT1,-0.6328093083671674,0.6734140295961158
IHH,0.10816263744444782,0.6734140295961158
BSDC1,-0.2580438285850688,0.6734547673405523
LRRC18,-0.1451217512114437,0.6736096200660149
RAB9B,0.09603213720686289,0.6740207496747516
SUPT5H,0.29112124749662094,0.6742039364171495
MAL,0.3082283015298743,0.6742678649649053
DPH2,-0.6927393815230465,0.6742735350953579
SNHG4,-0.992202067027425,0.6745645221739864
ADAM11,0.07077014911600253,0.6750334459125513
KDF1,0.36573167231567233,0.67550563372187
HORMAD1,0.11502811987779625,0.6755831629362475
DDX6,0.5883847551768264,0.6756767907646244
TTYH1,-0.09995540141658606,0.6757232738847486
PHF11B,0.9757731468661619,0.6757232738847486
ANO6,-0.7947501868697966,0.6757232738847486
NPLOC4,-0.3720077991446167,0.6757665751243987
AGT,0.0955037329145832,0.6758997234694732
MAP2K6,-0.37928212251888566,0.6759193514670613
FMR1,-0.6696733657505263,0.6765090200776772
CAMSAP1,-0.6381050035692952,0.6770344720420933
GHRHR,0.10297988869392252,0.6771538786954358
TXK,-0.19515453098472973,0.6777837890219223
SNIP1,0.3641707080396954,0.6778588147768481
RGD1561648,0.09526538814035716,0.6780255145196566
ASTN2,0.10840912609065445,0.678046047774001
SLC39A14,-0.4884452001297039,0.6784202593284293
RAP1GDS1,-0.34265482886009835,0.6788397732510638
BPI,0.09498094335333307,0.6791095222020942
WWTR1,-0.764637463616396,0.679159549350727
ARSI,0.09129253895475545,0.6793363462676835
RPS10,-0.7269955111568978,0.6794857337813258
ACBD5,-0.9160617014201748,0.679595128378529
NDUFA11,-0.824244350549578,0.6798276337295338
MYH7B,0.09878124231296165,0.6800277931552517
PCSK4,0.09131352938232508,0.6806156308014006
FEM1B,-0.9051818637278717,0.6810412057837872
PUSL1,1.4735858252921972,0.6811228222755175
TLE2,-0.13727195098225664,0.6813036407492955
LOC365985,0.0828772603675155,0.6813581855575697
KCTD17,0.11736536626610328,0.6815308101699461
LRRC56,0.2692754768793255,0.6817930249822028
LOC690617,3.031129347515669,0.682869013012177
PSMA6,0.16472884994343673,0.6829339670308925
INSL6,-0.29904984389555134,0.6830165281185331
CDC42BPG,-0.0930977537098126,0.6830565938630551
SMAD7,0.3814169687743141,0.6830875521197423
TAB2,0.7768719502130563,0.6830875521197423
FXYD2,-1.0428282133112425,0.6835353610935855
GPBP1,-0.6425622902771067,0.6841116872670556
GOLGA4,-0.33291521877874786,0.6842239149767325
PCSK1,0.1172926275475321,0.6843526740800866
SEC16A,0.36154492767873103,0.6847738964258596
MED29,-0.5423219367391985,0.6849363833871134
FITM1,0.3204558217847888,0.6849456016103198
CMC1,-1.1666002395674617,0.6850815915556461
POMC,0.5463899545660897,0.6851727509184562
UNC13C,-0.08060883704373363,0.6852981801242886
ANAPC13,0.8644728462909499,0.6865045339516015
HUS1B,0.19119381453506762,0.6871339364890122
PTGER4,1.7423998167040775,0.6872867162656459
TPH2,0.06937757528314076,0.6873907957638123
PIP5K1A,-0.5139448717869701,0.6874297227382064
SLIT2,-0.4632658884242531,0.6874297227382064
GRIN2A,0.08922680645325795,0.6875451701721166
ACTN3,0.14061040505827951,0.6879818069839975
CD302,0.515020741157084,0.6880006938766979
DNTT,-0.67332332707231,0.6881359150211406
LOC100125367,1.1522189388457336,0.6882156270834088
RRH,0.2552440745842728,0.688347220886577
VMO1,0.5091668657850185,0.6888974787306622
FOXJ2,0.5714571416766758,0.6889327646587817
PDE11A,0.08149408567885186,0.6890685286860173
THBS3,-0.13191182368133456,0.689387320072824
NFATC1,0.32123578340186265,0.6895029881211266
RT1-CE14,1.978402894878756,0.6895029881211266
EGF,-0.20084602441520985,0.6895029881211266
FBXW4,-1.1403888836147187,0.6895110972248354
PPARG,-0.45342285600189347,0.6895261867806878
RT1-DOB,-0.2202878931388671,0.689699432410958
TMSB10,-0.7900678164715718,0.6897802787824189
MMD2,0.09715459017434641,0.6899596089487241
NDUFA1,0.49863000817262737,0.6901060203485817
ARF3,0.524075398621314,0.6914078894136914
PRSS39,-0.22257696403762028,0.6915756840878847
ZSWIM5,0.13651767983301508,0.6924266358010527
EPHA10,0.16125366816305076,0.6924807135127741
LRRC58,-0.6405374721479347,0.692668166446921
HOOK3,-0.6656972072835101,0.6926818327933396
PLCD1,-0.4474446748999834,0.6931906491330815
INHBC,0.09326389974092106,0.6933465328625295
KCNJ10,0.12666753839439346,0.693425785014036
SLC9B1,0.06327305918406598,0.6936500126530117
MYO1A,0.10053192399056915,0.6937203308417035
TNPO2,-0.5401640187034573,0.6937258488530164
INSIG2,0.701543086277042,0.6938010819817525
PLAG1,-0.33359831309403254,0.6938586918130506
ASMT,0.13742878636333491,0.6938873326080498
TXLNG,0.5202318373557011,0.6939359277261922
GNAT3,0.10029925343463911,0.6939359277261922
EIF2S2,-0.18306890534765596,0.694010880289207
TTC19,-0.8100075856857434,0.6940257290285147
CXCR1,0.1419101850326224,0.6940257290285147
LOC316124,0.06857299984781995,0.6940695915709184
RGD1561676,-0.5682169857373996,0.6946443120335796
PFKM,-0.49128973767581796,0.6946631922474577
C1QL4,-0.12613134758761468,0.6948584536215692
LEFTY1,0.11199941966113552,0.6951137740894543
GAS2,-0.1525338611241311,0.6952699499649077
KDM5A,-0.7132895758087079,0.6957974362488819
FUBP3,-1.502351278923278,0.6958388196910306
SYNJ1,0.8743811686782199,0.6960290582572412
PDLIM5,0.6472879528502729,0.6961545481001221
MEF2B,0.4115460527502801,0.6974515692099862
SLC35E4,0.9201244485228228,0.697938985178839
SDE2,-0.3876241743760742,0.6980164898655706
IPCEF1,-0.3858305185934051,0.6980312588911233
EGR1,0.6966443115739596,0.6983763366142542
ADO,-0.2800761781877821,0.6986217162751723
ACAA1B,0.13582836513681573,0.699042734230124
THBD,-0.22555125145640048,0.6990786973343155
SYCE2,0.5844915356272187,0.6995623978196841
PTCHD1,-0.763560447711976,0.6999363652515669
RT1-CE10,-0.9746160197975415,0.7006777253631554
USO1,-0.6792127143817375,0.7012078906347137
SLC25A25,1.207458528161209,0.7012265279403679
EML1,-0.27903506462748623,0.7013294725851773
TDH,0.11208473868346158,0.7014870219619157
MYPOP,-0.145878008303295,0.7015358982475104
TNRC6A,-0.46335517390406156,0.7015630414962544
CCNDBP1,0.5170731548041196,0.7018319880421606
CYP2R1,-0.7843341573820517,0.7021436097757018
RPL3L,-0.127346195243176,0.7022115060395433
WNT8A,0.09903889698221086,0.7022724229338309
FGF13,0.09213854979427233,0.7023987119050898
CNOT11,-1.188358162849302,0.7025365483120272
PRKAA2,0.06753739427638916,0.7026545436778366
DEAR,0.09609868255689491,0.7032739852324462
SOWAHD,0.13091385554508256,0.703359263385373
ZFP26,-0.4813901950769779,0.7040724638854864
BROX,-0.7979074184763801,0.7053354572845518
APC2,-0.3797383562636732,0.70542261796065
FAM168A,-0.6150976449011947,0.7054392245285829
TXN1,0.6594355697820387,0.7055585676643708
COL18A1,-0.13552695429819092,0.7057538647784385
SLC35B1,-0.3873662222453298,0.7057544089653148
LOC688869,-0.7611056819531017,0.7057953117051576
RT1-CL,-0.5807931298718261,0.7059115110995087
ADAM2,0.0869913254124054,0.7059213202528485
NIF3L1,-0.4768277764326529,0.7060180283321664
HDLBP,-0.6462955292833943,0.7062813479226122
NHS,0.07770870324248536,0.7065475753428888
LRRC71,0.26619346920988407,0.7065917636268119
GABRR1,0.13025663771980603,0.7066065405434193
CCDC64,0.08137053825683192,0.706706659313437
PTAR1,-0.5305296861222799,0.7072032356683563
SLC7A15,0.08685209556022626,0.7072287344994369
ZFP609,0.28648028748245613,0.7079895638855864
OXSR1,0.6693761342637972,0.7080316673900875
DIXDC1,0.4769981611498566,0.7083158694166863
TULP4,-0.341321650718712,0.7083596213474794
KMO,1.1583014444129045,0.7084086570811409
NPAP60,-0.45594936421558785,0.7084349483940248
TLE1,0.16923982760311732,0.7085101479256513
SLC22A15,0.10768471578757798,0.7093876554256153
ADARB1,-0.2428042416857616,0.7096566267145538
NAMPT,0.9035360826681957,0.710038892806402
CLEC1A,0.20238661695497512,0.7103982055854507
RASL12,-0.35250643652022295,0.71067545705173
LNC001,0.06236702986202986,0.7111816182675778
OLAH,-0.5606037256480486,0.7119090831634509
RHOX5,-1.163362320763646,0.7122952691492512
ALDOART2,0.18008419149480293,0.7126050977706775
TRIM72,0.2844346067557069,0.7127367235573137
ARF6,1.0732379460656727,0.7130515334824996
INVS,0.45094818198918896,0.7130931089734024
HSPB7,-0.20882029662167984,0.7132970315549382
ZFP167,-0.18302801514988512,0.7140129369737827
TRIM71,0.08706915244079388,0.7141953053880595
CCDC19,0.07990030611874624,0.7143154187486778
TST,-0.23396363130864253,0.7143204145041581
AKNAD1,0.13048321470635815,0.7144929056750513
CELF5,0.1413077721701485,0.7152629810472502
PKDCC,-0.39632660355436167,0.7153795438825994
TP63,0.09341008480361854,0.7155440929669298
LEPROTL1,-0.4332642326619043,0.716336707027897
RAB27B,0.12047103762210234,0.7163443650073594
IRF4,-0.13192729712476786,0.7164967651530022
GEMIN7,-0.6689278673141654,0.7167349492112948
ATP2B2,0.06099613663618051,0.7167882992023706
CCDC148,0.06099613663618051,0.7167882992023706
SPAG1,0.07917678724998689,0.7168406081782257
ARMCX3,-0.9123760683382751,0.7173804186009165
KCNE3,-0.22373587347829726,0.7179312657215324
IGF2BP2,1.3197734725363788,0.7180377605583576
ACER1,0.2360321769335793,0.7181612894987242
ZFP703,-0.7523353757779598,0.7183001799185494
PLEKHM2,0.5210762866309995,0.7187604627219636
SPAG6L,0.09661081079381756,0.7188376224400456
CLDN11,0.0789820057119151,0.7191012673050674
GOLGA3,-0.8322520936560005,0.71937889745598
SLC14A1,-0.15577537068649522,0.71937889745598
GNAI2,-0.6147767361369612,0.7195360856288219
SNRPB2,-0.3841449135656241,0.7195360856288219
TSNAXIP1,0.08635130035874934,0.7195512484218678
RB1CC1,0.7033189693909687,0.7197733726889524
CD96,0.09000964740940462,0.720340786225054
CDC73,-0.5391426338374383,0.7205214050763604
RWDD2B,-0.3400425348563383,0.7205218203791074
CES1E,0.096342420400806,0.7205642094011429
CFB,-0.17376941889958492,0.7206495598194413
NPHP3,-0.4012065796833488,0.7207241499162543
GGA3,-0.2983957154580277,0.720900300555929
TIAM1,0.8049359781510272,0.720972445112844
P2RX5,0.15953032913007187,0.7210586326463165
TOR3A,-0.9000345821547491,0.7211674729436773
RPLP1,0.4907566989388883,0.7214830691480676
AP4S1,0.2882388664849591,0.7220199488235156
PABPC4,0.2637066199661384,0.7226253857023398
FBXW11,0.5355710179745459,0.7229444539382011
MROH7,-0.16471075087244064,0.7230969314029371
URM1,-0.3900301260448462,0.7234737035180143
USP16,2.5114152413774504,0.7235150908650162
SH3D21,-0.3484691696526564,0.7242391230931762
AKAP14,0.13418283036732476,0.7242897415974167
CNGA4,0.33551941829486015,0.7242897415974167
LMCD1,0.19135734452719688,0.7246279306962403
ERC1,-0.6098822933078658,0.7247332385921402
SCG5,0.14931549576731637,0.7247494244836222
TMEM170B,0.7324779786637232,0.7248700021200928
PPP1R10,0.8559916135976939,0.7251965967617898
ASTL,0.11610384005553884,0.7258018164666005
ZNRF4,0.4711420292347406,0.7258503349666681
SERPINH1,-0.4852007785477052,0.7261027021257677
RAB19,-0.21719080997328366,0.7263174822830305
KCNJ13,0.1928827466085506,0.7271082297676021
DNAAF3,0.13388775903208092,0.7272025536724405
SPRY4,-0.5043945099107316,0.7276770502100638
DUSP9,0.15512842280087707,0.7280194764494263
LRRC2,0.08415776472962613,0.7285449216871109
RT1-M6-2,-0.31623683922014895,0.7285932239483621
CEBPZ,-0.2530144902828684,0.7289076561257978
YPEL2,0.8481346679156555,0.7290332046840516
DHH,0.19175494265931722,0.7296879542750395
NPDC1,0.8706377644292473,0.729763695771492
LDLRAD4,0.537434848058896,0.7297899014204385
PARD3,0.10790355450980516,0.7299183059502351
DDX3X,-0.4379825787333198,0.7301495924926713
WSCD2,0.08466979740320456,0.7306078909963085
TNK2,-0.24103062228996036,0.7306210688538319
ZZZ3,-0.888605148557521,0.7306818286811152
SLIRP,-0.7243837620438223,0.7307942162326794
PLA2G4B,-0.5455204964551029,0.7308784837233974
RGD1563528,0.2226853714174346,0.7310374292313951
SBNO2,-0.7887658959249131,0.7310468208362919
WSB1,-0.4949295294402489,0.7312614901300274
CACNB1,0.30831492466378074,0.7313691776867103
NCKAP1L,0.9133207335998197,0.7313832389723196
A1CF,0.08458150072265025,0.7318024818630393
CKLF,0.4909867488931319,0.7321430672220621
WBSCR27,-0.7455160079022335,0.7323644766338594
AP1AR,-0.40685674515367065,0.7327378221082267
MAPT,0.16825867653287335,0.7327500577346779
ARHGAP20,-0.13625992327483252,0.7328260495889801
CLIC5,-0.42419570969401144,0.7329620401457791
GP9,-0.31920925170183334,0.7337245086400872
OMG,-0.11210739563126051,0.733869421440041
TMEM141,-0.8069447231080904,0.7341882136140654
SLC25A24,0.6792188205340981,0.7343516020332775
ARHGAP28,0.09450471721945058,0.7344987765295807
ZBTB38,0.8397463919167232,0.7345803152469805
DPF2,0.5119966903858559,0.7345803152469805
PARVA,0.8398131103762628,0.7345977307974002
HIPK4,0.09321335676731247,0.7346627707964543
MYH11,-0.14825028645140484,0.7347354320773125
GTF2A1,-0.7077707451847481,0.7348467349473401
MFRP,0.09055117788672562,0.7349542804746428
DGKQ,-0.7310970793422618,0.7349914867119755
APOM,-0.4474876619384375,0.7350492593657736
TMEM47,0.06879805110037718,0.7351859327058605
ADGRG5,-0.1284376939493685,0.7357455137257806
CEP295NL,-0.2134072451826416,0.7362127300948523
GFRA2,-0.184405950187658,0.7363073364808258
SLC25A23,-0.4047979241708106,0.7364953997827322
ZFP819,-0.38061137880374457,0.7365907005676128
LOC100911576,2.7503858445647666,0.7369101817816274
LOC100912214,0.18366014694738236,0.7373111279231481
FOXK2,1.0295107474519725,0.7375234696831587
UCHL3,-1.0578987252347511,0.7377085360828052
FUT7,-0.20642488626155936,0.7379411976078872
IL17RC,0.3654008324908926,0.73836030620342
RIOK1,-0.41872560629230327,0.7383774657335515
ARHGAP17,-0.40401715017244166,0.7386199422444026
PIAS2,-0.3532746672840754,0.7386474449348583
C9,0.06828145400906376,0.7386474449348583
ASCL3,0.8345297178719294,0.7389599470600994
TAF7L,0.10615572394948089,0.7390270670885978
KLF1,0.3065374967546997,0.7391072514785082
LEMD3,0.7276161847651799,0.7392994494195468
LOC100362110,0.10610090255968918,0.73958632485718
ZCCHC12,0.0919434361744027,0.7406535485341925
COL4A4,0.6964667079230442,0.7408662387128128
IL12A,-0.3113143405735528,0.7413006087485497
ARL6,0.7512482982587434,0.7415401082895039
ZFP655,-0.8157732498658694,0.7417215449620335
SPRY1,0.9182861389348855,0.7420239294703781
NAP1L3,-0.20702655503138273,0.7421409196308709
PDPK1,0.39283949269844554,0.7423214317717914
EHBP1L1,0.8609393130732013,0.7423214317717914
STX1A,-0.40472429823425127,0.7424609225282983
ARL4D,-0.29375840393826047,0.7424735096012226
ATP1B3,-0.15976062812189795,0.742625593445029
OLR1381,0.06346911795893168,0.7432863795199522
LOXL4,0.08321500245128811,0.7434204798773372
LOC100363178,-0.0773892639375451,0.7434507980885167
TLN1,-0.881416731099697,0.7435418294728627
SERPIND1,0.10375450735526072,0.7438121240769346
RPS28,-0.8898696905162273,0.7443419899354735
TRIM29,0.06333754060888572,0.7444207514321236
IER5L,-1.6128420387064466,0.7444445481211193
SLC9A1,0.5557075356329984,0.7444839282874676
RGD1305455,0.6886801551343917,0.7447137908014813
RAD23A,1.5266625153377045,0.7448626597594943
RPL38,-1.3033995746349616,0.74501356033784
FKBP7,-0.6624178828444748,0.7458887331479447
RGD1562310,-0.3999667056855909,0.746000394348324
CATSPERG1,0.09516379066568798,0.7460260317789116
GLTSCR1,-0.36193806391877315,0.746184412236356
H2AFY2,0.07465290353048441,0.7462856596187356
PDYN,0.05836942230358908,0.7468664693082404
CCDC97,-0.20127324866467378,0.7471690761429459
RND1,-0.29914029370007184,0.7475602124142864
RRAGD,0.5323986575783275,0.7477595286554714
ANKRD34C,0.12129722753575484,0.7481148998305315
RPS27,-0.9644396669732451,0.7483858685214464
SEMA6C,-0.0742399195411717,0.7495785970764051
AFF1,-0.443759220891216,0.7499933928418596
LOC257642,1.9457619954764445,0.7502213509644942
RBP2,0.7262644429130092,0.7507913079326747
LOC689770,-0.2042702945324389,0.7508000295601006
MPC1,-0.35125631705847127,0.7516337313847266
GTF2H3,-0.4224911020260351,0.751985031458128
KCTD19,-0.10529196073922145,0.7522111767165288
GPRC5C,0.1614829247045798,0.7524788526623124
LYPD3,-0.20292025389261636,0.7526568451506367
ISPD,-0.3961955426264664,0.7527280601374016
FAM81A,0.07723128066529014,0.7528295134984346
SLC22A2,0.06647197495061467,0.7536170684940372
RPS29,-0.9438204747066692,0.7538180967045127
CCDC39,-0.22825519423035753,0.754266386894285
RGD1310262,0.12342414348130233,0.7545192702924565
WIPI2,0.6619596526787781,0.7545883365792754
HNRNPUL2,0.8312601867042666,0.754784618529358
MSH4,0.0818716083799675,0.7548623776230221
KCNN1,-0.11800894546463199,0.7552438489169498
COPS6,-1.1420465612745296,0.7553021687877852
SLC9A5,-0.3615617590588558,0.7553126260410457
TYK2,-0.29378465630454587,0.7558545475523394
ZBTB9,0.702095252362448,0.7558581125701311
WIBG,0.6101607279556513,0.7559385719580838
TLR5,-0.10922617745236118,0.7564147563861406
IL20RB,0.29836604859977,0.7566607147165582
ANO7,0.08169739327593988,0.7568354552237934
NGDN,-0.39452718612680204,0.7573586421030191
ZFP384,-1.0271928551921452,0.7576049887464065
SPON1,-0.4783536504357957,0.7576571305911968
EMC4,0.24416698360937605,0.7577363645023246
NUP98,-0.6844778506507261,0.7581757311542834
HORMAD2,-0.11577210934577362,0.7584697211807493
NDUFB3,-0.5511041017345777,0.7587954149625318
RHCG,0.08139894308915258,0.7592024422327532
LOC367195,0.32068437846713516,0.7595593003147701
TTLL13,-0.21303207138367425,0.7612060634736355
NR2C1,-0.5864700740264617,0.7615136943395863
RGD1561161,0.18853797466922562,0.7617819106389677
CILP2,0.06783104527350363,0.7618540069468205
GZMM,0.15277389907532057,0.7628672867360488
RRM2B,-0.8018777086079147,0.7634014488220755
RGD1304770,0.08449394153168222,0.7635355538721224
CCNT2,-0.29002391267487093,0.763985207508345
IKZF1,0.4154164000292897,0.764445028848311
SYNGR4,-0.1316551642267102,0.7651351582126512
TMEM38B,-0.5525180219463903,0.765328877130137
BRD4,-0.6677424948644117,0.7659094631503742
MBOAT4,0.11530454877273572,0.766022540017494
DLG1,0.9241172349786262,0.76634632839581
CTNNAL1,0.34324279999569784,0.7664907912658342
CYP26B1,0.0964746457143372,0.7670997197808731
ATP5J2,-0.793492502310416,0.7671897335867945
ZBTB22,0.5490458614128371,0.767421103205531
PRKCG,-0.13865645521757003,0.767731557081363
SPATS1,-0.12051384916465308,0.7678115939781476
PITPNM2,-0.2137631857092864,0.7679795300963768
ACAP1,0.7120028025755873,0.7681198492951106
IL6ST,-0.6580748132092222,0.7683064993704056
SEMA7A,0.10833231966912595,0.7688741630734607
CPLX1,0.12325486246348256,0.7693981633144299
PRKAR2B,0.5114954255813156,0.7696292317591191
RGD1308106,-0.7833280071102633,0.7697928539313083
ADAM4L1,0.3438118641585225,0.7699931882339421
AVPR1B,0.07927023565519038,0.7709748540070647
PLVAP,-0.20834866535900448,0.7711752148187634
RAVER2,0.1357956116827818,0.7715467891372859
IPMK,0.6826353624849935,0.7725142914957691
TREX1,0.27318260579437137,0.7726540813103089
CEND1,0.09096396510424067,0.7727175452758402
TRMT1L,-0.3686530758488109,0.7727842060332247
DUSP16,1.263754212329471,0.7729283665247083
DUSP5,-0.4375806841949086,0.7729283665247083
ZFP638,-0.6037411669919606,0.7731991794449784
FAM43A,-0.4963134823561264,0.773680956380229
OLR35,-0.4013860933028838,0.7739794968939389
EIF5,0.3309850781279149,0.7744621158938509
CELF4,0.08691908817723652,0.774557615529246
LATS2,0.7947044933863014,0.7760890717997228
SHC2,0.09308764572176162,0.7763738457458533
DUSP27,1.0529084260687296,0.7765190845558939
ACCSL,-0.14221386612251802,0.7767285160070427
KCNJ1,0.07941661660907857,0.7767321871051924
LRG1,0.49019228906299483,0.7770674354320275
TMC5,0.12037418317193213,0.7770961461200367
YES1,-0.5443058279202734,0.7771728706379352
ZCCHC4,-0.5822996899355856,0.7774734590703798
ATG4AL1,-0.46270120005170634,0.7778926453798599
FLNC,0.1012808547743529,0.7781912279881943
SLC12A7,-0.5140085158227903,0.7782177683784266
GPR174,0.08736763251932264,0.7785230793114958
ASAH2,-0.36233227945559443,0.7788881964689304
KCNJ15,0.2293435439290853,0.778931996831972
COLQ,-0.2669507090305101,0.7801640198923296
NDUFS6,1.0148425211461771,0.7807182174951334
MMP11,-0.13855692760903035,0.7810555590766136
IL1R2,1.2320923583719718,0.7815377426880554
MR1,-0.0904884784834624,0.7817029322435879
GRAP,-0.715719721474789,0.7818165845440573
NAPG,0.42459031038719486,0.7818258432930009
SLC6A3,0.0999553598138782,0.782064906749556
DLG4,-0.4646135385492752,0.7827613191466072
CREBRF,0.593140817453981,0.7827952290855764
SLC2A12,0.06591748916425466,0.7829239197801497
OLFML3,-0.13204507104486268,0.7832882193107501
SLC39A5,0.41974564435351863,0.7844241576459026
KCNJ9,-0.1159008510233253,0.7855594029421608
CHAD,0.14581440100805923,0.7855887088514713
CYP2J4,0.08705570618617452,0.7857049347996771
GUCA1B,0.29719216155229755,0.7858191635026929
NEURL1B,-0.17276119343017254,0.7859620815499035
NAALADL1,0.13052299883311197,0.7860680596183927
THRSP,0.08384013262867221,0.7864558015218618
SLC4A3,0.060878120093889335,0.7865903868038018
HPSE2,0.07148898335257382,0.7873624342159141
MTL5,0.1982938716918109,0.7878866553878613
ETHE1,1.413751279513363,0.7878866553878613
BBC3,0.5502940405933416,0.7881269231981438
ANGPT2,0.06279923253327384,0.7882122796556319
IL12RB2,0.0548044489516783,0.7882424070293799
RNASE11,-0.4522937037188852,0.788282480898591
RAB6A,-0.5105715166650766,0.7883040104378439
GATA6,0.059129579260796775,0.7883211720348677
SETL1,-0.3747945816823848,0.7884649585202032
BGN,-0.1425729799687911,0.7885610165045346
MDH1B,-0.086826994844314,0.7885610165045346
MAGI3,-0.3472377088691876,0.7891894809498798
SAMD4A,0.7409842673163263,0.7892935192981144
FLCN,-0.5675787053802224,0.7893925932534215
PPP1R9A,0.15595923087408795,0.7894705467727767
PCDHGC3,-0.379641585583705,0.7899296972813667
SMAD4,-1.1937258140617402,0.7902121143091598
ROMO1,0.5365481802250232,0.7902861687089273
SPINK2,-0.2261672497943506,0.7905015391203691
LOC367975,0.1321600124462416,0.7908217391663315
PRDM2,-0.32722463753644915,0.7908859614661238
KAZN,0.12163970888470478,0.7918008356895015
XRCC6BP1,-0.38507287752093555,0.7923895692175494
GMFB,0.7450181205245983,0.7924140854226086
NNAT,0.369614763601829,0.7932875186210298
MANSC1,0.08645696082748976,0.7936812265096248
SHCBP1L,0.07725188754751043,0.79423157442991
PPP1R1B,0.0880814720128689,0.7942910933181352
ELK4,-0.2036862633525165,0.7947118614360494
LOC100911796,-0.10608914290206314,0.794761404110427
CFD,-0.2625243523042211,0.7949009922426858
FAM20C,1.2575282292107026,0.7950087123233914
N6AMT1,-0.5828752722100763,0.7950507945507693
PDE2A,-0.2438291498894816,0.7959621605518039
GNB3,-0.08484941447093267,0.796484994408849
HSF4,-0.23652526374698116,0.7966112211366211
AHR,-0.2916160556736085,0.7966112211366211
RT1-CE16,-2.4042576970292946,0.7972487310027485
RGD1306746,0.7202162819045905,0.7973909670958189
SRI,0.18167862589514172,0.797522484041951
TMEM151A,0.5481888486896025,0.7980596362015607
KIN,0.4408065407987465,0.7987275316440515
LAMA5,0.07064640789074476,0.7989391944557951
TMEM79,0.6559598099363069,0.7989996551888228
OLIG3,0.07674036121438431,0.7990790886282986
SSSCA1,-0.5059930257485359,0.7990790886282986
SSC5D,0.10085905167973101,0.7996627614425913
SLFNL1,0.09850333632821068,0.8002128187024051
SYNDIG1L,0.08720876876908898,0.8005743098319049
AKNA,0.8431256716696298,0.8009454200579009
PCDH8,0.07687304722945891,0.8009719046055053
FIS1,0.24386172939061268,0.8012296594285346
HN1,-0.16527022890994925,0.8018710939512176
FUNDC2,1.8812754187838037,0.802586160526192
RGD1563667,0.11689252111707299,0.8026041379081282
KCNS3,0.1108628705380457,0.8027517059125422
POLR3D,-0.5998743649559444,0.8031072443751672
IMPACT,-0.5362461608854439,0.8045158049191748
RGD1308134,-0.8063138653741393,0.8046625201016631
RGD1562161,0.7284276838681323,0.8047304287175914
PIN1,-0.36291527676185265,0.8050895963037288
EMP3,-0.4112330646726239,0.8052414212879888
RSPH6A,0.07984502326659769,0.8055298363019214
CYP1B1,0.07987832935306534,0.8055298363019214
KCNIP2,0.08429025410794633,0.8064282290035057
VIPR1,0.09631107901480088,0.8074412058916504
GRB14,0.09480945019528386,0.8076286871744068
TAT,0.08446897924784626,0.8079339023970878
UCN2,-0.5619170918220644,0.8087438505448148
IBA57,0.5879345347069751,0.8093914473522577
HPSE,-0.6195777268485949,0.8098269890558019
DCLRE1B,-0.48392162707801756,0.8099217076839498
TMEM25,0.2128651010603263,0.8099219891061398
MFAP2,0.22156115275781513,0.8100684505479705
AHCTF1,0.46159811275815654,0.8101243859293179
MAK,0.0792483864777559,0.8102530614098151
MOGAT2,0.19417912493020234,0.8102605401797015
NCAM2,0.0883365948041656,0.8111787205049793
KRIT1,-0.6146008124021929,0.8113484942003172
CLYBL,-0.2630186419572922,0.8113484942003172
LY6G6D,-0.36413120300605084,0.8122700943360622
IGFBP4,-0.09969129082505086,0.8122700943360622
SERPINF1,0.09190728641486261,0.81281713573553
RIPK4,0.08579214994248786,0.8131490338091754
EIF3B,-1.5759519962020399,0.8133174403772089
PHF2,0.48972665568942164,0.8135816331789105
GUCA1A,-0.21794533957855938,0.8139688547325601
EGFR,0.1324399571099026,0.8144229891520731
PDIA5,0.7961334789124672,0.8145473915652335
AQP9,-0.24067903537906615,0.8149398922333473
NECAB3,-0.0890247995001638,0.8151370917399471
GLTPD2,0.2858924491414501,0.8151784501791778
CDK12,0.5991522847561352,0.8151794221443457
NUP210L,0.057889038978217205,0.8152614731659595
TWIST2,-0.19322068824892646,0.8155854995173369
AMPD3,0.7543436029762445,0.8159938582111742
SLC25A28,-0.9001796678598724,0.8165339600530448
ACSBG2,0.07986399691010285,0.8167488875146017
TRIM63,-0.2633621389476774,0.8176447769776333
MAVS,-0.39253478212462634,0.8180673279424672
DYSF,0.09438175103857475,0.8182171955492193
MAMDC4,0.12603821280716984,0.8191459460729301
GPSM3,0.3228300882758903,0.819777956514878
GPR21,-0.11653189177423837,0.8204375947902165
RC3H2,-0.7564124253458568,0.8205027479748215
KCTD15,0.058956612268252474,0.8207327759346417
PTK7,-0.09306479684996008,0.8207714952454487
ASTN1,0.24382590092394607,0.8217024780187799
VAMP8,0.4820808898890876,0.8220605738553718
ACTL7A,0.0880797612805728,0.8220605738553718
HAX1,-0.516281694082994,0.8227732351375575
PRDM4,-0.9756674834352983,0.8240003472409856
LOC298795,-0.14486473012746923,0.8254469457051189
RGD1305537,0.651995651307014,0.8254953343290221
SCG3,0.0737743130512553,0.825965264076076
FAM222A,-0.11551444756933968,0.8259838287212486
ZIC5,0.08246062131644186,0.8265490199865088
PSMB7,0.12048430331971272,0.8266301620360944
GULP1,-0.15230637991135013,0.8268626677402777
SLIT1,0.08241067454298942,0.8269683863081869
PBX1,-0.11368263977293858,0.8278286294452705
CTRL,-0.43996722881434686,0.8279477990845369
DAB2IP,-0.09537692172069928,0.8290202102833176
NUMB,0.6119349297067571,0.8291260388183406
SLC10A1,-0.1616069109065599,0.8293833965742298
CTRC,-0.5870593458035793,0.830041193482822
MNDA,-0.09890675880347773,0.8301213888293102
GAB2,0.37524126672260394,0.8310962513872597
PRRX1,0.2271720055730989,0.8320443211162005
BRE,-0.25855312964452626,0.8320748212583066
TTC21B,-0.2331590039748475,0.8323107474805103
PHC1,-0.4671549070288624,0.8329876286685319
LMTK2,-0.4136484316609905,0.8334476376031298
MLPH,-0.24214671524916834,0.8335417702369091
ASH1L,0.1988710357394412,0.8344130363824591
DPYD,0.08147270924938563,0.8345288041890896
PFN4,0.08300567330540154,0.8349209874709239
PLAGL1,0.07710281149382461,0.8351647984003867
ACOT6,-0.21791458516666348,0.8365114956051227
NR5A1,0.07252129171088652,0.8369666369269285
TIPRL,0.35004275553100506,0.8376744899425587
FBXO39,0.14841615790079224,0.8385441909536172
GATA3,0.11985621160165089,0.8392626293062756
RASSF6,0.08248705448161889,0.8394519254325566
PLA2R1,0.08251566715579424,0.8394519254325566
MORN1,-0.25169251715802926,0.8406359559332917
ZPBP,-0.2100550634911785,0.8406573803355223
UBXN4,0.1544915024106288,0.8406926920682756
RGD1308601,-0.5966893000204601,0.8407646929157723
LGI4,0.09974792625755771,0.840916934265121
MEPE,0.10205434146697397,0.8423372033370159
DYNC2H1,-0.2032768576597349,0.843124315241633
SARDH,-0.1957791280882385,0.8433888471068655
MAST1,0.09736735187028933,0.8445985207154864
RCOR1,-1.1591976118218068,0.8446006034661476
BAZ2A,0.6743157565381699,0.8446983095614272
APRT,0.29321452920883484,0.8448401374614034
CBS,0.05655037374360169,0.8448535496547845
SLC2A5,-0.22698921164816444,0.8450027465315133
COX6A1,-0.68155561044746,0.8466464829750121
DHTKD1,-0.2584545459365694,0.8478731087833549
CRISPLD1,-0.10106766780725285,0.8481281246636556
NFIX,-0.4562158690052097,0.8481822427163951
MYLK3,0.0764757734956078,0.8482350089818206
MOB1A,0.2619649692077628,0.8485054063478813
DLL1,0.07217771043154199,0.8487169352358535
CREB3,-4.114247390513995,0.8487849430241291
GABBR1,-0.2853565991085297,0.8489955269873736
RGD1560242,-0.3250061074101747,0.8501708205470303
SLC8A2,0.07058249869439276,0.8502246365634517
PDZRN4,0.05344183220250227,0.8503836108814651
HCN3,0.11451895188685333,0.8505822635805073
PXDN,0.14617497637626878,0.8510598620250809
SCTR,-0.29477686414467785,0.8525294950496187
TNIK,0.22846599377288238,0.8527208364239234
VSIG10,-0.36025580994042705,0.8527256485383905
NFE2,-0.29507994351794853,0.8530062396822361
C2CD4C,0.1391748989109383,0.8532229074784665
DENND5A,-0.9029224217381842,0.8536594171899482
JPH2,0.11573023024569301,0.8538100058736351
RGD1561849,-0.142661819357771,0.8540687121559434
IL12RB1,0.08981404477164671,0.854129961338004
CD22,-0.13950373417218634,0.8543208719995345
RIPK1,-0.5363048539820023,0.8565459487131085
ZFP608,0.06978821714574644,0.8568366076921553
PET100,0.37087955903322367,0.8572249253277578
TOB1,0.4304257234630633,0.8582391386830147
FNIP1,-0.46914880184706,0.86158284056455
UBL5,-0.6141643404770392,0.8622239582063163
CLGN,0.06965693994037865,0.8631109082997951
SRSF12,-0.37852350271189905,0.8634417048524466
NOTUM,0.08460448090962126,0.8635305019404664
BRS3,0.2702685797336419,0.8637329921231314
VWA7,-0.07168766179718936,0.8641897160784076
NRARP,0.7005786793541855,0.8658950218214032
TMC7,-0.48161576780039705,0.8668304248002605
USP12,0.911112356200761,0.8671921113436016
AEBP1,0.2709456845416321,0.8672054956572104
ENPP2,-0.18389729619131187,0.8673831031906066
RNF225,0.07880019482386062,0.8674249535402392
PNKD,2.7608884668501803,0.8676280345539984
SLC24A4,0.06903461970118172,0.8684038565569087
PNPLA1,0.09569974215936226,0.8684654686889108
ZP1,0.0791891189178081,0.8686426954492718
COL17A1,-0.1328522999148831,0.8688108674643058
AGTR1A,0.07727937353369965,0.8700435431291307
MYLK,-0.054729218449851846,0.8710168280992832
TAS1R3,0.057199588502567386,0.8717023121351919
PPTC7,-0.9388374486448248,0.8720162841211601
RASGRP3,-0.4405408056582667,0.8720253494659325
SPTBN1,-0.15756543411518228,0.872097434248891
RPS5,-0.29850451000914724,0.8722064882073718
LTB,-0.5977949455360649,0.8724150723859472
C1GALT1,-0.4625987240786049,0.8725226976867084
MMP17,-0.23361406764859968,0.8731762077176699
CCDC169,0.08774198422016033,0.8732822685768827
APON,0.2312048161249155,0.8734053589618315
SNPH,0.06036580068064304,0.8736363240693165
ANKRD34A,-0.06354256530776026,0.8737564335368911
ASB3,-0.41448405010761524,0.8753026007064628
CCDC151,0.07676621542611317,0.8755874314864541
PPP1R1C,0.0734388453450909,0.8756255991174288
LHCGR,0.07341375410593029,0.8757868841924128
NUDT15,0.35596080654154827,0.8758119396212213
ALDH1L1,-0.082595377964575,0.8759135478707016
BICD1,0.11462295186834734,0.8765268259763914
SCGB2A2,0.14071968302550522,0.8766815202682179
FAM129C,0.11775199781216292,0.8770333226678078
CNGA2,-0.09035406491316444,0.8775623812978417
LOC502176,-0.23141665473662604,0.8778432120660825
CACNA2D2,-0.0635138753117144,0.8781641249037697
GNA12,0.9079985712214365,0.8783255540356958
CXCR2,-0.19850910606424077,0.8783409095983596
LOC100365008,0.42288377602324534,0.8787817031381039
POPDC2,0.16205715461168163,0.8792532887724076
XPNPEP2,0.12899422336658936,0.879622490143921
PODXL2,-0.09347506734366207,0.8802013464727731
NOL8,-0.22394920191835044,0.8802858623952374
MAP3K13,0.13357122184330478,0.8818678692728602
SDHAF3,-0.8710054394768995,0.8823179782901464
POU2F3,-0.10031899229940172,0.8825873299032768
WISP1,0.3093782629116943,0.8828790100899822
AMIGO1,0.3310571209999607,0.8834213403008474
OAS1F,0.1689242543591132,0.8838607020909623
ITSN1,-0.8706956192323179,0.8841013433039322
OPALIN,0.05302609326078053,0.8847011844252411
HIC1,-0.07907291893491204,0.884837970244322
HIST2H2AB,-0.6134701160107879,0.8849178921142801
TNFRSF10B,0.07733393371603313,0.8851868758920017
AP5Z1,0.46956284881867827,0.8852561319231693
SERPINB9,0.6566830061994118,0.8854254975776754
CCDC175,0.07185147947722334,0.8855102686424029
CAB39,-0.6569260801421315,0.8856960525625409
SLC47A1,-1.868177793610019,0.8857923228195248
HOXD4,0.052814284520314426,0.8864659348156533
ZC3H18,1.2533326262221438,0.8869195421389137
CYP2J3,0.05027656024922197,0.887257686823059
CDH13,0.12409939135706233,0.8878973152207916
ANKRD40,-0.7988765714756179,0.8880073603291748
COL11A2,0.09593081116377683,0.8893946239948869
SLA2,0.11000100604238552,0.891330894844352
SV2C,0.07104938160695397,0.8916605099235952
TNR,0.0659300115013771,0.892254445778261
VASH2,-0.0753130381662962,0.8925710145998597
CUZD1,0.07471559144508187,0.8942705539387741
SYNC,-0.18459563801440404,0.8949212885184644
FARP2,1.0502936231222222,0.8954844429929523
YIPF2,-0.4599657544630076,0.8963838629389277
PRKD1,0.051835917132477496,0.8970057389686396
CTTNBP2,0.0806360567582774,0.8971371155004563
GPALPP1,0.3599149443072167,0.8983540990665645
ZFP777,-0.3140390947198628,0.8985459580765542
SLC6A17,-0.05360040138510422,0.89860189199836
CTXN1,-0.1704071104430177,0.8996076233932041
CLCNKA,0.08332789411299558,0.9011311681519257
KPTN,-0.790274634278467,0.9011738600788821
TMEM231,-0.1748129269048519,0.9013269427237276
ATP4A,-0.11106115555712723,0.9019708110998311
ZFYVE9,0.22612167809575948,0.9023579849111438
CHD2,-0.43085632954562225,0.9028272338690773
CCAR1,0.2996688738526747,0.903491517855588
COX4I2,0.182737441658909,0.9036587662223673
GJA4,-0.16529890603918768,0.9036589666288454
FSCB,0.05119750591354152,0.9041523761232585
RGD1563222,0.1649167937582983,0.9041654731703858
FTH1,-0.4843745289471961,0.9045771224682725
HNF1A,0.06227652702865093,0.9046804750398961
ZSWIM2,0.07516936171628975,0.9051806693257732
SLC25A2,-0.18951662443232997,0.9059348633667738
AGMAT,0.9464302896372179,0.906540289677925
UBASH3A,0.06413758851222048,0.9066726631864941
CCDC87,0.06912015995946005,0.9066937659143564
HGF,0.08617113273187364,0.9075845225174572
NECAB2,0.0932322848621717,0.9077813903141894
ADGRL3,0.157341405162225,0.9078254405626589
NAALAD2,0.06996580038627043,0.9080470716116182
SPSB2,2.3439750566555606,0.9093986613752967
POU3F3,0.0697157755996153,0.9104454742680422
VWA3A,0.07523276621732616,0.9106281551587324
SAR1B,-0.23350638212538133,0.9106864689308607
SORCS2,-0.0960592139199326,0.9107404353720326
MZT2B,-0.46272214277457335,0.9120012096789816
S1PR5,-0.11728298230375273,0.9125583392347071
DEPDC5,0.6934308098629725,0.9125600131311471
CLCNKB,-0.1397056354488339,0.9129465869232892
LZTS3,-0.2066508360290537,0.9131064277198697
SH3PXD2A,-0.10394683229185513,0.9132756367321383
KCNK5,0.06504669712846466,0.9135317465493401
NTN3,-0.10770148649090858,0.9146231379873704
SBNO1,0.49170405078518353,0.915092429707382
EHF,0.07231657981057142,0.9157335322301751
RGD1566052,-0.6166562631542657,0.9158079713104703
UPK1B,0.11597935852216276,0.9161018388401846
NRCAM,0.04779312374263431,0.9161018388401846
PAPOLB,-0.11612281055040058,0.9161782466169521
SERINC2,-0.9436836034403013,0.916710178146704
TSPAN11,0.047662621303631934,0.9173174794387853
BATF3,0.33357160268769903,0.9181831159621985
SPIC,0.24876540616547332,0.9183461887496012
CNIH2,0.13733821311391406,0.9186938005619345
RPL37A-PS1,-3.0596787674965276,0.9193264931140865
TMEM150A,-1.6227790262057185,0.9197546250335206
CRABP2,0.3225742024277005,0.9197546250335206
GAN,0.16021244028124443,0.9201506104069973
DRC1,0.08134767270430893,0.9202306839360103
FKBP1B,0.38926438829368004,0.9226150283479629
CLCN4,-0.05610050348392977,0.9231928539482607
CGNL1,0.06506109892535962,0.9237721420947281
ADCYAP1,0.10757817284972279,0.9241826560812348
TNK1,0.10426900135765005,0.9248169789002235
MAP4,0.522640681224722,0.9249025497527003
MDFI,-0.2783545434327988,0.9251912834020578
CALCR,0.06213622169874858,0.925378895157445
FAM151B,-0.7285745227259384,0.9261097645545378
MLC1,0.06717458449750963,0.9261286467358217
DPYSL5,0.04920626021311367,0.926201420789343
CLOCK,-0.36534992737007355,0.9269092281592832
KLHL8,-0.5094824997934357,0.9270427211715839
NUDCD3,-0.31708341175315746,0.9276721956620669
FKBP2,-0.7182879878491777,0.9283546874639131
NAT8,0.08882932187463466,0.9287447756163655
AFF3,0.08550901690057686,0.9291271403692346
ITGB7,-0.3640023792791496,0.9310226165390851
TSX,0.1912463217258287,0.9311891781548481
SLC4A4,0.0631051454195026,0.9311891781548481
SCN3B,0.04641967453389469,0.932081116848971
BAAT,-0.2626680769223105,0.9324985614649846
MDGA1,0.06153732971428828,0.9328852980138471
RYK,-1.2710582081709938,0.9345808242440199
SYP,-0.2099659394235659,0.9346785725331747
B4GALNT3,0.048179676664965,0.9370015201809013
OLR337,-0.1910763652657313,0.9372874845494042
LOC688925,-0.212998396163469,0.937550744747438
ACAD11,-0.555424586727733,0.9394896154950276
IRS1,-0.08017856416660378,0.9397838530983318
TCAM1,-0.2154358025308173,0.9400991943277117
CACNA1F,0.047925847269908506,0.9401120912204068
CHRNA10,0.07124864336795303,0.9402193333132534
SLAIN1,-0.15918405933079396,0.9409621910410474
LOXL2,-0.22817465057871048,0.9410952250380358
CREB1,0.6292157560049931,0.9415564751385724
DCLK1,-0.05924794786449938,0.9422472569846675
ZBTB8A,-0.15272891840002728,0.9440261904367571
PINLYP,-0.14932879108969127,0.9445837443576165
LURAP1,-0.16360673741791865,0.9445837443576165
GPR141,-0.14751409620793948,0.9451154755219674
TMCO3,-0.442989378640267,0.9452244233907326
AJUBA,-0.1008218883173195,0.9455056114615313
FGF12,-0.16176313383646296,0.9476802527256789
ST6GALNAC3,0.06495760497435407,0.9481732528549672
TREML1,-0.16248072104970515,0.9483404409367062
FMO4,-0.15659730988179826,0.9490977336196229
NFE2L3,0.10096897304603795,0.94937681746518
MUSTN1,-0.3373690191137347,0.9499716809629896
C1QL3,0.18729710656726958,0.950413008713162
KAZALD1,-0.14295051417685356,0.9507257042256618
RGD1564482,-0.13400802016483437,0.9507373575790695
FAM161A,-0.13012736260817565,0.9509197044439237
ADCY3,-0.08255750136784207,0.950970496531988
LOC102552805,-0.06255580873328906,0.9513303517255288
FAM101B,0.11091194926206317,0.9513797655363649
PIWIL4,-0.1712653209966551,0.952157276417434
CABYR,-0.12408519098607253,0.9528559845746443
HIST3H2BB,-0.12793591594458642,0.9534448675211158
GPAT2,0.060716611248932816,0.9536106777693822
GCK,0.06968209660233167,0.9536379990732858
LTBP1,0.07553212902744666,0.9536789595729599
PCSK5,0.060637072851927085,0.9544991894605936
APOA5,-0.13096326831902322,0.9546583907018696
SP6,0.07695547810114081,0.9569409743530882
ALOX12E,0.08517516247853654,0.9573111267427727
GLTSCR1L,-0.3738012669029923,0.9573111267427727
TAF12,0.13725196564111197,0.9586180100675445
ZFP691,-0.29675979311067513,0.9596764488019752
AP1M2,-0.11582972889991852,0.9607433078136669
PCDHB4,0.06672407772468014,0.9626815276867591
PAK6,-0.3570778672468969,0.9636684290396597
ITLN1,0.13808624882614273,0.964081541197477
LTC4S,-0.2755374427512108,0.9642280221417119
FGF21,-0.1374086122869334,0.9642280221417119
ATP6V1C2,0.28788276140119473,0.9655104815445761
TTC22,0.06639206433031064,0.9655455428313302
RNF32,-0.11699101130741146,0.9655874387387822
DDC,0.06837679613024948,0.9655915448770999
NBR1,0.3897998332538686,0.9657516380987201
ITGAD,-0.14329564080189997,0.9668224107698716
ASIC1,-0.17018656178216016,0.9681174967382654
PCGF3,0.6951187804244339,0.9683281568075885
WASL,-0.21941075091089068,0.9684459828896114
SEPT4,0.09597521839829756,0.9687624017344507
CACNA1I,0.06361711087943396,0.9692472792012083
OLR799,-0.16723987012640495,0.9692830999025283
TBX21,-0.12079071456377304,0.9692830999025283
TSPYL4,-0.12335505956462044,0.9693607610944072
TMEM52B,0.10901585691302582,0.96955835205422
HECTD2,0.7244027410172076,0.9699351603513741
CYSLTR1,-0.15477390785199685,0.9704935947929723
ABCG3L2,0.48113541101641116,0.970604437623563
KCNK12,-0.1166722553969505,0.9714751522565599
PTGR2,-0.3732977101689918,0.9716231069582703
LOC500331,0.06269894287456654,0.9738803544720381
MXRA8,-0.10588979363639515,0.974947053642409
PLCXD2,-0.05761888538979911,0.974947053642409
TNFRSF18,-0.10139960803448408,0.974995526625762
KANTR,-0.3730345754946345,0.9757523404646968
ZDHHC15,-0.08448270614902101,0.9762664561609672
SOX18,-0.10870967476969898,0.9778610405872433
WNK4,0.04881749497052654,0.9786076896178281
EXD1,0.07575896423955711,0.9789525614740242
TLL2,0.06138621983351622,0.9795518054725711
BNC2,0.08907814268372244,0.9806317539068031
TNNT2,-0.09030156586606344,0.9808638032616499
KIRREL2,-0.061325006253509444,0.9817764946930863
PAMR1,-0.09379881744369761,0.9819230086670866
DPP10,0.0664113535059884,0.9819652242844111
PSPN,-0.273733256121113,0.983367029434461
KCNMB4,0.14150087194208744,0.9849684399059189
CACNA1A,-0.06779708508172683,0.9864253615502404
GAL3ST1,0.08617912899897703,0.9864647037013692
KCNQ5,0.05521396967257634,0.9878196567000948
SPSB4,0.057327295603272224,0.9881655933859228
RT1-CE13,-0.21210557996767201,0.9896511857478267
FBXO17,-0.08262635923101103,0.9897475024382477
BDKRB2,0.057773538290436605,0.9902305377997495
OLR1588,-0.09329578430746815,0.9904070161246132
FOXK1,1.0982563499857907,0.9907030892822165
MECP2,-0.9524065353119925,0.9909636678305288
ELL3,-0.14357251789368483,0.9911436955662052
CLDN6,0.07782166144983518,0.9914119572160721
COL9A2,-0.08266190837259861,0.9919919353311097
GRIN1,0.055838267151375125,0.9920327823752928
P4HA3,-0.09033320019094807,0.9921153781787821
LINGO1,-0.09297955233979774,0.9928830416176555
TNFRSF17,-0.10526331326855252,0.9937376597918741
AZIN2,-0.09863898447352352,0.9940781146027649
RHOBTB3,0.09073112019542834,0.9949653907007217
FNBP1L,-0.22165017817805532,0.9959439694766856
CHRD,-0.18652468105847114,0.9963697653099579
LPAR4,-0.047251563455888844,0.9963697653099579
TPM2,-0.11967369996438414,0.9965487777802083
MEI1,-0.07811139970222172,0.9971826547516557
RGD1564937,-0.09282451625983185,0.9980661430953636
KAT6A,-0.28224224342490944,0.9989433317740731
SEMA3F,-0.08552406204683533,0.9994871771257184
HIST1H2BA,-0.23481684233609906,0.9994871771257184
RAET1L,-0.49256213399012877,0.9997649067837967
LMAN2L,-0.47831943563446866,0.9997880441914843
A1BG,,
A1I3,,
A2M,,
A4GALT,,
AA926063,,
AADAC,,
AADACL2,,
AADACL3,,
AADAT,,
AARD,,
AASS,,
ABCA13,,
ABCA15,,
ABCA4,,
ABCA8A,,
ABCC12,,
ABCC2,,
ABCC6,,
ABCC8,,
ABCC9,,
ABCD2,,
ABCG3,,
ABCG5,,
ABCG8,,
ABHD1,,
ABHD12B,,
ABHD16B,,
ABO2,,
ABRA,,
AC1576,,
ACACB,,
ACAN,,
ACE,,
ACE2,,
ACE3,,
ACKR2,,
ACKR3,,
ACMSD,,
ACOT12,,
ACOT4,,
ACOT5,,
ACOX2,,
ACR,,
ACRV1,,
ACSM1,,
ACSM2A,,
ACSM3,,
ACSM4,,
ACSM5,,
ACSS3,,
ACTBL2,,
ACTL11,,
ACTL6B,,
ACTL9,,
ACTL9B,,
ACTN2,,
ACTRT1,,
ACTRT2,,
ACTRT3,,
ACVR1C,,
ADAD1,,
ADAM23,,
ADAM26A,,
ADAM28,,
ADAM30,,
ADAM32,,
ADAM34,,
ADAM3A,,
ADAM5,,
ADAM6,,
ADAM7,,
ADAMDEC1,,
ADAMTS12,,
ADAMTS14,,
ADAMTS15,,
ADAMTS19,,
ADAMTS2,,
ADAMTS5,,
ADAMTS9,,
ADAMTSL3,,
ADARB2,,
ADCY1,,
ADCY2,,
ADCY8,,
ADCYAP1R1,,
ADD2,,
ADGRB2,,
ADGRB3,,
ADGRG2,,
ADGRG7,,
ADGRL4,,
ADH1,,
ADH4,,
ADH6,,
ADH6A,,
ADH7,,
ADIPOQ,,
ADPRHL1,,
ADRA1A,,
ADRA1B,,
ADRA1D,,
ADRA2B,,
ADRA2C,,
ADRB3,,
AFAP1L2,,
AFM,,
AFP,,
AGBL4,,
AGMO,,
AGR2,,
AGR3,,
AGTR1B,,
AGTR2,,
AGXT,,
AGXT2,,
AHSG,,
AHSP,,
AICDA,,
AIF1L,,
AIPL1,,
AIRE,,
AJAP1,,
AK7,,
AK8,,
AKAP4,,
AKP3,,
AKR1C1,,
AKR1C12,,
AKR1C12L1,,
AKR1C19,,
AKR1C3,,
AKR1CL,,
AKR1D1,,
ALB,,
ALDH1A1,,
ALDH1A2,,
ALDH1A3,,
ALDH1A7,,
ALDH1B1,,
ALDH3A1,,
ALDH5A1,,
ALDH8A1,,
ALDOB,,
ALK,,
ALLC,,
ALOX15B,,
ALPI,,
ALS2CR11,,
ALX1,,
ALX3,,
ALX4,,
AMBN,,
AMBP,,
AMDHD1,,
AMOTL2,,
AMPH,,
AMTN,,
AMY1A,,
AMY2A3,,
ANDPRO,,
ANG,,
ANGPTL6,,
ANK1,,
ANKEF1,,
ANKRD1,,
ANKRD22,,
ANKRD29,,
ANKRD34B,,
ANKRD55,,
ANKRD7,,
ANKS1B,,
ANO1,,
ANO4,,
ANTXR1,,
ANXA10,,
ANXA13,,
ANXA8,,
AOC1,,
AOC3,,
AOX1,,
AOX3,,
AOX4,,
APBA2,,
APCS,,
APEG3,,
APLN,,
APLNR,,
APOA2,,
APOB,,
APOBEC4,,
APOC2,,
APOC3,,
APOC4,,
APOH,,
APOL3,,
AQP1,,
AQP12A,,
AQP2,,
AQP3,,
AQP4,,
AQP5,,
AQP6,,
AQP7,,
AR,,
ARHGAP29,,
ARHGEF15,,
ARHGEF16,,
ARHGEF25,,
ARHGEF28,,
ARID3C,,
ARL13A,,
ARMC12,,
ARMCX2,,
ARR3,,
ARRDC5,,
ARSJ,,
ART1,,
ART2B,,
ART4,,
ART5,,
ARTN,,
ARX,,
ASB10,,
ASB12,,
ASB16,,
ASB17,,
ASB18,,
ASB4,,
ASB9,,
ASCL1,,
ASGR1,,
ASIC2,,
ASIC4,,
ASIC5,,
ASIP,,
ASPDH,,
ASPG,,
ASPHD2,,
ASPN,,
ASZ1,,
ATCAY,,
ATF7IP2,,
ATOH1,,
ATOH7,,
ATP12A,,
ATP13A5,,
ATP1A2,,
ATP2A1,,
ATP2B3,,
ATP2C2,,
ATP4B,,
ATP6AP1L,,
ATP6V1B1,,
ATP6V1G3,,
ATP8B1,,
AVP,,
AWAT1,,
AWAT2,,
AZGP1,,
B3GALT1,,
B3GALT5,,
B3GAT1,,
B3GAT2,,
B3GNT5,,
B4GALNT1,,
B4GALNT4,,
BAALC,,
BAI1,,
BANK1,,
BARHL1,,
BARHL2,,
BARX1,,
BBOX1,,
BC1,,
BCAN,,
BCAS1,,
BCHE,,
BCL11A,,
BCL11B,,
BCL2L10,,
BCO1,,
BDKRB1,,
BEGAIN,,
BEND5,,
BEND7,,
BEST2,,
BEST3,,
BEX1,,
BEX4,,
BHLHE22,,
BHMT2,,
BICC1,,
BIN2A,,
BIRC7,,
BLK,,
BMP10,,
BMP15,,
BMP3,,
BMP4,,
BMP5,,
BMP7,,
BMP8A,,
BMPER,,
BMPR1B,,
BMX,,
BMYC,,
BNC1,,
BNIPL,,
BOLL,,
BPIFA1,,
BPIFA2,,
BPIFA2F,,
BPIFA3,,
BPIFA5,,
BPIFB2,,
BPIFB3,,
BPIFB4,,
BPIFB6,,
BPIFC,,
BRDT,,
BRINP1,,
BRINP3,,
BSND,,
BSX,,
BTBD16,,
BTBD17,,
BTC,,
BTG4,,
BTN3A2,,
BTNL2,,
BTNL3,,
BTNL5,,
BTNL7,,
BTNL8,,
C1QL1,,
C1QL2,,
C1QTNF2,,
C1QTNF3,,
C1QTNF5,,
C1QTNF6,,
C1QTNF7,,
C1QTNF9,,
C1RL,,
C4B,,
C4BPA,,
C6,,
C8A,,
C8B,,
CABP5,,
CABS1,,
CACNA1B,,
CACNA1E,,
CACNA1H,,
CACNA1S,,
CACNA2D1,,
CACNA2D3,,
CACNA2D4,,
CACNB2,,
CACNB4,,
CACNG1,,
CACNG3,,
CACNG5,,
CACNG6,,
CACNG7,,
CACNG8,,
CADM2,,
CADM3,,
CADM4,,
CADPS,,
CALB1,,
CALB2,,
CALCA,,
CALCB,,
CALHM1,,
CALHM3,,
CALML3,,
CALN1,,
CALY,,
CAMK1G,,
CAMK4,,
CAMKV,,
CAMSAP3,,
CAP2,,
CAPN11,,
CAPN12,,
CAPN6,,
CAPN8,,
CAPN9,,
CAPS2,,
CAPZA3,,
CAR1,,
CAR14,,
CAR15,,
CAR3,,
CAR5A,,
CARTPT,,
CASP14,,
CASQ2,,
CASR,,
CATSPER3,,
CB707485,,
CB741658,,
CBLC,,
CBLN1,,
CBLN3,,
CBLN4,,
CCDC105,,
CCDC129,,
CCDC146,,
CCDC166,,
CCDC172,,
CCDC176,,
CCDC179,,
CCDC182,,
CCDC183,,
CCDC185,,
CCDC24,,
CCDC27,,
CCDC40,,
CCDC42,,
CCDC60,,
CCDC63,,
CCDC64B,,
CCDC67,,
CCDC68,,
CCDC7,,
CCDC81,,
CCDC85A,,
CCDC89,,
CCER1,,
CCK,,
CCKBR,,
CCL19,,
CCL21,,
CCL26,,
CCL27,,
CCL28,,
CCNA1,,
CCNO,,
CCR10,,
CCR4,,
CCR6,,
CCR9,,
CCSER1,,
CD163,,
CD163L1,,
CD177,,
CD19,,
CD209A,,
CD209B,,
CD209E,,
CD226,,
CD247,,
CD248,,
CD27,,
CD300LB,,
CD34,,
CD3E,,
CD3G,,
CD40LG,,
CD99L2,,
CDCP1,,
CDH10,,
CDH11,,
CDH16,,
CDH19,,
CDH2,,
CDH20,,
CDH22,,
CDH23,,
CDH26,,
CDH3,,
CDH6,,
CDH7,,
CDH8,,
CDH9,,
CDK5R2,,
CDX2,,
CDX4,,
CEACAM11,,
CEACAM20,,
CEACAM3,,
CEACAM6,,
CEACAM9,,
CELA3B,,
CELSR2,,
CEP95,,
CER1,,
CERS3,,
CES1D,,
CES1F,,
CES2,,
CES2A,,
CES2C,,
CES2E,,
CES2G,,
CES2H,,
CES2J,,
CES4A,,
CES5A,,
CESL1,,
CETN1,,
CFC1,,
CFI,,
CGA,,
CGM4,,
CHAT,,
CHD5,,
CHGA,,
CHIA,,
CHIT1,,
CHMP4C,,
CHODL,,
CHRDL1,,
CHRDL2,,
CHRM2,,
CHRM3,,
CHRM5,,
CHRNA3,,
CHRNA4,,
CHRNA5,,
CHRNA6,,
CHRNA7,,
CHRNA9,,
CHRNB3,,
CHRNB4,,
CHRND,,
CHRNG,,
CHST10,,
CHST11,,
CHST13,,
CHST3,,
CHST4,,
CHST5,,
CHST9,,
CIB3,,
CIDEB,,
CIITA,,
CILP,,
CISTR-ACT,,
CKM,,
CKMT1B,,
CKMT2,,
CLCA1,,
CLCA2,,
CLCA4,,
CLCA4L,,
CLCN1,,
CLDN10,,
CLDN14,,
CLDN16,,
CLDN17,,
CLDN18,,
CLDN19,,
CLDN2,,
CLDN22,,
CLDN24,,
CLDN3,,
CLDN34A,,
CLDN34D,,
CLDN34E,,
CLDN5,,
CLDN8,,
CLDND2,,
CLEC11A,,
CLEC12B,,
CLEC14A,,
CLEC1B,,
CLEC2D2,,
CLEC2DL1,,
CLEC2E,,
CLEC3A,,
CLEC4M,,
CLEC6A-PS1,,
CLEC9A,,
CLIC6,,
CLIP4,,
CLMN,,
CLPS,,
CLPSL2,,
CLRN1,,
CLRN2,,
CLRN3,,
CLSTN2,,
CLUL1,,
CLVS2,,
CMA1,,
CML2,,
CML5,,
CMTM1,,
CMTM2A,,
CMTM5,,
CNFN,,
CNGA1,,
CNGA3,,
CNGB1,,
CNIH3,,
CNKSR1,,
CNKSR2,,
CNN1,,
CNTD1,,
CNTLN,,
CNTN1,,
CNTN2,,
CNTN3,,
CNTN5,,
CNTN6,,
CNTNAP1,,
CNTNAP4,,
CNTNAP5A,,
CNTNAP5B,,
CNTNAP5C,,
COBL,,
COCH,,
COL11A1,,
COL13A1,,
COL14A1,,
COL16A1,,
COL1A2,,
COL23A1,,
COL26A1,,
COL27A1,,
COL2A1,,
COL3A1,,
COL4A1,,
COL5A1,,
COL5A2,,
COL6A2,,
COL6A4,,
COL8A1,,
COL9A1,,
COLEC10,,
CORIN,,
CORT,,
COX6C-PS1,,
COX8B,,
COX8C,,
CPA1,,
CPA3,,
CPA4,,
CPA5,,
CPA6,,
CPAMD8,,
CPB1,,
CPG1,,
CPLX4,,
CPN1,,
CPN2,,
CPNE6,,
CPNE9,,
CPS1,,
CPXM2,,
CPZ,,
CR2,,
CRB1,,
CRB2,,
CRB3,,
CREB3L3,,
CREB3L4,,
CRH,,
CRHBP,,
CRHR1,,
CRHR2,,
CRIP3,,
CRISP2,,
CRISP4,,
CRISPLD2,,
CRP,,
CRTAM,,
CRYAA,,
CRYBA1,,
CRYBA2,,
CRYBB1,,
CRYBB2,,
CRYBB3,,
CRYGB,,
CRYGC,,
CRYGD,,
CRYGN,,
CRYM,,
CSAP1,,
CSDC2,,
CSMD1,,
CSN1S2A,,
CSN1S2B,,
CSN2,,
CSN3,,
CST11,,
CST12,,
CST13,,
CST5,,
CST8,,
CST9L,,
CSTL1,,
CTAG2,,
CTF2,,
CTGF,,
CTHRC1,,
CTLA4,,
CTRB1,,
CTS7,,
CTS8,,
CTSG,,
CTSJ,,
CTSM,,
CTSQ,,
CTSQL2,,
CTSR,,
CTSW,,
CTU2,,
CTXN2,,
CTXN3,,
CUBN,,
CUX2,,
CXXC4,,
CYCT,,
CYGB,,
CYP11A1,,
CYP11B1,,
CYP11B2,,
CYP11B3,,
CYP17A1,,
CYP19A1,,
CYP1A1,,
CYP1A2,,
CYP24A1,,
CYP2A1,,
CYP2A2,,
CYP2A3,,
CYP2B1,,
CYP2B12,,
CYP2B15,,
CYP2B2,,
CYP2B21,,
CYP2B3,,
CYP2C11,,
CYP2C12,,
CYP2C13,,
CYP2C22,,
CYP2C23,,
CYP2C24,,
CYP2C6V1,,
CYP2C7,,
CYP2D2,,
CYP2D3,,
CYP2E1,,
CYP2F4,,
CYP2G1,,
CYP2J10,,
CYP2T1,,
CYP39A1,,
CYP3A18,,
CYP3A2,,
CYP3A23/3A1,,
CYP3A62,,
CYP3A9,,
CYP46A1,,
CYP4A1,,
CYP4A2,,
CYP4A3,,
CYP4A8,,
CYP4B1,,
CYP4F1,,
CYP4F37,,
CYP4F4,,
CYP4F40,,
CYP4X1,,
CYP7A1,,
CYP7B1,,
CYP8B1,,
CYS1,,
CYSLTR2,,
CYSRT1,,
CYSS,,
CYTL1,,
CYYR1,,
DAB1,,
DACT2,,
DACT3,,
DAO,,
DAPL1,,
DAW1,,
DAZL,,
DBH,,
DBX1,,
DCAF12,,
DCC,,
DCDC2,,
DCDC2C,,
DCDC5,,
DCLK3,,
DCM5,,
DCX,,
DDAH1,,
DDI1,,
DDN,,
DDO,,
DDX3Y,,
DDX4,,
DEFA10,,
DEFA11,,
DEFA24,,
DEFA5,,
DEFA6,,
DEFA7,,
DEFA8,,
DEFA9,,
DEFAL1,,
DEFB1,,
DEFB10,,
DEFB11,,
DEFB12,,
DEFB13,,
DEFB14,,
DEFB15,,
DEFB16-PS,,
DEFB17,,
DEFB18,,
DEFB2,,
DEFB20,,
DEFB21,,
DEFB22,,
DEFB23,,
DEFB24,,
DEFB25,,
DEFB26,,
DEFB27,,
DEFB29,,
DEFB3,,
DEFB30,,
DEFB33,,
DEFB36,,
DEFB37,,
DEFB38,,
DEFB39,,
DEFB4,,
DEFB40,,
DEFB41,,
DEFB42,,
DEFB43,,
DEFB44,,
DEFB49,,
DEFB5,,
DEFB50,,
DEFB51,,
DEFB9,,
DGAT2L6,,
DGKB,,
DHRS7C,,
DIO1,,
DIO2,,
DIO3,,
DIRAS1,,
DIRAS2,,
DISP2,,
DKK1,,
DKK2,,
DKK3,,
DKKL1,,
DLEU7,,
DLG2,,
DLGAP3,,
DLK1,,
DLK2,,
DLX1,,
DLX2,,
DLX3,,
DLX4,,
DLX5,,
DMBT1,,
DMBX1,,
DMC1,,
DMD,,
DMGDH,,
DMP1,,
DMRT1,,
DMRT2,,
DMRT3,,
DMRTA1,,
DMRTB1,,
DMRTC1A,,
DMRTC1C1,,
DMRTC2,,
DNAH1,,
DNAI1,,
DNAI2,,
DNAJB8,,
DNAJC5B,,
DNAJC5G,,
DNAJC6,,
DNALI1,,
DNASE1,,
DNASE2B,,
DND1,,
DOC2A,,
DOC2B,,
DOK6,,
DOXL1,,
DOXL2,,
DPCR1,,
DPEP1,,
DPP4,,
DPP6,,
DPPA1,,
DPT,,
DPY19L3,,
DPYS,,
DPYSL4,,
DRC7,,
DRD1,,
DRD2,,
DRD3,,
DRD5,,
DRGX,,
DRP2,,
DSC3,,
DSG3,,
DSG4,,
DSPP,,
DUOX1,,
DUOX2,,
DUOXA1,,
DUOXA2,,
DUPD1,,
DUSP13,,
DUSP15,,
DUSP21,,
DYDC2,,
DYNC1I1,,
DYNLRB2,,
DZIP1L,,
DZIP1-PS1,,
E230034O05RIK,,
EAR11,,
EBF1,,
EBF2,,
EBF4,,
ECEL1,,
ECHDC2,,
EDA,,
EDDM3B,,
EDN2,,
EDN3,,
EDNRA,,
EEF1A2,,
EFCAB1,,
EFCAB10,,
EFCAB3,,
EFHB,,
EFHC2,,
EFNA5,,
EFNB3,,
EFS,,
EGFEM1,,
EGFL6,,
EGFL8,,
EGFLAM,,
EGR4,,
EHHADH,,
ELANE,,
ELAVL2,,
ELAVL3,,
ELAVL4,,
ELF3,,
ELF5,,
ELFN1,,
ELMOD1,,
ELN,,
ELOVL2,,
ELOVL3,,
ELOVL7,,
EMC9,,
EMCN,,
EMG1,,
EMID1,,
EMR4,,
EMX2,,
EN2,,
ENAH,,
ENAM,,
ENDOU,,
ENHO,,
ENPEP,,
ENPP6,,
ENPP7,,
ENTHD1,,
ENTPD3,,
ENTPD8,,
EPB41L4B,,
EPB42,,
EPCAM,,
EPGN,,
EPHA1,,
EPHA3,,
EPHA4,,
EPHA5,,
EPHA7,,
EPHB1,,
EPHB2,,
EPHX4,,
EPO,,
EPPIN,,
EPS8L3,,
EPX,,
EPYC,,
ERBB2,,
ERBB4,,
ERICH2,,
ERICH4,,
ERMN,,
ERN2,,
ESM1,,
ESPN,,
ESR1,,
ESR2,,
ESRP1,,
ESRRB,,
ESRRG,,
ETNK2,,
ETV3L,,
EVC2,,
EVPL,,
EVX1,,
EXOC3L1,,
EYA2,,
EYA4,,
F11,,
F12,,
F2,,
F2R,,
F9,,
FA2H,,
FABP1,,
FABP2,,
FABP6,,
FABP7,,
FAIM2,,
FAM107A,,
FAM110C,,
FAM110D,,
FAM115E,,
FAM131B,,
FAM150A,,
FAM150B,,
FAM160A1,,
FAM163B,,
FAM166A,,
FAM170A,,
FAM180A,,
FAM181B,,
FAM184B,,
FAM186B,,
FAM187A,,
FAM19A4,,
FAM19A5,,
FAM205C,,
FAM221A,,
FAM221B,,
FAM227A,,
FAM227B,,
FAM228A,,
FAM24A,,
FAM26E,,
FAM3D,,
FAM46D,,
FAM71D,,
FAM71E2,,
FAM71F1,,
FAM83A,,
FAM83B,,
FAM83F,,
FAM84A,,
FANCD2OS,,
FANK1,,
FAP,,
FAT1,,
FAT2,,
FAT4,,
FAXC,,
FBLN1,,
FBN1,,
FBN2,,
FBP1,,
FBP2,,
FBXL3-PS1,,
FBXO16,,
FBXO24,,
FBXO41,,
FBXO43,,
FCER1A,,
FCGBP,,
FCGBPL1,,
FCHO1,,
FCRL6,,
FENDRR,,
FER1L4,,
FERD3L,,
FERMT1,,
FETUB,,
FEV,,
FEZ1,,
FEZF1,,
FEZF2,,
FFAR1,,
FFAR3,,
FGA,,
FGB,,
FGF1,,
FGF10,,
FGF11,,
FGF14,,
FGF16,,
FGF17,,
FGF19,,
FGF20,,
FGF22,,
FGF3,,
FGF4,,
FGF5,,
FGF6,,
FGF7,,
FGFR2,,
FGFR3,,
FGFR4,,
FGL1,,
FHL1,,
FHL5,,
FHOD3,,
FIBCD1,,
FIGN,,
FKBP6,,
FLT4,,
FMO1,,
FMO2,,
FMO3,,
FMO9,,
FMOD,,
FN3K,,
FNDC1,,
FNDC3C1,,
FNDC5,,
FNDC7,,
FNDC8,,
FOLH1,,
FOXA1,,
FOXA2,,
FOXB1,,
FOXB2,,
FOXC1,,
FOXC2,,
FOXE3,,
FOXG1,,
FOXH1,,
FOXI1,,
FOXI3,,
FOXN1,,
FOXN4,,
FOXP2,,
FOXP3,,
FOXS1,,
FPR1,,
FPR-RS3,,
FRAS1,,
FREM1,,
FREM2,,
FREM3,,
FRMD3,,
FRMPD4,,
FRZB,,
FSD1,,
FSD2,,
FSHB,,
FSHR,,
FSTL1,,
FSTL4,,
FSTL5,,
FTCD,,
FTMT,,
FUT2,,
FUT9,,
FXYD1,,
FXYD3,,
FZD10,,
FZD2,,
FZD4,,
G6B,,
G6PC,,
GABRA1,,
GABRA2,,
GABRA3,,
GABRA4,,
GABRA5,,
GABRA6,,
GABRB1,,
GABRB2,,
GABRB3,,
GABRD,,
GABRE,,
GABRG1,,
GABRG2,,
GABRG3,,
GABRP,,
GABRQ,,
GAD1,,
GAD2,,
GAL3ST3,,
GALNT13,,
GALNT14,,
GALNT5,,
GALNT9,,
GALNTL5,,
GALNTL6,,
GALP,,
GALR1,,
GALR3,,
GAP43,,
GAPT,,
GAREML,,
GAS2L2,,
GATA1,,
GATA2,,
GATA4,,
GATA5,,
GBA2,,
GBA3,,
GBGT1,,
GBX1,,
GBX2,,
GC,,
GCM1,,
GCM2,,
GCNT3,,
GDAP1,,
GDF10,,
GDF2,,
GDF7,,
GDF9,,
GDPD2,,
GFAP,,
GFI1,,
GFRA1,,
GFRA4,,
GFRAL,,
GGNBP1,,
GGT6,,
GH1,,
GHR,,
GHRH,,
GHRL,,
GHSR,,
GIF,,
GIMD1,,
GIP,,
GIPC2,,
GJA10,,
GJA3,,
GJA5,,
GJA6,,
GJA8,,
GJB1,,
GJB4,,
GJB5,,
GJB6,,
GJD2,,
GJD4,,
GJE1,,
GK2,,
GKN1,,
GKN2,,
GLB1L2,,
GLB1L3,,
GLDN,,
GLI1,,
GLI2,,
GLI3,,
GLP1R,,
GLP2R,,
GLRA1,,
GLRA2,,
GLRA3,,
GLRB,,
GLT6D1,,
GLYAT,,
GLYATL2,,
GLYATL3,,
GLYCAM1,,
GNA14,,
GNAZ,,
GNG13,,
GNG7,,
GNGT1,,
GNRHR,,
GOLT1A,,
GP1BB,,
GP2,,
GPA33,,
GPBAR1,,
GPC3,,
GPC4,,
GPC5,,
GPHA2,,
GPHB5,,
GPIHBP1,,
GPM6A,,
GPM6B,,
GPR1,,
GPR101,,
GPR119,,
GPR12,,
GPR135,,
GPR137C,,
GPR139,,
GPR143,,
GPR149,,
GPR15,,
GPR150,,
GPR156,,
GPR158,,
GPR165,,
GPR17,,
GPR173,,
GPR176,,
GPR20,,
GPR26,,
GPR27,,
GPR3,,
GPR33,,
GPR37,,
GPR50,,
GPR6,,
GPR61,,
GPR75,,
GPR81,,
GPR87,,
GPRC5D,,
GPRC6A,,
GPX5,,
GPX6,,
GPX7,,
GRAMD1B,,
GRAMD1C,,
GRAP2,,
GRB7,,
GREM2,,
GRHL2,,
GRIA1,,
GRIA2,,
GRIA3,,
GRIA4,,
GRID1,,
GRID2,,
GRID2IP,,
GRIFIN,,
GRIK1,,
GRIK2,,
GRIK3,,
GRIK4,,
GRIK5,,
GRIN2B,,
GRIN2C,,
GRIN3A,,
GRIN3B,,
GRIP1,,
GRK1,,
GRM2,,
GRM3,,
GRM6,,
GRM7,,
GRM8,,
GRP,,
GRPCA,,
GRPCB,,
GRPR,,
GRXCR2,,
GSC,,
GSC2,,
GSPT2,,
GSTA2,,
GSTA3,,
GSTA5,,
GSTM2,,
GSTM3,,
GSTM6,,
GSTM6L,,
GSTM7,,
GSTT3,,
GSTT4,,
GSX1,,
GTF2A1L,,
GUCY1A2,,
GUCY1A3,,
GUCY1B2,,
GUCY2C,,
GUCY2D,,
GUCY2E,,
GUCY2F,,
GULO,,
GYKL1,,
GYLTL1B,,
GYS2,,
GZMA,,
GZMB,,
GZMC,,
GZMF,,
GZMK,,
GZMN,,
H19,,
H1FNT,,
H1FOO,,
H2AFB3,,
HABP2,,
HAL,,
HAND2,,
HAO2,,
HAPLN1,,
HAPLN3,,
HAS2,,
HAS3,,
HBA1,,
HBB-B1,,
HBE2,,
HBG1,,
HBZ,,
HCN1,,
HCN4,,
HCRT,,
HCRTR1,,
HCRTR2,,
HDAC11,,
HDC,,
HDGFL1,,
HDHD1,,
HDX,,
HECW1,,
HEPHL1,,
HES2,,
HES5,,
HESX1,,
HEXDC,,
HEYL,,
HFE2,,
HFM1,,
HGD,,
HGFAC,,
HHATL,,
HHIP,,
HIF3A,,
HIGD1B,,
HILS1,,
HIST1H1T,,
HIST1H2AF,,
HIST3H3,,
HMCN1,,
HMGB1-PS2,,
HMGB4,,
HMGCS2,,
HMX3,,
HNF4A,,
HNF4G,,
HNMT,,
HOXA11,,
HOXA13,,
HOXA2,,
HOXA6,,
HOXA9,,
HOXB13,,
HOXB3,,
HOXB4,,
HOXB5,,
HOXB7,,
HOXB8,,
HOXB9,,
HOXC10,,
HOXC11,,
HOXC12,,
HOXC4,,
HOXC5,,
HOXC8,,
HOXC9,,
HOXD12,,
HOXD13,,
HOXD3,,
HPD,,
HPGD,,
HRASLS,,
HRASLS5,,
HRC,,
HRG,,
HRH2,,
HRH3,,
HRH4,,
HRK,,
HS3ST6,,
HS6ST2,,
HS6ST3,,
HSD11B2,,
HSD17B6,,
HSD3B,,
HSD3B1,,
HSD3B5,,
HSD3B6,,
HSFY2,,
HSPA12A,,
HSPB3,,
HSPB8,,
HTR1A,,
HTR1D,,
HTR2C,,
HTR3A,,
HTR4,,
HTR5A,,
HTR6,,
HUNK,,
HYAL4,,
HYAL5,,
HYAL6,,
HYPM,,
IAPP,,
IBSP,,
ICA1L,,
ID1,,
ID4,,
IER3IP1,,
IFNA1,,
IFNA2,,
IFNA4,,
IFNG,,
IFNK,,
IGBP1B,,
IGF2,,
IGFALS,,
IGFBP1,,
IGFBP2,,
IGFBP3,,
IGFBP5,,
IGFBP7,,
IGFBPL1,,
IGFL3,,
IGLL1,,
IGSF1,,
IGSF10,,
IGSF21,,
IGSF5,,
IKZF2,,
IL13,,
IL13RA2,,
IL17A,,
IL17B,,
IL17RB,,
IL17RD,,
IL1F10,,
IL1R1,,
IL1RAPL1,,
IL1RAPL2,,
IL2,,
IL20RA,,
IL21,,
IL22,,
IL22RA1,,
IL24,,
IL25,,
IL31RA,,
IL36A,,
IL36G,,
IL36RN,,
IL4,,
IL5,,
IL5RA,,
IL9,,
IMPG1,,
IMPG2,,
INA,,
INCA1,,
INHA,,
INHBB,,
INMT,,
INPP5J,,
INS1,,
INS2,,
INSC,,
INSRR,,
IQCA1L,,
IQCF1,,
IQCF5,,
IQCF6,,
IQCG,,
IQCH,,
IRX1,,
IRX3,,
IRX4,,
IRX6,,
ISL1,,
ISL2,,
ISM1,,
ITGA11,,
ITGA8,,
ITGB1BP2,,
ITGB4,,
ITGB6,,
ITGBL1,,
ITIH1,,
ITIH3,,
ITPKA,,
IVL,,
JAKMIP1,,
JAKMIP2,,
JAKMIP3,,
JAM3,,
JPH1,,
JPH4,,
KA11,,
KALRN,,
KANK4,,
KAP,,
KB15,,
KB23,,
KBTBD4,,
KCNA1,,
KCNA10,,
KCNA4,,
KCNA5,,
KCNA6,,
KCNB1,,
KCNB2,,
KCNC1,,
KCNC2,,
KCNC3,,
KCNC4,,
KCND2,,
KCND3,,
KCNE1,,
KCNF1,,
KCNG1,,
KCNG4,,
KCNH1,,
KCNH3,,
KCNH5,,
KCNH6,,
KCNH7,,
KCNH8,,
KCNIP3,,
KCNIP4,,
KCNJ11,,
KCNJ12,,
KCNJ16,,
KCNJ3,,
KCNJ4,,
KCNJ6,,
KCNJ8,,
KCNK1,,
KCNK15,,
KCNK16,,
KCNK18,,
KCNK2,,
KCNK3,,
KCNK9,,
KCNMA1,,
KCNMB1,,
KCNMB2,,
KCNMB3,,
KCNN2,,
KCNQ1,,
KCNQ2,,
KCNQ3,,
KCNS1,,
KCNS2,,
KCNT1,,
KCNV2,,
KCTD16,,
KCTD8,,
KDR,,
KEL,,
KHDC3,,
KHDRBS2,,
KHDRBS3,,
KIAA0408,,
KIF12,,
KIF19,,
KIF26A,,
KIF27,,
KIF28P,,
KIF2B,,
KIR3DL1,,
KIRREL,,
KIRREL3,,
KISS1,,
KISS1R,,
KIT,,
KL,,
KLF14,,
KLHDC8A,,
KLHL1,,
KLHL10,,
KLHL14,,
KLHL29,,
KLHL31,,
KLHL4,,
KLK1,,
KLK10,,
KLK11,,
KLK12,,
KLK13,,
KLK1C10,,
KLK1C12,,
KLK1C2,,
KLK1C3,,
KLK1C6,,
KLK1C7,,
KLK1C8,,
KLK1C9,,
KLK4,,
KLK6,,
KLK7,,
KLK8,,
KLKB1,,
KLRA17,,
KLRA22,,
KLRB1,,
KLRB1A,,
KLRB1C,,
KLRC1,,
KLRC2,,
KLRC3,,
KLRD1,,
KLRE1,,
KLRG1,,
KLRH1,,
KLRI1,,
KLRI2,,
KNG1,,
KNG1L1,,
KPRP,,
KREMEN2,,
KRT1,,
KRT12,,
KRT13,,
KRT14,,
KRT15,,
KRT16,,
KRT17,,
KRT18,,
KRT19,,
KRT2,,
KRT20,,
KRT24,,
KRT25,,
KRT26,,
KRT27,,
KRT28,,
KRT31,,
KRT32,,
KRT33A,,
KRT33B,,
KRT34,,
KRT35,,
KRT36,,
KRT39,,
KRT4,,
KRT40,,
KRT42,,
KRT5,,
KRT71,,
KRT72,,
KRT73,,
KRT75,,
KRT76,,
KRT77,,
KRT8,,
KRT81,,
KRT82,,
KRT83,,
KRT84,,
KRT85,,
KRT86,,
KRT9,,
KRTAP13-2,,
KRTAP14,,
KRTAP1-5,,
KRTAP15-1,,
KRTAP16-5,,
KRTAP19-5,,
KRTAP31-1,,
KRTAP7-1,,
KY,,
KYNU,,
LALBA,,
LAMA1,,
LAMA4,,
LAMB3,,
LAMC2,,
LAMC3,,
LAMP3,,
LAMP5,,
LAO1,,
LARP6,,
LAX1,,
LBP,,
LBX1,,
LBX2,,
LCA5L,,
LCE1F,,
LCE1L,,
LCE1M,,
LCN1,,
LCN10,,
LCN11,,
LCN5,,
LCN6,,
LCN8,,
LCN9,,
LCT,,
LCTL,,
LDB2,,
LDHAL6B,,
LEAP2,,
LECT1,,
LECT2,,
LEFTY2,,
LENEP,,
LEP,,
LEPR,,
LGALS12,,
LGALS2,,
LGALS7,,
LGI1,,
LGI2,,
LGI3,,
LGR5,,
LGSN,,
LHB,,
LHFPL1,,
LHFPL4,,
LHFPL5,,
LHX5,,
LHX6,,
LHX8,,
LHX9,,
LIFR,,
LIM2,,
LIN28C,,
LIN7A,,
LIN7B,,
LINGO2,,
LINGO4,,
LIPF,,
LIPI,,
LIPK,,
LKAAEAR1,,
LMAN1L,,
LMNTD1,,
LMNTD2,,
LMOD1,,
LMOD2,,
LMX1A,,
LMX1B,,
LNC004,,
LNC012,,
LNC016,,
LNC056,,
LNC081,,
LNC215,,
LOC100125384,,
LOC100271845,,
LOC100302465,,
LOC100359649,,
LOC100359907,,
LOC100359924,,
LOC100359968,,
LOC100360049,,
LOC100360095,,
LOC100360244,,
LOC100360619,,
LOC100360933,,
LOC100361087,,
LOC100361092,,
LOC100361645,,
LOC100361793,,
LOC100361828,,
LOC100362040,,
LOC100362078,,
LOC100362172,,
LOC100362690,,
LOC100362981,,
LOC100363112,,
LOC100363129,,
LOC100363289,,
LOC100363531,,
LOC100363867,,
LOC100364769,,
LOC100365112,,
LOC100365773,,
LOC100366054,,
LOC100909416,,
LOC100909539,,
LOC100909648,,
LOC100909680,,
LOC100909941,,
LOC100909970,,
LOC100910189,,
LOC100910304,,
LOC100910558,,
LOC100910620,,
LOC100910945,,
LOC100910996,,
LOC100911068,,
LOC100911360,,
LOC100911370,,
LOC100911827,,
LOC100912266,,
LOC100912312,,
LOC100912510,,
LOC102546391,,
LOC102547344,,
LOC102547468,,
LOC102548399,,
LOC102548847,,
LOC102549772,,
LOC102550325,,
LOC102550367,,
LOC102550394,,
LOC102550396,,
LOC102551365,,
LOC252890,,
LOC257643,,
LOC259244,,
LOC259245,,
LOC259246,,
LOC286960,,
LOC287004,,
LOC287167,,
LOC288521,,
LOC289035,,
LOC292543,,
LOC292801,,
LOC296235,,
LOC298111,,
LOC298116,,
LOC298139,,
LOC299282,,
LOC300308,,
LOC301165,,
LOC302576,,
LOC307727,,
LOC360933,,
LOC361914,,
LOC362901,,
LOC362921,,
LOC363337,,
LOC365238,,
LOC367117,,
LOC367515,,
LOC367830,,
LOC494224,,
LOC497796,,
LOC498063,,
LOC498084,,
LOC498152,,
LOC498155,,
LOC498231,,
LOC498236,,
LOC498308,,
LOC498316,,
LOC498330,,
LOC498339,,
LOC498460,,
LOC498592,,
LOC498705,,
LOC498750,,
LOC498836,,
LOC498933,,
LOC498971,,
LOC499136,,
LOC499219,,
LOC499240,,
LOC499306,,
LOC499407,,
LOC499469,,
LOC499530,,
LOC499541,,
LOC499542,,
LOC499544,,
LOC499565,,
LOC499573,,
LOC499584,,
LOC499715,,
LOC499742,,
LOC499796,,
LOC499843,,
LOC499886,,
LOC500035,,
LOC500148,,
LOC500350,,
LOC500354,,
LOC500567,,
LOC500594,,
LOC500702,,
LOC500827,,
LOC500846,,
LOC500876,,
LOC500877,,
LOC500948,,
LOC500990,,
LOC501038,,
LOC501180,,
LOC501233,,
LOC501618,,
LOC502684,,
LOC654482,,
LOC679149,,
LOC680045,,
LOC680112,,
LOC680227,,
LOC680428,,
LOC680590,,
LOC680885,,
LOC681419,,
LOC682102,,
LOC682259,,
LOC683313,,
LOC683469,,
LOC685171,,
LOC685391,,
LOC685406,,
LOC685544,,
LOC685964,,
LOC686031,,
LOC686120,,
LOC686288,,
LOC687707,,
LOC688090,,
LOC688335,,
LOC688390,,
LOC688553,,
LOC688613,,
LOC688828,,
LOC688924,,
LOC689064,,
LOC689065,,
LOC689081,,
LOC689199,,
LOC689412,,
LOC689589,,
LOC689600,,
LOC689618,,
LOC689713,,
LOC689840,,
LOC689927,,
LOC690206,,
LOC690276,,
LOC690352,,
LOC690386,,
LOC690415,,
LOC690435,,
LOC690460,,
LOC690478,,
LOC690918,,
LOC691083,,
LOC691162,,
LOC691215,,
LOC691277,,
LOC691286,,
LOC691352,,
LOC691670,,
LOC691895,,
LOC691952,,
LOX,,
LOXHD1,,
LOXL1,,
LOXL3,,
LPCAT2B,,
LPO,,
LPPR1,,
LPPR3,,
LPPR5,,
LRAT,,
LRCOL1,,
LRFN2,,
LRFN5,,
LRIT1,,
LRIT2,,
LRP1B,,
LRP2,,
LRP3,,
LRRC15,,
LRRC16B,,
LRRC23,,
LRRC26,,
LRRC39,,
LRRC43,,
LRRC4B,,
LRRC4C,,
LRRC52,,
LRRC55,,
LRRC6,,
LRRC69,,
LRRC7,,
LRRC74,,
LRRC75B,,
LRRC9,,
LRRK2,,
LRRN1,,
LRRN2,,
LRRTM1,,
LRRTM3,,
LRRTM4,,
LRSAM1,,
LRTM2,,
LSAMP,,
LTBP3,,
LTF,,
LTK,,
LUM,,
LURAP1L,,
LY49I3,,
LY49I4,,
LY49I5,,
LY49I9,,
LY49S3,,
LY49S4,,
LY49S5,,
LY49S6,,
LY49SI1,,
LY49SI2,,
LY6AL,,
LY6D,,
LY6G6F,,
LY6H,,
LY9,,
LYG1,,
LYNX1,,
LYPD1,,
LYPD2,,
LYPD4,,
LYPD5,,
LYPD6B,,
LYPD8,,
LYSMD1,,
LYZL1,,
LYZL4,,
LYZL6,,
LZTS1,,
MAB21L2,,
MACC1,,
MADCAM1,,
MAEL,,
MAG,,
MAGEA4,,
MAGEB16,,
MAGEB18,,
MAGEB3,,
MAGEB5,,
MAGEB7,,
MAGEBL1,,
MAGEC2,,
MAGEE2,,
MAGI2,,
MAL2,,
MALL,,
MAOB,,
MAP6D1,,
MAPK10,,
MAPK11,,
MAPK15,,
MAPK4,,
MARCH10,,
MARCH11,,
MARCO,,
MARVELD3,,
MASP1,,
MAT1A,,
MATN3,,
MATN4,,
MB,,
MBD3L1,,
MBL1,,
MBL2,,
MBLAC2,,
MBNL3,,
MBOAT2,,
MC2R,,
MC3R,,
MC4R,,
MC5R,,
MCF2L,,
MCPT1,,
MCPT10,,
MCPT1L1,,
MCPT2,,
MCPT3,,
MCPT4,,
MCPT8,,
MCPT8L2,,
MCPT9,,
MDGA2,,
ME3,,
MECOM,,
MED12L,,
MEGF10,,
MEGF6,,
MEI4,,
MEIG1,,
MEIS2,,
MEOX1,,
MEOX2,,
MEP1A,,
MEP1B,,
MESP1,,
MESP2,,
METTL24,,
METTL7B,,
MFAP4,,
MFAP5,,
MFI2,,
MFSD4,,
MFSD6,,
MGAT4C,,
MGAT4D,,
MGAT5B,,
MGC112692,,
MGC114246,,
MGC114427,,
MGC114483,,
MGC114492,,
MGC114499,,
MGC116197,,
MGC94891,,
MGC95210,,
MIAT,,
MICB,,
MID1,,
MILL1,,
MIOX,,
MIR1,,
MIR101A,,
MIR101B,,
MIR103-1,,
MIR103-2,,
MIR105,,
MIR106B,,
MIR107,,
MIR10A,,
MIR10B,,
MIR1188,,
MIR1193,,
MIR1199,,
MIR122,,
MIR1224,,
MIR124-1,,
MIR124-2,,
MIR124-3,,
MIR1247,,
MIR1249,,
MIR125A,,
MIR125B1,,
MIR125B2,,
MIR125B-2,,
MIR126,,
MIR127,,
MIR128-1,,
MIR128-2,,
MIR129-1,,
MIR129-2,,
MIR1297,,
MIR1298,,
MIR1306,,
MIR130A,,
MIR130B,,
MIR132,,
MIR133A,,
MIR133B,,
MIR134,,
MIR135A,,
MIR135B,,
MIR136,,
MIR137,,
MIR138-1,,
MIR138-2,,
MIR139,,
MIR140,,
MIR141,,
MIR142,,
MIR143,,
MIR144,,
MIR145,,
MIR146A,,
MIR146B,,
MIR147,,
MIR148A,,
MIR148B,,
MIR149,,
MIR150,,
MIR151,,
MIR152,,
MIR153,,
MIR154,,
MIR155,,
MIR15B,,
MIR16,,
MIR17,,
MIR17-2,,
MIR181A-1,,
MIR181A2,,
MIR181B1,,
MIR181B2,,
MIR181C,,
MIR181D,,
MIR182,,
MIR183,,
MIR184,,
MIR1843,,
MIR1843B,,
MIR185,,
MIR186,,
MIR187,,
MIR188,,
MIR1896,,
MIR18A,,
MIR190,,
MIR190B,,
MIR191,,
MIR1912,,
MIR192,,
MIR193,,
MIR193B,,
MIR194-1,,
MIR194-2,,
MIR1949,,
MIR195,,
MIR1956,,
MIR196A,,
MIR196B,,
MIR196C,,
MIR199A2,,
MIR19A,,
MIR19B1,,
MIR19B2,,
MIR1B,,
MIR200A,,
MIR200B,,
MIR200C,,
MIR201,,
MIR202,,
MIR203,,
MIR204,,
MIR205,,
MIR206,,
MIR207,,
MIR208A,,
MIR208B,,
MIR20A,,
MIR20B,,
MIR21,,
MIR210,,
MIR211,,
MIR212,,
MIR214,,
MIR215,,
MIR216A,,
MIR216B,,
MIR217,,
MIR218-1,,
MIR218-2,,
MIR219-1,,
MIR219-2,,
MIR22,,
MIR221,,
MIR222,,
MIR223,,
MIR224,,
MIR23A,,
MIR24-1,,
MIR24-2,,
MIR25,,
MIR26A,,
MIR26B,,
MIR27A,,
MIR27B,,
MIR28,,
MIR290,,
MIR291A,,
MIR291B,,
MIR292,,
MIR293,,
MIR294,,
MIR295-1,,
MIR296,,
MIR2964,,
MIR297,,
MIR298,,
MIR2985,,
MIR299,,
MIR29A,,
MIR29B1,,
MIR29B2,,
MIR29C,,
MIR300,,
MIR301A,,
MIR301B,,
MIR3064,,
MIR3065,,
MIR3068,,
MIR3072,,
MIR3075,,
MIR3084A,,
MIR3084C,,
MIR3084D,,
MIR3085,,
MIR3099,,
MIR30A,,
MIR30B,,
MIR30C-1,,
MIR30C2,,
MIR30D,,
MIR30E,,
MIR31,,
MIR3102,,
MIR3120,,
MIR32,,
MIR320A,,
MIR322,,
MIR323,,
MIR324,,
MIR325,,
MIR326,,
MIR327,,
MIR328,,
MIR328B,,
MIR329,,
MIR33,,
MIR330,,
MIR331,,
MIR336,,
MIR337,,
MIR338,,
MIR339,,
MIR341,,
MIR342,,
MIR343,,
MIR344-1,,
MIR344A-2,,
MIR344B-1,,
MIR344G,,
MIR344I,,
MIR345,,
MIR346,,
MIR3473,,
MIR349,,
MIR34B,,
MIR34C,,
MIR350,,
MIR3541,,
MIR3542,,
MIR3543,,
MIR3544,,
MIR3545,,
MIR3546,,
MIR3547,,
MIR3548,,
MIR3549,,
MIR3550,,
MIR3551,,
MIR3552,,
MIR3553,,
MIR3554,,
MIR3555,,
MIR3556A,,
MIR3556B,,
MIR3557,,
MIR3558,,
MIR3559,,
MIR3560,,
MIR3561,,
MIR3562,,
MIR3563,,
MIR3564,,
MIR3565,,
MIR3566,,
MIR3567,,
MIR3568,,
MIR3569,,
MIR3570,,
MIR3571,,
MIR3572,,
MIR3573,,
MIR3574,,
MIR3575,,
MIR3576,,
MIR3577,,
MIR3578,,
MIR3579,,
MIR3580,,
MIR3581,,
MIR3582,,
MIR3583,,
MIR3584,,
MIR3585,,
MIR3586,,
MIR3587,,
MIR3588,,
MIR3589,,
MIR3590,,
MIR3591,,
MIR3592,,
MIR3593,,
MIR3594,,
MIR3595,,
MIR3596A,,
MIR3596B,,
MIR3596C,,
MIR3596D,,
MIR3597-1,,
MIR3597-2,,
MIR3597-3,,
MIR361,,
MIR362,,
MIR363,,
MIR365,,
MIR369,,
MIR370,,
MIR374,,
MIR375,,
MIR376A,,
MIR376B,,
MIR376C,,
MIR377,,
MIR378,,
MIR378B,,
MIR379,,
MIR380,,
MIR381,,
MIR382,,
MIR383,,
MIR384,,
MIR409,,
MIR410,,
MIR411,,
MIR412,,
MIR421,,
MIR423,,
MIR425,,
MIR429,,
MIR431,,
MIR433,,
MIR434,,
MIR448,,
MIR449A,,
MIR449C,,
MIR451A,,
MIR455,,
MIR463,,
MIR465,,
MIR466C,,
MIR466D,,
MIR471,,
MIR483,,
MIR484,,
MIR485,,
MIR487B,,
MIR488,,
MIR489,,
MIR490,,
MIR493,,
MIR494,,
MIR495,,
MIR496,,
MIR497,,
MIR499,,
MIR500,,
MIR501,,
MIR503,,
MIR504,,
MIR505,,
MIR509,,
MIR511,,
MIR5132,,
MIR532,,
MIR539,,
MIR540,,
MIR541,,
MIR542,,
MIR543,,
MIR544,,
MIR547,,
MIR551B,,
MIR568,,
MIR582,,
MIR592,,
MIR598,,
MIR615,,
MIR6215,,
MIR6216,,
MIR628,,
MIR6314,,
MIR6315,,
MIR6316,,
MIR6318,,
MIR632,,
MIR6320,,
MIR6321,,
MIR6322,,
MIR6323,,
MIR6324,,
MIR6325,,
MIR6326,,
MIR6327,,
MIR6328,,
MIR6329,,
MIR6330,,
MIR6331,,
MIR6332,,
MIR6333,,
MIR6334,,
MIR652,,
MIR653,,
MIR664-1,,
MIR664-2,,
MIR665,,
MIR666,,
MIR667,,
MIR668,,
MIR671,,
MIR672,,
MIR673,,
MIR674,,
MIR675,,
MIR676,,
MIR678,,
MIR702,,
MIR708,,
MIR711,,
MIR741,,
MIR742,,
MIR743A,,
MIR743B,,
MIR7578,,
MIR758,,
MIR759,,
MIR760,,
MIR761,,
MIR762,,
MIR764,,
MIR770,,
MIR7A-1,,
MIR7A-2,,
MIR7B,,
MIR802,,
MIR871,,
MIR872,,
MIR873,,
MIR874,,
MIR875,,
MIR876,,
MIR877,,
MIR878,,
MIR879,,
MIR880,,
MIR881,,
MIR883,,
MIR9-1,,
MIR9-2,,
MIR92A1,,
MIR92A2,,
MIR92B,,
MIR93,,
MIR9-3,,
MIR935,,
MIR96,,
MIR98,,
MIR99A,,
MIR99B,,
MIRLET7A1,,
MIRLET7A-2,,
MIRLET7B,,
MIRLET7C-1,,
MIRLET7C-2,,
MIRLET7D,,
MIRLET7E,,
MIRLET7F-1,,
MIRLET7F-2,,
MIRLET7G,,
MIRLET7I,,
MISP,,
MIXL1,,
MLLT4,,
MLN,,
MME,,
MMP15,,
MMP16,,
MMP20,,
MMP21,,
MMP27,,
MMP7,,
MMP8,,
MNX1,,
MOBP,,
MOG,,
MORC2B,,
MORN5,,
MOS,,
MOXD2,,
MPDZ,,
MPO,,
MPP2,,
MPP3,,
MPP7,,
MPPED1,,
MPZ,,
MRAP2,,
MRGPRB13,,
MRGPRB4,,
MRGPRB5,,
MRGPRC,,
MRGPRD,,
MRGPRE,,
MRGPRG,,
MRGPRH,,
MRGPRX1,,
MRGPRX2,,
MRGPRX2L,,
MRLN,,
MS4A1,,
MS4A10,,
MS4A15,,
MS4A2,,
MS4A4C,,
MS4A8,,
MSANTD1,,
MSC,,
MSGN1,,
MSI1,,
MSLN,,
MSMB,,
MST1R,,
MSTN,,
MSX2,,
MSX3,,
MT4,,
MTERFD3,,
MTNR1A,,
MTNR1B,,
MTSS1L,,
MTTP,,
MUC1,,
MUC15,,
MUC19,,
MUG1,,
MUG2,,
MUM1L1,,
MUP4,,
MUP5,,
MYBPC1,,
MYBPC2,,
MYBPHL,,
MYCL,,
MYCN,,
MYCS,,
MYCT1,,
MYF5,,
MYF6,,
MYH1,,
MYH14,,
MYH2,,
MYH3,,
MYH4,,
MYH6,,
MYH7,,
MYH8,,
MYL2,,
MYL3,,
MYL6B,,
MYL7,,
MYL9,,
MYLK2,,
MYO16,,
MYO1B,,
MYO3B,,
MYO5B,,
MYO7B,,
MYOCD,,
MYOD1,,
MYOM1,,
MYOM2,,
MYOT,,
MYOZ1,,
MYOZ2,,
MYPN,,
MYRIP,,
MYT1,,
MYT1L,,
N5,,
NACAD,,
NALCN,,
NANOG,,
NANOS2,,
NANOS3,,
NAT3,,
NAV2,,
NCAM1,,
NCAN,,
NCCRP1,,
NCS1,,
NDST3,,
NDST4,,
NDUFA4L2,,
NECAB1,,
NEDD4,,
NEFL,,
NEFM,,
NEGR1,,
NELFCD,,
NELL1,,
NETO1,,
NEU2,,
NEU4,,
NEURL1,,
NEURL2,,
NEUROD1,,
NEUROD2,,
NEUROD6,,
NEUROG1,,
NEUROG3,,
NEWGENE_2812,,
NFASC,,
NGB,,
NGFR,,
NHLH2,,
NINJ2,,
NIPSNAP3A,,
NKAIN3,,
NKAIN4,,
NKAPL,,
NKD1,,
NKG7,,
NKX1-2,,
NKX2-1,,
NKX2-2,,
NKX2-3,,
NKX2-5,,
NKX2-6,,
NKX2-8,,
NKX3-1,,
NKX6-1,,
NKX6-2,,
NLGN1,,
NLRP10,,
NLRP12,,
NLRP4,,
NLRP4A,,
NLRP5,,
NLRP6,,
NLRP9,,
NMBR,,
NME8,,
NMNAT2,,
NMS,,
NMUR1,,
NMUR2,,
NNMT,,
NODAL,,
NOG,,
NOL4,,
NOS1,,
NOS1AP,,
NOS3,,
NOTCH3,,
NOTO,,
NOX3,,
NOX4,,
NOXA1,,
NP4,,
NPAS2,,
NPAS4,,
NPBWR1,,
NPFFR1,,
NPFFR2,,
NPHS2,,
NPPA,,
NPPC,,
NPR3,,
NPS,,
NPSR1,,
NPTX2,,
NPVF,,
NPY2R,,
NPY4R,,
NPY5R,,
NQO2,,
NR1H4,,
NR2E1,,
NR2F2,,
NR5A2,,
NRAP,,
NREP,,
NRG2,,
NRG4,,
NRGN,,
NRK,,
NRL,,
NRN1L,,
NRSN1,,
NRSN2,,
NRXN1,,
NRXN2,,
NRXN3,,
NSG1,,
NSG2,,
NT5C1B,,
NTF3,,
NTM,,
NTN4,,
NTN5,,
NTRK2,,
NTRK3,,
NTSR1,,
NXF3,,
NXF7,,
NXNL1,,
NXPH1,,
NXPH4,,
NYX,,
OACYL,,
OAS1E,,
OBP1F,,
OBP2A,,
OBP2B,,
OBP3,,
OC90,,
ODAM,,
ODF1,,
ODF3,,
ODF3B,,
ODF3L2,,
ODF4,,
OGN,,
OIT3,,
OLFM3,,
OLFML1,,
OLFML2A,,
OLIG1,,
OLR10,,
OLR1000,,
OLR1002,,
OLR1006,,
OLR1007,,
OLR101,,
OLR1012,,
OLR1014,,
OLR1016,,
OLR1020,,
OLR1024,,
OLR1029,,
OLR103,,
OLR104,,
OLR1049,,
OLR105,,
OLR1051,,
OLR1052,,
OLR1055,,
OLR1058,,
OLR1059,,
OLR106,,
OLR1060,,
OLR1061,,
OLR1063,,
OLR1064,,
OLR1065,,
OLR1067,,
OLR1068,,
OLR1069,,
OLR107,,
OLR1070,,
OLR1071,,
OLR1072,,
OLR1073,,
OLR1075,,
OLR1076,,
OLR1077,,
OLR1078,,
OLR1079,,
OLR108,,
OLR1081,,
OLR1082,,
OLR1083,,
OLR1084,,
OLR1085,,
OLR1086,,
OLR1087,,
OLR109,,
OLR1090,,
OLR1091,,
OLR1092,,
OLR1095,,
OLR1096,,
OLR11,,
OLR110,,
OLR1104,,
OLR1105,,
OLR1106,,
OLR1107,,
OLR1108,,
OLR111,,
OLR1111,,
OLR1115,,
OLR1117,,
OLR1118,,
OLR1119,,
OLR112,,
OLR1121,,
OLR1122,,
OLR1124,,
OLR1125,,
OLR1126,,
OLR1128,,
OLR1129,,
OLR113,,
OLR1130,,
OLR1132,,
OLR1135,,
OLR1137,,
OLR1138,,
OLR1139,,
OLR114,,
OLR1143,,
OLR1144,,
OLR1145,,
OLR1147,,
OLR1148,,
OLR1149,,
OLR115,,
OLR1151,,
OLR1155,,
OLR1156,,
OLR1159,,
OLR1162,,
OLR1163,,
OLR1164,,
OLR1165,,
OLR1166,,
OLR1169,,
OLR1171,,
OLR1172,,
OLR1174,,
OLR1179,,
OLR1185,,
OLR1186,,
OLR119,,
OLR1191,,
OLR1192,,
OLR1193,,
OLR1194,,
OLR1195,,
OLR1196,,
OLR1197,,
OLR1198,,
OLR1199,,
OLR12,,
OLR120,,
OLR1200,,
OLR1201,,
OLR1202,,
OLR1203,,
OLR1204,,
OLR1206,,
OLR121,,
OLR1213,,
OLR1214,,
OLR1217,,
OLR1218,,
OLR1219,,
OLR122,,
OLR1220,,
OLR1222,,
OLR1223,,
OLR1225,,
OLR1226,,
OLR1227,,
OLR1228,,
OLR1229,,
OLR1230,,
OLR1231,,
OLR1232,,
OLR1233,,
OLR1234,,
OLR1235,,
OLR1236,,
OLR1237,,
OLR1238,,
OLR1239,,
OLR124,,
OLR1240,,
OLR1241,,
OLR1242,,
OLR1243,,
OLR1244,,
OLR1245,,
OLR1246,,
OLR1247,,
OLR1248,,
OLR1249,,
OLR125,,
OLR1250,,
OLR1251,,
OLR1252,,
OLR1253,,
OLR1254,,
OLR1256,,
OLR1257,,
OLR1259,,
OLR126,,
OLR1261,,
OLR1262,,
OLR1264,,
OLR1265,,
OLR1266,,
OLR127,,
OLR1271,,
OLR1273,,
OLR1274,,
OLR1275,,
OLR1278,,
OLR1279,,
OLR128,,
OLR1280,,
OLR1283,,
OLR1285,,
OLR1286,,
OLR1288,,
OLR129,,
OLR1291,,
OLR1292,,
OLR1293,,
OLR1294,,
OLR1295,,
OLR1297,,
OLR13,,
OLR130,,
OLR1302,,
OLR1303,,
OLR1304,,
OLR1305,,
OLR1306,,
OLR1307,,
OLR1308,,
OLR1309,,
OLR131,,
OLR1311,,
OLR1313,,
OLR1314,,
OLR1315,,
OLR1316,,
OLR1318,,
OLR1319,,
OLR132,,
OLR1320,,
OLR1321,,
OLR1323,,
OLR1325,,
OLR1326,,
OLR1327,,
OLR1328,,
OLR1329,,
OLR1330,,
OLR1331,,
OLR1332,,
OLR1334,,
OLR1335,,
OLR1337,,
OLR1338,,
OLR1339,,
OLR1341,,
OLR1343,,
OLR1344,,
OLR1345,,
OLR1346,,
OLR1347,,
OLR1349,,
OLR135,,
OLR1350,,
OLR1351,,
OLR1352,,
OLR1353,,
OLR1355,,
OLR1356,,
OLR1358,,
OLR136,,
OLR1361,,
OLR1362,,
OLR1364,,
OLR1365,,
OLR1368,,
OLR1369,,
OLR137,,
OLR1370,,
OLR1372,,
OLR1373,,
OLR1374,,
OLR1375,,
OLR1376,,
OLR1378,,
OLR1380,,
OLR1383,,
OLR1384,,
OLR1385,,
OLR1386,,
OLR1388,,
OLR1389,,
OLR139,,
OLR1391,,
OLR1392,,
OLR1393,,
OLR1394,,
OLR1395,,
OLR1396,,
OLR1397,,
OLR1398,,
OLR14,,
OLR140,,
OLR1400,,
OLR1401,,
OLR1404,,
OLR1405,,
OLR1406,,
OLR1407,,
OLR1408,,
OLR1409,,
OLR141,,
OLR1410,,
OLR1411,,
OLR1413,,
OLR1414,,
OLR1415,,
OLR1416,,
OLR1417,,
OLR1418,,
OLR142,,
OLR1421,,
OLR1422,,
OLR1423,,
OLR1424,,
OLR1425,,
OLR1428,,
OLR143,,
OLR1431,,
OLR1432,,
OLR1433,,
OLR1434,,
OLR1435,,
OLR1436,,
OLR1437,,
OLR1439,,
OLR144,,
OLR1440,,
OLR1442,,
OLR1443,,
OLR1445,,
OLR1448,,
OLR1449,,
OLR145,,
OLR1450,,
OLR1451,,
OLR1452,,
OLR1453,,
OLR1454,,
OLR1455,,
OLR1457,,
OLR1458,,
OLR1459,,
OLR1460,,
OLR1461,,
OLR1463,,
OLR1466,,
OLR1467,,
OLR1468,,
OLR1469,,
OLR1470,,
OLR1471,,
OLR1472,,
OLR1474,,
OLR1475,,
OLR1479,,
OLR148,,
OLR1481,,
OLR1482,,
OLR1485,,
OLR1486,,
OLR1488,,
OLR149,,
OLR1490,,
OLR1491,,
OLR1492,,
OLR1496,,
OLR1498,,
OLR1499,,
OLR150,,
OLR1500,,
OLR1501,,
OLR1504,,
OLR1505,,
OLR1507,,
OLR1509,,
OLR1511,,
OLR1512,,
OLR1513,,
OLR1514,,
OLR1515,,
OLR1516,,
OLR1517,,
OLR1520,,
OLR1521,,
OLR1522,,
OLR1523,,
OLR1528,,
OLR1529,,
OLR1530,,
OLR1531,,
OLR1532,,
OLR1533,,
OLR1535,,
OLR1536,,
OLR1538,,
OLR1539,,
OLR154,,
OLR1540,,
OLR1541,,
OLR1542,,
OLR1543,,
OLR1545,,
OLR1546,,
OLR1547,,
OLR1548,,
OLR1549,,
OLR155,,
OLR1551,,
OLR1553,,
OLR1555,,
OLR1557,,
OLR1558,,
OLR1559,,
OLR156,,
OLR1560,,
OLR1561,,
OLR1563,,
OLR1564,,
OLR1565,,
OLR1566,,
OLR1567,,
OLR1568,,
OLR1569,,
OLR157,,
OLR1570,,
OLR1576,,
OLR1579,,
OLR158,,
OLR1581,,
OLR1582,,
OLR1583,,
OLR1584,,
OLR1585,,
OLR1587,,
OLR159,,
OLR1590,,
OLR1591,,
OLR1592,,
OLR1593,,
OLR1595,,
OLR1597,,
OLR1598,,
OLR16,,
OLR160,,
OLR1600,,
OLR1601,,
OLR1602,,
OLR1605,,
OLR1606,,
OLR1607,,
OLR1608,,
OLR1609,,
OLR161,,
OLR1610,,
OLR1612,,
OLR1614,,
OLR1615,,
OLR1616,,
OLR1617,,
OLR1619,,
OLR162,,
OLR1620,,
OLR1622,,
OLR1624,,
OLR1625,,
OLR1626,,
OLR1627,,
OLR1629,,
OLR163,,
OLR1630,,
OLR1631,,
OLR1632,,
OLR1633,,
OLR1635,,
OLR1638,,
OLR164,,
OLR1640,,
OLR1641,,
OLR1642,,
OLR1643,,
OLR1644,,
OLR1645,,
OLR165,,
OLR1652,,
OLR1653,,
OLR1654,,
OLR1657,,
OLR1658,,
OLR1660,,
OLR1662,,
OLR1664,,
OLR1667,,
OLR167,,
OLR1670,,
OLR1671,,
OLR1673,,
OLR1675,,
OLR1678,,
OLR1679,,
OLR168,,
OLR1680,,
OLR1681,,
OLR1682,,
OLR1683,,
OLR1686,,
OLR1687,,
OLR1688,,
OLR1689,,
OLR1690,,
OLR1691,,
OLR1692,,
OLR1693,,
OLR1694,,
OLR1695,,
OLR1696,,
OLR1697,,
OLR1699,,
OLR17,,
OLR170,,
OLR1700,,
OLR1701,,
OLR1702,,
OLR1704,,
OLR1705,,
OLR1707,,
OLR1708,,
OLR1709,,
OLR171,,
OLR1710,,
OLR1714,,
OLR1718,,
OLR172,,
OLR1720,,
OLR1722,,
OLR1724,,
OLR1726,,
OLR1730,,
OLR1733,,
OLR1734,,
OLR1735,,
OLR1736,,
OLR1737,,
OLR1738,,
OLR1739,,
OLR174,,
OLR1742,,
OLR1743,,
OLR1744,,
OLR1746,,
OLR1748,,
OLR1749,,
OLR175,,
OLR1750,,
OLR1751,,
OLR176,,
OLR1765,,
OLR1766,,
OLR1767,,
OLR1768,,
OLR178,,
OLR179,,
OLR180,,
OLR181,,
OLR183,,
OLR184,,
OLR185,,
OLR186,,
OLR1867,,
OLR1868,,
OLR1869,,
OLR188,,
OLR189,,
OLR19,,
OLR190,,
OLR192,,
OLR193,,
OLR194,,
OLR196,,
OLR197,,
OLR198,,
OLR199,,
OLR1L,,
OLR20,,
OLR200,,
OLR201,,
OLR202,,
OLR203,,
OLR204,,
OLR205,,
OLR206,,
OLR208,,
OLR209,,
OLR210,,
OLR211,,
OLR213,,
OLR214,,
OLR215,,
OLR217,,
OLR218,,
OLR219,,
OLR220,,
OLR221,,
OLR222,,
OLR223,,
OLR224,,
OLR226,,
OLR227,,
OLR229,,
OLR23,,
OLR230,,
OLR231,,
OLR232,,
OLR233,,
OLR234,,
OLR235,,
OLR237,,
OLR239,,
OLR24,,
OLR241,,
OLR242,,
OLR244,,
OLR245,,
OLR246,,
OLR247,,
OLR25,,
OLR250,,
OLR251,,
OLR252,,
OLR255,,
OLR257,,
OLR259,,
OLR260,,
OLR262,,
OLR263,,
OLR264,,
OLR267,,
OLR268,,
OLR27,,
OLR270,,
OLR271,,
OLR272,,
OLR276,,
OLR278,,
OLR279,,
OLR281,,
OLR282,,
OLR283,,
OLR285,,
OLR286,,
OLR287,,
OLR288,,
OLR289,,
OLR29,,
OLR292,,
OLR295,,
OLR297,,
OLR298,,
OLR299,,
OLR3,,
OLR30,,
OLR300,,
OLR302,,
OLR303,,
OLR304,,
OLR305,,
OLR306,,
OLR307,,
OLR308,,
OLR309,,
OLR310,,
OLR311,,
OLR312,,
OLR313,,
OLR315,,
OLR318,,
OLR319,,
OLR32,,
OLR321,,
OLR322,,
OLR323,,
OLR324,,
OLR325,,
OLR326,,
OLR327,,
OLR329,,
OLR330,,
OLR331,,
OLR332,,
OLR334,,
OLR336,,
OLR339,,
OLR34,,
OLR340,,
OLR341,,
OLR343,,
OLR344,,
OLR346,,
OLR347,,
OLR348,,
OLR349,,
OLR352,,
OLR354,,
OLR357,,
OLR358,,
OLR36,,
OLR360,,
OLR361,,
OLR363,,
OLR365,,
OLR367,,
OLR37,,
OLR371,,
OLR372,,
OLR373,,
OLR374,,
OLR375,,
OLR376,,
OLR377,,
OLR378,,
OLR379,,
OLR380,,
OLR382,,
OLR383,,
OLR384,,
OLR386,,
OLR387,,
OLR39,,
OLR390,,
OLR392,,
OLR395,,
OLR396,,
OLR397,,
OLR398,,
OLR399,,
OLR4,,
OLR40,,
OLR400,,
OLR401,,
OLR402,,
OLR403,,
OLR404,,
OLR406,,
OLR407,,
OLR408,,
OLR409,,
OLR41,,
OLR410,,
OLR411,,
OLR413,,
OLR414,,
OLR415,,
OLR416,,
OLR417,,
OLR418,,
OLR419,,
OLR420,,
OLR421,,
OLR422,,
OLR423,,
OLR424,,
OLR425,,
OLR427,,
OLR428,,
OLR429,,
OLR43,,
OLR434,,
OLR436,,
OLR437,,
OLR439,,
OLR44,,
OLR440,,
OLR441,,
OLR442,,
OLR443,,
OLR444,,
OLR445,,
OLR446,,
OLR447,,
OLR448,,
OLR45,,
OLR450,,
OLR453,,
OLR454,,
OLR455,,
OLR456,,
OLR458,,
OLR459,,
OLR46,,
OLR461,,
OLR462,,
OLR463,,
OLR464,,
OLR465,,
OLR466,,
OLR468,,
OLR469,,
OLR47,,
OLR470,,
OLR471,,
OLR472,,
OLR473,,
OLR475,,
OLR476,,
OLR477,,
OLR479,,
OLR48,,
OLR480,,
OLR481,,
OLR482,,
OLR483,,
OLR484,,
OLR485,,
OLR486,,
OLR488,,
OLR49,,
OLR490,,
OLR491,,
OLR493,,
OLR495,,
OLR496,,
OLR499,,
OLR5,,
OLR50,,
OLR500,,
OLR502,,
OLR505,,
OLR507,,
OLR508,,
OLR51,,
OLR510,,
OLR513,,
OLR514,,
OLR515,,
OLR516,,
OLR517,,
OLR518,,
OLR519,,
OLR520,,
OLR522,,
OLR526,,
OLR527,,
OLR528,,
OLR529,,
OLR53,,
OLR530,,
OLR531,,
OLR532,,
OLR533,,
OLR535,,
OLR536,,
OLR537,,
OLR539,,
OLR540,,
OLR541,,
OLR542,,
OLR544,,
OLR545,,
OLR546,,
OLR550,,
OLR551,,
OLR552,,
OLR554,,
OLR555,,
OLR556,,
OLR557,,
OLR558,,
OLR559,,
OLR56,,
OLR560,,
OLR561,,
OLR562,,
OLR566,,
OLR567,,
OLR569,,
OLR57,,
OLR575,,
OLR576,,
OLR577,,
OLR578,,
OLR581,,
OLR582,,
OLR583,,
OLR584,,
OLR586,,
OLR587,,
OLR588,,
OLR59,,
OLR590,,
OLR592,,
OLR594,,
OLR595,,
OLR596,,
OLR597,,
OLR598,,
OLR6,,
OLR60,,
OLR601,,
OLR602,,
OLR604,,
OLR606,,
OLR607,,
OLR608,,
OLR609,,
OLR61,,
OLR610,,
OLR611,,
OLR613,,
OLR614,,
OLR619,,
OLR62,,
OLR621,,
OLR623,,
OLR624,,
OLR625,,
OLR629,,
OLR63,,
OLR630,,
OLR631,,
OLR633,,
OLR634,,
OLR635,,
OLR636,,
OLR637,,
OLR639,,
OLR640,,
OLR641,,
OLR646,,
OLR648,,
OLR649,,
OLR650,,
OLR651,,
OLR652,,
OLR653,,
OLR655,,
OLR657,,
OLR658,,
OLR659,,
OLR660,,
OLR661,,
OLR662,,
OLR663,,
OLR664,,
OLR665,,
OLR666,,
OLR668,,
OLR669,,
OLR67,,
OLR670,,
OLR671,,
OLR672,,
OLR674,,
OLR675,,
OLR677,,
OLR678,,
OLR679,,
OLR68,,
OLR681,,
OLR684,,
OLR686,,
OLR687,,
OLR689,,
OLR69,,
OLR690,,
OLR691,,
OLR693,,
OLR694,,
OLR695,,
OLR696,,
OLR697,,
OLR698,,
OLR7,,
OLR70,,
OLR701,,
OLR703,,
OLR704,,
OLR705,,
OLR707,,
OLR709,,
OLR710,,
OLR711,,
OLR712,,
OLR713,,
OLR714,,
OLR715,,
OLR716,,
OLR717,,
OLR718,,
OLR72,,
OLR720,,
OLR721,,
OLR722,,
OLR724,,
OLR725,,
OLR726,,
OLR727,,
OLR728,,
OLR729,,
OLR731,,
OLR733,,
OLR734,,
OLR735,,
OLR736,,
OLR737,,
OLR74,,
OLR742,,
OLR744,,
OLR745,,
OLR747,,
OLR748,,
OLR749,,
OLR75,,
OLR750,,
OLR752,,
OLR753,,
OLR754,,
OLR756,,
OLR757,,
OLR758,,
OLR760,,
OLR766,,
OLR767,,
OLR768,,
OLR769,,
OLR77,,
OLR770,,
OLR771,,
OLR772,,
OLR773,,
OLR774,,
OLR775,,
OLR776,,
OLR777,,
OLR778,,
OLR779,,
OLR78,,
OLR780,,
OLR781,,
OLR782,,
OLR783,,
OLR784,,
OLR785,,
OLR786,,
OLR788,,
OLR789,,
OLR79,,
OLR790,,
OLR791,,
OLR792,,
OLR795,,
OLR796,,
OLR8,,
OLR80,,
OLR801,,
OLR802,,
OLR803,,
OLR804,,
OLR806,,
OLR807,,
OLR808,,
OLR809,,
OLR81,,
OLR810,,
OLR811,,
OLR812,,
OLR813,,
OLR816,,
OLR818,,
OLR819,,
OLR82,,
OLR820,,
OLR821,,
OLR823,,
OLR824,,
OLR825,,
OLR826,,
OLR827,,
OLR828,,
OLR83,,
OLR830,,
OLR831,,
OLR832,,
OLR833,,
OLR834,,
OLR836,,
OLR837,,
OLR838,,
OLR839,,
OLR84,,
OLR840,,
OLR841,,
OLR844,,
OLR845,,
OLR847,,
OLR848,,
OLR85,,
OLR850,,
OLR851,,
OLR852,,
OLR853,,
OLR854,,
OLR856,,
OLR857,,
OLR858,,
OLR859,,
OLR86,,
OLR860,,
OLR862,,
OLR865,,
OLR866,,
OLR867,,
OLR868,,
OLR869,,
OLR87,,
OLR875,,
OLR878,,
OLR879,,
OLR88,,
OLR880,,
OLR881,,
OLR883,,
OLR886,,
OLR889,,
OLR89,,
OLR892,,
OLR894,,
OLR896,,
OLR898,,
OLR901,,
OLR903,,
OLR905,,
OLR906,,
OLR907,,
OLR908,,
OLR91,,
OLR916,,
OLR917,,
OLR92,,
OLR920,,
OLR921,,
OLR922,,
OLR927,,
OLR93,,
OLR931,,
OLR932,,
OLR936,,
OLR937,,
OLR94,,
OLR943,,
OLR947,,
OLR95,,
OLR950,,
OLR951,,
OLR952,,
OLR954,,
OLR956,,
OLR959,,
OLR96,,
OLR962,,
OLR964,,
OLR98,,
OLR982,,
OLR984,,
OLR987,,
OLR990,,
OLR995,,
OLR996,,
OMD,,
OMP,,
ONECUT1,,
OPCML,,
OPN1MW,,
OPN1SW,,
OPN4,,
OPN5,,
OPRD1,,
OPRK1,,
OPRL1,,
OPRM1,,
OPTC,,
ORM1,,
OSBP2,,
OSBPL6,,
OSR1,,
OSTN,,
OTOF,,
OTOG,,
OTOP2,,
OTOP3,,
OTOS,,
OTP,,
OTX2,,
OXGR1,,
OXT,,
OXTR,,
P22K15,,
P2RX6,,
PABPC2,,
PABPC4L,,
PABPC5,,
PABPC6,,
PADI1,,
PADI4,,
PADI6,,
PAH,,
PAK3,,
PAK7,,
PALM2,,
PALMD,,
PANX2,,
PANX3,,
PAPPA,,
PAQR6,,
PAQR9,,
PATE1,,
PATE2,,
PATE3,,
PATE4,,
PATE-F,,
PAX1,,
PAX2,,
PAX3,,
PAX4,,
PAX5,,
PAX6,,
PAX7,,
PAX9,,
PBLD1,,
PBP2,,
PBSN,,
PBX4,,
PCDH11X,,
PCDH15,,
PCDH18,,
PCDH20,,
PCDH9,,
PCDHA1,,
PCDHA10,,
PCDHA11,,
PCDHA12,,
PCDHA2,,
PCDHA3,,
PCDHA4,,
PCDHA6,,
PCDHA7,,
PCDHA8,,
PCDHA9,,
PCDHAC1,,
PCDHAC2,,
PCDHB10,,
PCDHB12,,
PCDHB2,,
PCDHB20,,
PCDHB21,,
PCDHB3,,
PCDHB5,,
PCDHB6,,
PCDHB8,,
PCDHB9,,
PCDHGA10,,
PCDHGA12,,
PCDHGA8,,
PCDHGB7,,
PCK1,,
PCLO,,
PCOLCE,,
PCP2,,
PCP4,,
PCSK2,,
PCSK6,,
PCSK9,,
PCYT1B,,
PDC,,
PDE1C,,
PDE4C,,
PDE4D,,
PDE5A,,
PDE6A,,
PDE6B,,
PDE6C,,
PDE6H,,
PDE8B,,
PDE9A,,
PDGFD,,
PDGFRA,,
PDGFRB,,
PDHA2,,
PDILT,,
PDLIM3,,
PDX1,,
PDZD4,,
PDZD7,,
PDZRN3,,
PERP,,
PEX5L,,
PFN3,,
PGA5,,
PGBD5,,
PGC,,
PGK2,,
PGLYRP3,,
PGLYRP4,,
PGM5,,
PGR,,
PGR15L,,
PHACTR3,,
PHEX,,
PHGR1,,
PHOX2A,,
PHYHIP,,
PHYHIPL,,
PHYKPL,,
PI15,,
PIANP,,
PIGB,,
PIGR,,
PIH1D3,,
PIK3C2G,,
PIK3CB,,
PIP,,
PIPOX,,
PIRT,,
PITX1,,
PITX2,,
PITX3,,
PIWIL1,,
PKD2L1,,
PKD2L2,,
PKDREJ,,
PKHD1L1,,
PKLR,,
PKNOX2,,
PKP1,,
PKP3,,
PLA1A,,
PLA2G10,,
PLA2G1B,,
PLA2G2C,,
PLA2G2D,,
PLA2G2E,,
PLA2G2F,,
PLA2G3,,
PLA2G4C,,
PLAC1,,
PLCB1,,
PLCD4,,
PLCE1,,
PLCH1,,
PLCXD3,,
PLCZ1,,
PLD5,,
PLEK2,,
PLEKHA7,,
PLEKHD1,,
PLG,,
PLIN1,,
PLIN5,,
PLSCR5,,
PLTP,,
PLXNB3,,
PMCH,,
PMFBP1,,
PNCK,,
PNLDC1,,
PNLIP,,
PNLIPRP1,,
PNLIPRP2,,
PNMA1,,
PNMA3,,
PNMA5,,
PNMAL1,,
PNMAL2,,
PNPLA5,,
POF1B,,
POM121L2,,
PON1,,
PON3,,
POPDC3,,
POSTN,,
POTEG,,
POU1F1,,
POU2AF1,,
POU3F2,,
POU3F4,,
POU4F3,,
POU5F1,,
POU6F2,,
PPAPDC1A,,
PPARGC1A,,
PPBP,,
PPEF1,,
PPFIA3,,
PPP1R17,,
PPP1R27,,
PPP1R3A,,
PPP2R2B,,
PPP2R2C,,
PPP3R2,,
PPP4R4,,
PPY,,
PRAMEL,,
PRAMEL1,,
PRAMEL6,,
PRAP1,,
PRDM11,,
PRELP,,
PREX2,,
PRF1,,
PRG2,,
PRG3,,
PRG4,,
PRICKLE3,,
PRKAG3,,
PRKCDBP,,
PRKG1,,
PRL,,
PRL2A1,,
PRL2B1,,
PRL2C1,,
PRL3A1,,
PRL3B1,,
PRL3C1,,
PRL3D1,,
PRL3D2,,
PRL3D4,,
PRL4A1,,
PRL5A1,,
PRL5A2,,
PRL7A4,,
PRL7B1,,
PRL7D1,,
PRL8A2,,
PRL8A4,,
PRL8A5,,
PRL8A7,,
PRL8A9,,
PRLH,,
PRLHR,,
PRLR,,
PRM1,,
PRM2,,
PRM3,,
PRMT8,,
PRND,,
PROC,,
PRODH,,
PROK1,,
PROK2,,
PROKR2,,
PROL1,,
PROM1,,
PROP1,,
PRP15,,
PRP2,,
PRPG1,,
PRPH2,,
PRPMP5,,
PRPS1L1,,
PRR16,,
PRR18,,
PRR19,,
PRR21,,
PRR30,,
PRR9,,
PRRT1,,
PRRT2,,
PRRT3,,
PRRT4,,
PRSS1,,
PRSS12,,
PRSS16,,
PRSS2,,
PRSS21,,
PRSS3,,
PRSS30,,
PRSS32,,
PRSS33,,
PRSS34,,
PRSS38,,
PRSS40,,
PRSS42,,
PRSS44,,
PRSS45,,
PRSS46,,
PRSS53,,
PRSS54,,
PRSS57,,
PRSS58,,
PRSS8,,
PRTG,,
PRTN3,,
PSAPL1,,
PSBPC2,,
PSCA,,
PSD,,
PSD2,,
PSG16,,
PSG19,,
PSG29,,
PSGB1,,
PSMA8,,
PSMB11,,
PSORS1C2,,
PTF1A,,
PTGDR,,
PTGDRL,,
PTGDS,,
PTGER3,,
PTGFR,,
PTGIS,,
PTH,,
PTH1R,,
PTH2,,
PTH2R,,
PTK6,,
PTN,,
PTPN14,,
PTPN20,,
PTPRG,,
PTPRK,,
PTPRN2,,
PTPRQ,,
PTPRR,,
PTPRT,,
PTPRU,,
PTPRZ1,,
PTX3,,
PURG,,
PVRL1,,
PYGO1,,
PYY,,
PZP,,
QRFP,,
QRFPR,,
R3HDML,,
RAB11FIP4,,
RAB17,,
RAB24,,
RAB29,,
RAB36,,
RAB3A,,
RAB3B,,
RAG1,,
RAG2,,
RAI1,,
RAI2,,
RALYL,,
RAP1GAP,,
RAPSN,,
RASAL1,,
RASEF,,
RASGEF1C,,
RASGRF1,,
RASGRF2,,
RASL10B,,
RASL11A,,
RASSF9,,
RATNP-3B,,
RAX,,
RBFOX1,,
RBFOX3,,
RBM11,,
RBM24,,
RBM46,,
RBP3,,
RBP7,,
RCVRN,,
RD3L,,
RDH7,,
RDH8,,
REC114,,
REEP1,,
REG1A,,
REG3A,,
REG3B,,
REG3G,,
REG4,,
RELN,,
REN,,
RERGL,,
RETN,,
RETNLA,,
RETNLB,,
RETNLG,,
RFX6,,
RGD1304554,,
RGD1304810,,
RGD1305207,,
RGD1305298,,
RGD1305347,,
RGD1305645,,
RGD1305733,,
RGD1305928,,
RGD1306186,,
RGD1306195,,
RGD1306441,,
RGD1306474,,
RGD1306626,,
RGD1306750,,
RGD1307443,,
RGD1307537,,
RGD1307595,,
RGD1307603,,
RGD1307916,,
RGD1308195,,
RGD1308878,,
RGD1309028,,
RGD1309106,,
RGD1309110,,
RGD1309139,,
RGD1309350,,
RGD1310110,,
RGD1310212,,
RGD1310641,,
RGD1310717,,
RGD1311343,,
RGD1311892,,
RGD1312005,,
RGD1359334,,
RGD1359449,,
RGD1559532,,
RGD1559536,,
RGD1559578,,
RGD1559600,,
RGD1559683,,
RGD1559714,,
RGD1559747,,
RGD1559804,,
RGD1559903,,
RGD1560028,,
RGD1560108,,
RGD1560146,,
RGD1560324,,
RGD1560608,,
RGD1560672,,
RGD1560860,,
RGD1560927,,
RGD1561102,,
RGD1561226,,
RGD1561230,,
RGD1561415,,
RGD1561517,,
RGD1561552,,
RGD1561557,,
RGD1561661,,
RGD1561795,,
RGD1561870,,
RGD1561958,,
RGD1562024,,
RGD1562084,,
RGD1562234,,
RGD1562433,,
RGD1562485,,
RGD1562492,,
RGD1562515,,
RGD1562540,,
RGD1562638,,
RGD1562673,,
RGD1562683,,
RGD1562699,,
RGD1562865,,
RGD1562871,,
RGD1562885,,
RGD1562890,,
RGD1563060,,
RGD1563104,,
RGD1563217,,
RGD1563263,,
RGD1563302,,
RGD1563425,,
RGD1563692,,
RGD1563714,,
RGD1563815,,
RGD1563941,,
RGD1563975,,
RGD1564053,,
RGD1564319,,
RGD1564324,,
RGD1564340,,
RGD1564345,,
RGD1564380,,
RGD1564419,,
RGD1564428,,
RGD1564534,,
RGD1564599,,
RGD1564712,,
RGD1564770,,
RGD1564865,,
RGD1565166,,
RGD1565212,,
RGD1565283,,
RGD1565323,,
RGD1565410,,
RGD1565512,,
RGD1565533,,
RGD1565655,,
RGD1565725,,
RGD1565819,,
RGD1565844,,
RGD1565959,,
RGD1565989,,
RGD1566134,,
RGD1566401,,
RGD1624210,,
RGR,,
RGS17,,
RGS21,,
RGS4,,
RGS5,,
RGS6,,
RGS7,,
RGS7BP,,
RGS8,,
RGS9BP,,
RGSL2H,,
RHAG,,
RHBDL2,,
RHOX10,,
RHOX11,,
RHOX12,,
RHOX2,,
RHOX3,,
RHOX4G,,
RHOX7,,
RHOX8,,
RHOX9,,
RIBC2,,
RIIAD1,,
RIMBP2,,
RIMS1,,
RIMS4,,
RIN1,,
RIT2,,
RLBP1,,
RLN3,,
RMT1,,
RN45S,,
RN5-8S,,
RN5S,,
RNASE12,,
RNASE17,,
RNASE1L1,,
RNASE2,,
RNASE9,,
RNF112,,
RNF133,,
RNF148,,
RNF152,,
RNF165,,
RNF17,,
RNF180,,
RNF222,,
RNF39,,
RNF43,,
ROBO1,,
ROBO2,,
ROBO3,,
ROBO4,,
ROPN1,,
ROR1,,
ROR2,,
ROS1,,
RP1,,
RPH3A,,
RPH3AL,,
RPRM,,
RPS6KA6,,
RRAGB,,
RS1,,
RSA-14-44,,
RSB66,,
RSPH10B,,
RSPO2,,
RSPO3,,
RT1-A3,,
RT1-BA,,
RT1-BB,,
RT1-CE1,,
RT1-CE12,,
RT1-CE3,,
RT1-CE6,,
RT1-CE7,,
RT1-DA,,
RT1-DB2,,
RT1-DOA,,
RT1-M1-2,,
RT1-M1-4,,
RT1-M1-5,,
RT1-M2,,
RT1-M4,,
RT1-S2,,
RT1-T18,,
RTDR1,,
RTKN,,
RTKN2,,
RTN4R,,
RTN4RL2,,
RTP1,,
RTP2,,
RUNX1T1,,
RUP2,,
RXFP2,,
RXFP3,,
RXRG,,
RYR2,,
S100A16,,
S100G,,
S100VP,,
S100Z,,
SAA4,,
SAG,,
SALL2,,
SAMD11,,
SAMD12,,
SAMD14,,
SAMD3,,
SAMD5,,
SAMD7,,
SARM1,,
SATB1,,
SATL1,,
SAXO1,,
SBK2,,
SBP,,
SCAF4,,
SCARA5,,
SCARNA15,,
SCGB1A1,,
SCGB1B30,,
SCGB1D2,,
SCGB3A1,,
SCGB3A2,,
SCGN,,
SCML4,,
SCN10A,,
SCN11A,,
SCN1A,,
SCN2A,,
SCN2B,,
SCN3A,,
SCN4A,,
SCN4B,,
SCN5A,,
SCN7A,,
SCN8A,,
SCN9A,,
SCNN1B,,
SCNN1G,,
SCP2D1,,
SCRG1,,
SCRT1,,
SCRT2,,
SCUBE1,,
SDC2,,
SDK2,,
SDPR,,
SDR16C5,,
SDR16C6,,
SEBOX,,
SEC14L3,,
SEC14L4,,
SEC14L5,,
SEC31B,,
SEL1L2,,
SELE,,
SELENBP1,,
SELL,,
SELV,,
SEMA3A,,
SEMA3E,,
SEMA5A,,
SEMA5B,,
SEMG1,,
SENP17,,
SENP18,,
SEPT12,,
SEPT14,,
SERHL2,,
SERINC4,,
SERP2,,
SERPINA1,,
SERPINA10,,
SERPINA11,,
SERPINA12,,
SERPINA16,,
SERPINA1F,,
SERPINA3C,,
SERPINA3M,,
SERPINA3N,,
SERPINA4,,
SERPINA5,,
SERPINA6,,
SERPINA9,,
SERPINB10,,
SERPINB5,,
SERPINB9D,,
SERPINI2,,
SERTAD4,,
SEZ6L,,
SEZ6L2,,
SFRP1,,
SFTA2,,
SFTPA1,,
SFTPB,,
SFTPC,,
SFTPD,,
SGCD,,
SGK2,,
SGPP2,,
SGSM1,,
SH2D1A,,
SH2D2A,,
SH3GL2,,
SH3RF2,,
SHANK1,,
SHANK2,,
SHANK3,,
SHH,,
SHISA6,,
SHISA7,,
SHISA8,,
SHROOM2,,
SHROOM3,,
SHROOM4,,
SI,,
SIAH3,,
SIDT1,,
SIM1,,
SIM2,,
SIX1,,
SIX2,,
SIX3,,
SIX4,,
SIX6,,
SKAP1,,
SLC10A2,,
SLC10A4,,
SLC12A1,,
SLC12A3,,
SLC12A8,,
SLC13A1,,
SLC13A2,,
SLC13A4,,
SLC13A5,,
SLC14A2,,
SLC15A1,,
SLC15A5,,
SLC16A12,,
SLC16A5,,
SLC16A8,,
SLC17A2,,
SLC17A6,,
SLC17A7,,
SLC17A8,,
SLC18A3,,
SLC19A3,,
SLC1A6,,
SLC1A7,,
SLC21A4,,
SLC22A1,,
SLC22A12,,
SLC22A13,,
SLC22A20,,
SLC22A22,,
SLC22A23,,
SLC22A24,,
SLC22A25,,
SLC22A3,,
SLC22A6,,
SLC22A7,,
SLC22A8,,
SLC24A1,,
SLC24A2,,
SLC24A5,,
SLC25A21,,
SLC25A27,,
SLC25A41,,
SLC25A53,,
SLC26A1,,
SLC26A10,,
SLC26A3,,
SLC26A5,,
SLC26A7,,
SLC27A2,,
SLC27A5,,
SLC28A3,,
SLC29A4,,
SLC2A10,,
SLC2A13,,
SLC2A2,,
SLC2A4,,
SLC30A10,,
SLC30A2,,
SLC30A8,,
SLC32A1,,
SLC34A1,,
SLC34A2,,
SLC34A3,,
SLC35D3,,
SLC35F1,,
SLC35G2,,
SLC36A2,,
SLC38A3,,
SLC38A4,,
SLC38A5,,
SLC39A12,,
SLC44A5,,
SLC45A1,,
SLC45A2,,
SLC4A1,,
SLC4A10,,
SLC4A8,,
SLC5A1,,
SLC5A10,,
SLC5A11,,
SLC5A12,,
SLC5A2,,
SLC5A4,,
SLC5A5,,
SLC5A7,,
SLC5A8,,
SLC5A9,,
SLC6A1,,
SLC6A11,,
SLC6A14,,
SLC6A15,,
SLC6A18,,
SLC6A19,,
SLC6A2,,
SLC6A20,,
SLC6A5,,
SLC6A7,,
SLC7A10,,
SLC7A12,,
SLC7A13,,
SLC7A14,,
SLC7A4,,
SLC7A9,,
SLC8A3,,
SLC9A2,,
SLC9A3,,
SLC9A4,,
SLC9C1,,
SLCO1A1,,
SLCO1A2,,
SLCO1A5,,
SLCO1A6,,
SLCO1B2,,
SLCO1C1,,
SLCO4C1,,
SLCO5A1,,
SLCO6B1,,
SLCO6C1,,
SLCO6D1,,
SLITRK1,,
SLITRK2,,
SLITRK3,,
SLITRK4,,
SLITRK5,,
SLITRK6,,
SLN,,
SLPIL3,,
SLURP1,,
SMAD6,,
SMAD9,,
SMARCA1,,
SMARCD3,,
SMC1B,,
SMCP,,
SMGC,,
SMIM1,,
SMIM17,,
SMIM22,,
SMIM23,,
SMIM5,,
SMLR1,,
SMO,,
SMOK2A,,
SMPTB,,
SMPX,,
SMR3A,,
SMS,,
SMTNL1,,
SMYD1,,
SNAI2,,
SNAP91,,
SNCA,,
SNCAIP,,
SNCB,,
SNED1,,
SNTG1,,
SNTG2,,
SNTN,,
SOBP,,
SOD3,,
SOHLH1,,
SOHLH2,,
SORBS2,,
SORCS1,,
SORCS3,,
SORL1,,
SOST,,
SOSTDC1,,
SOX10,,
SOX11,,
SOX12,,
SOX14,,
SOX15,,
SOX17,,
SOX2,,
SOX6,,
SOX7,,
SOX9,,
SP5,,
SP7,,
SP8,,
SP9,,
SPACA3,,
SPACA5,,
SPAG11A,,
SPAG11B,,
SPAG11BL,,
SPAG16,,
SPAG6,,
SPAM1,,
SPARCL1,,
SPATA1,,
SPATA18,,
SPATA19,,
SPATA20,,
SPATA22,,
SPATA3,,
SPATA31A5,,
SPATA31D1D,,
SPATA32,,
SPATA4,,
SPATC1,,
SPDYE4,,
SPEG,,
SPERT,,
SPETEX-2A,,
SPETEX-2B,,
SPETEX-2C,,
SPETEX-2D,,
SPETEX-2F,,
SPETEX-2G,,
SPETEX-2H,,
SPHKAP,,
SPIB,,
SPINK1,,
SPINK13,,
SPINK14,,
SPINK3,,
SPINK4,,
SPINK5,,
SPINK6,,
SPINK7,,
SPINK8,,
SPINT5P,,
SPO11,,
SPOCK1,,
SPOCK3,,
SPP2,,
SPPL2C,,
SPRN,,
SPRR3,,
SPRY3,,
SPT1,,
SPTA1,,
SPTB,,
SPTBN2,,
SPTBN4,,
SPTLC3,,
SPTSSB,,
SPX,,
SPZ1,,
SRCIN1,,
SRD5A2,,
SRPK3,,
SRPX,,
SRPX2,,
SRRM3,,
SRY,,
SSPO,,
SST,,
SSTR1,,
SSTR4,,
SSTR5,,
ST18,,
ST6GAL2,,
ST6GALNAC1,,
ST6GALNAC2,,
ST6GALNAC5,,
ST7L,,
ST8SIA2,,
ST8SIA3,,
ST8SIA5,,
ST8SIA6,,
STAB2,,
STAC2,,
STAG3,,
STC1,,
STE2,,
STEAP2,,
STFA3,,
STK31,,
STK32A,,
STK32B,,
STK32C,,
STKLD1,,
STMN2,,
STOML3,,
STOX1,,
STPG2,,
STXBP5L,,
SULF1,,
SULT1B1,,
SULT1C2,,
SULT1C2A,,
SULT1C3,,
SULT1D1,,
SULT1E1,,
SULT2A1,,
SULT2A2,,
SULT2A6,,
SULT2B1,,
SULT4A1,,
SULT5A1,,
SULT6B1,,
SUN5,,
SURF2,,
SUSD2,,
SUSD4,,
SV2B,,
SVAL1,,
SVAL2,,
SVS1,,
SVS3A,,
SVS3B,,
SVS4,,
SVS5,,
SVS6,,
SYCE1,,
SYCE3,,
SYCN,,
SYCP1,,
SYCP2,,
SYDE1,,
SYDE2,,
SYN1,,
SYN2,,
SYNB,,
SYNDIG1,,
SYNGAP1,,
SYNM,,
SYNPO,,
SYNPO2,,
SYNPR,,
SYPL2,,
SYT1,,
SYT10,,
SYT12,,
SYT13,,
SYT15,,
SYT2,,
SYT4,,
SYT6,,
SYT7,,
SYT8,,
SYT9,,
SYTL4,,
SYTL5,,
T,,
T2,,
TAAR1,,
TAAR2,,
TAAR3,,
TAAR4,,
TAAR5,,
TAAR6,,
TAAR7A,,
TAAR7B,,
TAAR7C,,
TAAR7D,,
TAAR7E,,
TAAR7G,,
TAAR7H,,
TAAR8A,,
TAAR8B,,
TAAR8C,,
TAAR9,,
TAC1,,
TAC3,,
TACR1,,
TACR2,,
TACR3,,
TACSTD2,,
TAGLN3,,
TAS1R2,,
TAS2R103,,
TAS2R104,,
TAS2R105,,
TAS2R106,,
TAS2R107,,
TAS2R109,,
TAS2R110,,
TAS2R113,,
TAS2R114,,
TAS2R116,,
TAS2R117,,
TAS2R118,,
TAS2R119,,
TAS2R120,,
TAS2R121,,
TAS2R123,,
TAS2R124,,
TAS2R125,,
TAS2R126,,
TAS2R129,,
TAS2R13,,
TAS2R134,,
TAS2R135,,
TAS2R136,,
TAS2R138,,
TAS2R139,,
TAS2R140,,
TAS2R143,,
TAS2R144,,
TAS2R7L,,
TAX1BP3,,
TBC1D21,,
TBC1D24,,
TBPL2,,
TBR1,,
TBX1,,
TBX15,,
TBX18,,
TBX2,,
TBX20,,
TBX22,,
TBX4,,
TBX5,,
TC2N,,
TCEA3,,
TCEAL7,,
TCERG1L,,
TCF21,,
TCF7L1,,
TCL1A,,
TCP10B,,
TDO2,,
TDRD1,,
TDRD6,,
TEAD2,,
TECRL,,
TECTA,,
TECTB,,
TEDDM1,,
TEKT1,,
TEKT2,,
TEKT3,,
TEKT4,,
TEKT5,,
TENM2,,
TENM3,,
TENM4,,
TEPP,,
TERC,,
TESB,,
TESCL,,
TESL,,
TESTIN,,
TEX101,,
TEX15,,
TEX19.1,,
TEX19.2,,
TEX21,,
TEX26,,
TEX28,,
TEX29,,
TEX36,,
TEX37,,
TEX43,,
TFAP2A,,
TFAP2B,,
TFAP2D,,
TFCP2L1,,
TFF1,,
TFF2,,
TFF3,,
TGAP1,,
TGFB2,,
TGFBI,,
TGFBR3,,
TGM3,,
TH,,
THAP6,,
THBS2,,
THBS4,,
THEG,,
THEM5,,
THPO,,
THSD7A,,
THSD7B,,
TIMP4,,
TINAG,,
TKTL2,,
TLR11,,
TLR12,,
TLX1,,
TLX2,,
TM4SF1,,
TM4SF20,,
TM4SF4,,
TMC1,,
TMC2,,
TMC3,,
TMED6,,
TMEFF2,,
TMEM100,,
TMEM114,,
TMEM125,,
TMEM130,,
TMEM132B,,
TMEM132D,,
TMEM132E,,
TMEM136,,
TMEM163,,
TMEM169,,
TMEM174,,
TMEM178B,,
TMEM179,,
TMEM182,,
TMEM196,,
TMEM200A,,
TMEM200C,,
TMEM212,,
TMEM225,,
TMEM229A,,
TMEM232,,
TMEM247,,
TMEM255B,,
TMEM262,,
TMEM27,,
TMEM30B,,
TMEM35,,
TMEM40,,
TMEM45A,,
TMEM45B,,
TMEM63C,,
TMEM88B,,
TMEM89,,
TMEM8C,,
TMIE,,
TMIGD1,,
TMPRSS11B,,
TMPRSS11C,,
TMPRSS11D,,
TMPRSS11G,,
TMPRSS13,,
TMPRSS15,,
TMPRSS2,,
TMPRSS3,,
TMPRSS5,,
TMPRSS6,,
TMPRSS7,,
TNFSF10,,
TNFSF11,,
TNFSF14,,
TNMD,,
TNN,,
TNNI1,,
TNNI3,,
TNNI3K,,
TNP1,,
TNP2,,
TNS4,,
TOX,,
TOX3,,
TPBPA,,
TPD52L1,,
TPH1,,
TPO,,
TPPP2,,
TPSAB1,,
TPSB2,,
TPSG1,,
TPTE2,,
TRAM1L1,,
TRANK1,,
TRAT1,,
TRDN,,
TREH,,
TREX2,,
TRH,,
TRHDE,,
TRHR,,
TRHR2,,
TRIB2,,
TRIL,,
TRIM31,,
TRIM40,,
TRIM42,,
TRIM50,,
TRIM52,,
TRIM58,,
TRIM66,,
TRIM67,,
TRIM9,,
TRIML2,,
TRIQK,,
TRPA1,,
TRPC3,,
TRPC4,,
TRPC5,,
TRPC7,,
TRPM1,,
TRPM3,,
TRPM5,,
TRPM8,,
TRPT1,,
TRPV3,,
TRPV5,,
TRPV6,,
TRY10,,
TRY4,,
TRYX5,,
TSGA10IP,,
TSGA13,,
TSHB,,
TSHZ3,,
TSKS,,
TSPAN12,,
TSPAN33,,
TSPY1,,
TSSK1B,,
TSSK2,,
TSSK5,,
TTC23,,
TTC29,,
TTC36,,
TTC39D,,
TTC9B,,
TTLL10,,
TTLL2,,
TTLL9,,
TTPA,,
TUBA3A,,
TUBAL3,,
TULP1,,
TVP23A,,
TXNDC8,,
TYR,,
TYRP1,,
UBE2QL1,,
UBQLN3,,
UBQLNL,,
UBXN10,,
UCMA,,
UCN3,,
UCP1,,
UCP3,,
UGT1A1,,
UGT1A2,,
UGT1A3,,
UGT1A5,,
UGT1A8,,
UGT1A9,,
UGT2A1,,
UGT2A3,,
UGT2B,,
UGT2B1,,
UGT2B10,,
UGT2B15,,
UGT2B17,,
UGT2B37,,
UGT2B7,,
UGT8,,
UMOD,,
UNC5A,,
UNC5C,,
UNC5CL,,
UNCX,,
UOX,,
UPK2,,
UPK3A,,
UPK3BL,,
UPP2,,
USH1C,,
USH1G,,
USH2A,,
USP13,,
USP2,,
USP26,,
USP44,,
USP51,,
UST4R,,
UST5R,,
UTF1,,
UTS2,,
V1RA14,,
VAX1,,
VCSA1,,
VCSA2,,
VEGP2,,
VEPH1,,
VGLL2,,
VIL1,,
VILL,,
VIP,,
VNN3,,
VOF16,,
VOM1R1,,
VOM1R100,,
VOM1R101,,
VOM1R102,,
VOM1R103,,
VOM1R104,,
VOM1R105,,
VOM1R106,,
VOM1R107,,
VOM1R108,,
VOM1R109,,
VOM1R11,,
VOM1R110,,
VOM1R111,,
VOM1R12,,
VOM1R14,,
VOM1R15,,
VOM1R16,,
VOM1R19,,
VOM1R2,,
VOM1R20,,
VOM1R21,,
VOM1R22,,
VOM1R23,,
VOM1R24,,
VOM1R25,,
VOM1R26,,
VOM1R27,,
VOM1R28,,
VOM1R29,,
VOM1R3,,
VOM1R30,,
VOM1R31,,
VOM1R32,,
VOM1R34,,
VOM1R35,,
VOM1R36,,
VOM1R37,,
VOM1R38,,
VOM1R4,,
VOM1R40,,
VOM1R41,,
VOM1R42,,
VOM1R43,,
VOM1R44,,
VOM1R45,,
VOM1R46,,
VOM1R47,,
VOM1R48,,
VOM1R49,,
VOM1R5,,
VOM1R50,,
VOM1R51,,
VOM1R52,,
VOM1R53,,
VOM1R54,,
VOM1R55,,
VOM1R56,,
VOM1R57,,
VOM1R58,,
VOM1R59,,
VOM1R6,,
VOM1R60,,
VOM1R61,,
VOM1R62,,
VOM1R63,,
VOM1R64,,
VOM1R66,,
VOM1R67,,
VOM1R68,,
VOM1R69,,
VOM1R7,,
VOM1R70,,
VOM1R71,,
VOM1R72,,
VOM1R73,,
VOM1R74,,
VOM1R75,,
VOM1R76,,
VOM1R77,,
VOM1R78,,
VOM1R79,,
VOM1R8,,
VOM1R80,,
VOM1R81,,
VOM1R82,,
VOM1R83,,
VOM1R84,,
VOM1R85,,
VOM1R86,,
VOM1R87,,
VOM1R89,,
VOM1R9,,
VOM1R90,,
VOM1R92,,
VOM1R93,,
VOM1R94,,
VOM1R95,,
VOM1R96,,
VOM1R97,,
VOM1R98,,
VOM1R99,,
VOM2R1,,
VOM2R10,,
VOM2R11,,
VOM2R12,,
VOM2R13,,
VOM2R15,,
VOM2R16,,
VOM2R17,,
VOM2R18,,
VOM2R19,,
VOM2R2,,
VOM2R22,,
VOM2R23,,
VOM2R24,,
VOM2R25,,
VOM2R26,,
VOM2R27,,
VOM2R28,,
VOM2R29,,
VOM2R3,,
VOM2R30,,
VOM2R31,,
VOM2R32,,
VOM2R33,,
VOM2R34,,
VOM2R35,,
VOM2R36,,
VOM2R37,,
VOM2R38,,
VOM2R4,,
VOM2R40,,
VOM2R41,,
VOM2R42,,
VOM2R43,,
VOM2R46,,
VOM2R47,,
VOM2R48,,
VOM2R49,,
VOM2R5,,
VOM2R50,,
VOM2R51,,
VOM2R52,,
VOM2R53,,
VOM2R54,,
VOM2R55,,
VOM2R56,,
VOM2R57,,
VOM2R58,,
VOM2R59,,
VOM2R6,,
VOM2R60,,
VOM2R62,,
VOM2R63,,
VOM2R64,,
VOM2R65,,
VOM2R67,,
VOM2R68,,
VOM2R69,,
VOM2R7,,
VOM2R70,,
VOM2R71,,
VOM2R72,,
VOM2R73,,
VOM2R75,,
VOM2R76,,
VOM2R77,,
VOM2R78,,
VOM2R79,,
VOM2R8,,
VOM2R9,,
VPREB3,,
VPS37D,,
VSIG1,,
VSIG4,,
VSNL1,,
VSX1,,
VTCN1,,
VTN,,
VWA5B1,,
VWC2,,
VWC2L,,
VWCE,,
WAP,,
WBSCR17,,
WDR34,,
WDR44,,
WDR72,,
WDR93,,
WFDC1,,
WFDC10,,
WFDC11,,
WFDC12,,
WFDC15A,,
WFDC15B,,
WFDC16,,
WFDC18,,
WFDC5,,
WFDC6B,,
WFDC8,,
WFDC9,,
WIPF3,,
WISP2,,
WISP3,,
WNK2,,
WNK3,,
WNT10A,,
WNT11,,
WNT2B,,
WNT3,,
WNT3A,,
WNT5A,,
WNT5B,,
WNT7A,,
WNT7B,,
WNT8B,,
WNT9B,,
WSCD1,,
WT1,,
XCR1,,
XIRP2,,
XKR4,,
XKR6,,
XKR7,,
XKR9,,
XKRX,,
XPA,,
YBX2,,
YDJC,,
ZBBX,,
ZBTB12,,
ZBTB16,,
ZBTB7C,,
ZBTB8B,,
ZC2HC1B,,
ZDHHC11,,
ZDHHC22,,
ZDHHC25,,
ZFHX4,,
ZFP286A,,
ZFP352,,
ZFP365,,
ZFP385B,,
ZFP385D,,
ZFP474,,
ZFP483,,
ZFP507,,
ZFP521,,
ZFP575,,
ZFP697,,
ZFP93,,
ZFPM2,,
ZIC1,,
ZIC2,,
ZIC3,,
ZIC4,,
ZIM1,,
ZMAT4,,
ZMYND15,,
ZP2,,
ZP3R,,
ZP4,,
ZSCAN10,,
