Term,Overlap,P-value,Adjusted P-value,Genes,Library,Odds Ratio,Combined Score
Regulation Of Ornithine Decarboxylase (ODC) R-HSA-350562,10/50,1.439800645390653e-07,6.467113336321509e-05,PSMD10;PSMA6;PSMB7;PSMA3;PSMB4;PSMB5;PSMA1;PSMA2;OAZ2;PSMA7,Reactome_2022,11.03393665158371,173.82412499274693
Cellular Response To Chemical Stress R-HSA-9711123,18/182,1.766970856918445e-07,6.467113336321509e-05,PSMD10;COX19;COX7B;COX4I1;PSMA7;PRDX2;PSMA6;PSMB7;MAP1LC3B;PSMA3;PSMB4;PSMB5;PSMA1;SCO2;PSMA2;UBXN7;COX14;SQSTM1,Reactome_2022,4.902101832078229,76.22194288603859
Vif-mediated Degradation Of APOBEC3G R-HSA-180585,9/53,2.6057606418478943e-06,9.348361652045087e-05,PSMD10;PSMA6;PSMB7;PSMA3;PSMB4;PSMB5;PSMA1;PSMA2;PSMA7,Reactome_2022,9.005540734660373,115.79131497131016
Negative Regulation Of NOTCH4 Signaling R-HSA-9604323,9/53,2.6057606418478943e-06,9.348361652045087e-05,PSMD10;PSMA6;PSMB7;PSMA3;PSMB4;PSMB5;PSMA1;PSMA2;PSMA7,Reactome_2022,9.005540734660373,115.79131497131016
Ubiquitin-dependent Degradation Of Cyclin D R-HSA-75815,9/51,1.8618367810624723e-06,9.348361652045087e-05,PSMD10;PSMA6;PSMB7;PSMA3;PSMB4;PSMB5;PSMA1;PSMA2;PSMA7,Reactome_2022,9.435343437600777,124.48942162758485
Ubiquitin Mediated Degradation Of Phosphorylated Cdc25A R-HSA-69601,9/51,1.8618367810624723e-06,9.348361652045087e-05,PSMD10;PSMA6;PSMB7;PSMA3;PSMB4;PSMB5;PSMA1;PSMA2;PSMA7,Reactome_2022,9.435343437600777,124.48942162758485
GSK3B And BTRC:CUL1-mediated-degradation Of NFE2L2 R-HSA-9762114,9/51,1.8618367810624723e-06,9.348361652045087e-05,PSMD10;PSMA6;PSMB7;PSMA3;PSMB4;PSMB5;PSMA1;PSMA2;PSMA7,Reactome_2022,9.435343437600777,124.48942162758485
Vpu Mediated Degradation Of CD4 R-HSA-180534,9/51,1.8618367810624723e-06,9.348361652045087e-05,PSMD10;PSMA6;PSMB7;PSMA3;PSMB4;PSMB5;PSMA1;PSMA2;PSMA7,Reactome_2022,9.435343437600777,124.48942162758485
"Respiratory Electron Transport, ATP Synthesis By Chemiosmotic Coupling, Heat Production By Uncoupling Proteins R-HSA-163200",13/112,1.5055401256427578e-06,9.348361652045087e-05,COX19;NDUFB9;COX7B;TIMMDC1;NDUFB6;COX4I1;NDUFB3;SCO2;NDUFAF5;NDUFS4;UCP2;COX14;NDUFV2,Reactome_2022,5.817560571546904,77.99230457626659
Regulation Of Apoptosis R-HSA-169911,9/52,2.20695300569016e-06,9.348361652045087e-05,PSMD10;PSMA6;PSMB7;PSMA3;PSMB4;PSMB5;PSMA1;PSMA2;PSMA7,Reactome_2022,9.21544438028243,120.02100509198937
APC/C:Cdc20 Mediated Degradation Of Securin R-HSA-174154,10/67,2.4670788464201146e-06,9.348361652045087e-05,PSMD10;PSMA6;PSMB7;PSMA3;PSMB4;PSMB5;PSMA1;PSMA2;CDC26;PSMA7,Reactome_2022,7.7363658013812815,99.89563588455653
FBXL7 Down-Regulates AURKA During Mitotic Entry And In Early Mitosis R-HSA-8854050,9/54,3.0650366072278974e-06,9.348361652045087e-05,PSMD10;PSMA6;PSMB7;PSMA3;PSMB4;PSMB5;PSMA1;PSMA2;PSMA7,Reactome_2022,8.804966139954853,111.78301658282729
Degradation Of AXIN R-HSA-4641257,9/54,3.0650366072278974e-06,9.348361652045087e-05,PSMD10;PSMA6;PSMB7;PSMA3;PSMB4;PSMB5;PSMA1;PSMA2;PSMA7,Reactome_2022,8.804966139954853,111.78301658282729
SCF-beta-TrCP Mediated Degradation Of Emi1 R-HSA-174113,9/54,3.0650366072278974e-06,9.348361652045087e-05,PSMD10;PSMA6;PSMB7;PSMA3;PSMB4;PSMB5;PSMA1;PSMA2;PSMA7,Reactome_2022,8.804966139954853,111.78301658282729
Regulation Of RUNX3 Expression And Activity R-HSA-8941858,9/54,3.0650366072278974e-06,9.348361652045087e-05,PSMD10;PSMA6;PSMB7;PSMA3;PSMB4;PSMB5;PSMA1;PSMA2;PSMA7,Reactome_2022,8.804966139954853,111.78301658282729
Autodegradation Of E3 Ubiquitin Ligase COP1 R-HSA-349425,9/51,1.8618367810624723e-06,9.348361652045087e-05,PSMD10;PSMA6;PSMB7;PSMA3;PSMB4;PSMB5;PSMA1;PSMA2;PSMA7,Reactome_2022,9.435343437600777,124.48942162758485
KEAP1-NFE2L2 Pathway R-HSA-9755511,12/100,2.670174857014353e-06,9.348361652045087e-05,PSMD10;PSMA6;PSMB7;MAP1LC3B;PSMA3;PSMB4;PSMB5;PSMA1;PSMA2;UBXN7;SQSTM1;PSMA7,Reactome_2022,6.030991735537191,77.39792789273041
Autodegradation Of Cdh1 By Cdh1:APC/C R-HSA-174084,10/63,1.378128395911806e-06,9.348361652045087e-05,PSMD10;PSMA6;PSMB7;PSMA3;PSMB4;PSMB5;PSMA1;PSMA2;CDC26;PSMA7,Reactome_2022,8.321949970118672,112.30291908779128
Regulation Of Activated PAK-2p34 By Proteasome Mediated Degradation R-HSA-211733,9/49,1.3085981544643722e-06,9.348361652045087e-05,PSMD10;PSMA6;PSMB7;PSMA3;PSMB4;PSMB5;PSMA1;PSMA2;PSMA7,Reactome_2022,9.908126410835214,134.22097050182273
Cross-presentation Of Soluble Exogenous Antigens (Endosomes) R-HSA-1236978,9/48,1.0898294015995949e-06,9.348361652045087e-05,PSMD10;PSMB7;PSMA6;PSMB4;PSMA3;PSMB5;PSMA1;PSMA2;PSMA7,Reactome_2022,10.162701857961451,139.5287072946726
Citric Acid (TCA) Cycle And Respiratory Electron Transport R-HSA-1428517,16/163,9.42921153970062e-07,9.348361652045087e-05,COX19;NDUFB9;COX7B;TIMMDC1;NDUFB6;IDH3G;COX4I1;NDUFB3;SCO2;MPC2;NDUFAF5;NDUFS4;UCP2;COX14;HAGH;NDUFV2,Reactome_2022,4.843287773825127,67.19714604647982
Respiratory Electron Transport R-HSA-611105,12/90,8.535502869443371e-07,9.348361652045087e-05,COX19;NDUFB9;COX7B;TIMMDC1;NDUFB6;SCO2;COX4I1;NDUFS4;NDUFB3;NDUFAF5;COX14;NDUFV2,Reactome_2022,6.807692307692308,95.12974861137552
Metabolism Of Polyamines R-HSA-351202,10/58,6.223282420645854e-07,9.348361652045087e-05,PSMD10;PSMA6;PSMB7;PSMA3;PSMB4;PSMB5;PSMA1;PSMA2;OAZ2;PSMA7,Reactome_2022,9.191176470588236,131.3400566456028
AUF1 (hnRNP D0) Binds And Destabilizes mRNA R-HSA-450408,9/54,3.0650366072278974e-06,9.348361652045087e-05,PSMD10;PSMA6;PSMB7;PSMA3;PSMB4;PSMB5;PSMA1;PSMA2;PSMA7,Reactome_2022,8.804966139954853,111.78301658282729
Degradation Of DVL R-HSA-4641258,9/55,3.5922130810965067e-06,0.00010113461443702472,PSMD10;PSMA6;PSMB7;PSMA3;PSMB4;PSMB5;PSMA1;PSMA2;PSMA7,Reactome_2022,8.613112179801748,107.98036597547522
Hh Mutants Are Degraded By ERAD R-HSA-5362768,9/55,3.5922130810965067e-06,0.00010113461443702472,PSMD10;PSMA6;PSMB7;PSMA3;PSMB4;PSMB5;PSMA1;PSMA2;PSMA7,Reactome_2022,8.613112179801748,107.98036597547522
Stabilization Of P53 R-HSA-69541,9/56,4.195420542291714e-06,0.00011374251247990868,PSMD10;PSMA6;PSMB7;PSMA3;PSMB4;PSMB5;PSMA1;PSMA2;PSMA7,Reactome_2022,8.429422217953029,104.36903427773308
ER-Phagosome Pathway R-HSA-1236974,11/89,5.2056511415087344e-06,0.00011850470929046852,PSMD10;PSMA6;PSMB7;PSMA3;PSMB4;PSMB5;PSMA1;PSMA2;SEC22B;B2M;PSMA7,Reactome_2022,6.226234083376941,75.74690545323807
Cdc20:Phospho-APC/C Mediated Degradation Of Cyclin A R-HSA-174184,10/72,4.823464152537502e-06,0.00011850470929046852,PSMD10;PSMA6;PSMB7;PSMA3;PSMB4;PSMB5;PSMA1;PSMA2;CDC26;PSMA7,Reactome_2022,7.110640782367538,87.04859375905568
CDK-mediated Phosphorylation And Removal Of Cdc6 R-HSA-69017,10/72,4.823464152537502e-06,0.00011850470929046852,PSMD10;PSMA6;PSMB7;PSMA3;PSMB4;PSMB5;PSMA1;PSMA2;CDC26;PSMA7,Reactome_2022,7.110640782367538,87.04859375905568
APC/C:Cdh1 Mediated Degradation Of Cdc20 And APC/C:Cdh1 Targets In Late Mitosis/Early G1 R-HSA-174178,10/73,5.477746984201288e-06,0.00011850470929046852,PSMD10;PSMA6;PSMB7;PSMA3;PSMB4;PSMB5;PSMA1;PSMA2;CDC26;PSMA7,Reactome_2022,6.997414350355527,84.7723920592607
Hh Mutants Abrogate Ligand Secretion R-HSA-5387390,9/58,5.666208777549724e-06,0.00011850470929046852,PSMD10;PSMA6;PSMB7;PSMA3;PSMB4;PSMB5;PSMA1;PSMA2;PSMA7,Reactome_2022,8.084534942645229,97.66918830135911
APC:Cdc20 Mediated Degradation Of Cell Cycle Proteins Before Cycle Checkpoint Satisfied R-HSA-179419,10/73,5.477746984201288e-06,0.00011850470929046852,PSMD10;PSMA6;PSMB7;PSMA3;PSMB4;PSMB5;PSMA1;PSMA2;CDC26;PSMA7,Reactome_2022,6.997414350355527,84.7723920592607
HIV Infection R-HSA-162906,18/229,5.013379889991692e-06,0.00011850470929046852,PSMD10;GTF2A2;TAF13;VTA1;PSMA7;PSMA6;PSMB7;PSMA3;PSMB4;PSMB5;PSMA1;PSMA2;POLR2C;POLR2E;POLR2H;B2M;POLR2J;POLR2K,Reactome_2022,3.8009260270382415,46.38422159661021
NIK To Noncanonical NF-kB Signaling R-HSA-5676590,9/58,5.666208777549724e-06,0.00011850470929046852,PSMD10;PSMA6;PSMB7;PSMA3;PSMB4;PSMB5;PSMA1;PSMA2;PSMA7,Reactome_2022,8.084534942645229,97.66918830135911
Role Of GTSE1 In G2/M Progression After G2 Checkpoint R-HSA-8852276,9/59,6.553946551865784e-06,0.00011993722189914384,PSMD10;PSMA6;PSMB7;PSMA3;PSMB4;PSMB5;PSMA1;PSMA2;PSMA7,Reactome_2022,7.922437923250564,94.55780754346112
GLI3 Is Processed To GLI3R By Proteasome R-HSA-5610785,9/59,6.553946551865784e-06,0.00011993722189914384,PSMD10;PSMA6;PSMB7;PSMA3;PSMB4;PSMB5;PSMA1;PSMA2;PSMA7,Reactome_2022,7.922437923250564,94.55780754346112
Degradation Of GLI2 By Proteasome R-HSA-5610783,9/59,6.553946551865784e-06,0.00011993722189914384,PSMD10;PSMA6;PSMB7;PSMA3;PSMB4;PSMB5;PSMA1;PSMA2;PSMA7,Reactome_2022,7.922437923250564,94.55780754346112
SCF(Skp2)-mediated Degradation Of P27/P21 R-HSA-187577,9/59,6.553946551865784e-06,0.00011993722189914384,PSMD10;PSMA6;PSMB7;PSMA3;PSMB4;PSMB5;PSMA1;PSMA2;PSMA7,Reactome_2022,7.922437923250564,94.55780754346112
Degradation Of GLI1 By Proteasome R-HSA-5610780,9/59,6.553946551865784e-06,0.00011993722189914384,PSMD10;PSMA6;PSMB7;PSMA3;PSMB4;PSMB5;PSMA1;PSMA2;PSMA7,Reactome_2022,7.922437923250564,94.55780754346112
APC/C:Cdc20 Mediated Degradation Of Mitotic Proteins R-HSA-176409,10/75,7.019838110605833e-06,0.00012532979260886513,PSMD10;PSMA6;PSMB7;PSMA3;PSMB4;PSMB5;PSMA1;PSMA2;CDC26;PSMA7,Reactome_2022,6.781413156978768,80.47347293062705
Defective CFTR Causes Cystic Fibrosis R-HSA-5678895,9/60,7.558123651767204e-06,0.00013172729793079984,PSMD10;PSMA6;PSMB7;PSMA3;PSMB4;PSMB5;PSMA1;PSMA2;PSMA7,Reactome_2022,7.766697649714513,91.5917923502602
Activation Of APC/C And APC/C:Cdc20 Mediated Degradation Of Mitotic Proteins R-HSA-176814,10/76,7.922488904861206e-06,0.00013486655531066053,PSMD10;PSMA6;PSMB7;PSMA3;PSMB4;PSMB5;PSMA1;PSMA2;CDC26;PSMA7,Reactome_2022,6.678321678321678,78.44226513481638
Dectin-1 Mediated Noncanonical NF-kB Signaling R-HSA-5607761,9/61,8.691049490156904e-06,0.00014458745969988303,PSMD10;PSMA6;PSMB7;PSMA3;PSMB4;PSMB5;PSMA1;PSMA2;PSMA7,Reactome_2022,7.61694738669908,88.76193967878936
Metabolism R-HSA-1430728,76/2049,9.902496753327857e-06,0.00015624660022682603,N6AMT1;RPL5;PECR;COX7B;HEXB;COX4I1;HNMT;PPCDC;MED11;GLIPR1;GNGT2;GUK1;MED10;MPC2;ACADM;NUDT13;PSTK;VKORC1;GPX4;STARD3NL;NME3;ACOT13;CYP27A1;PSMA6;PSMA3;PSMA1;PPA2;SCO2;PSMA2;MED21;NDUFS4;ACOT2;HAGH;PSMD10;NDUFB9;COX19;NDUFB6;HPGD;SAR1B;MGST3;GMPR2;NDUFB3;RPS27L;MAT2B;HSD17B10;OAZ2;PSMA7;PTS;SULT1A1;PSMB7;DGUOK;PSMB4;SRR;GNG10;PSMB5;PTPMT1;AGMO;ORMDL2;DHRS7B;UCP2;MED31;RPS3;ST3GAL6;COX14;NDUFV2;CBR4;B3GALNT1;CYB5A;TIMMDC1;IDH3G;POMC;NUDT7;LYRM4;ADI1;NDUFAF5;CRYL1,Reactome_2022,1.8005036072079457,20.74670547024361
Asymmetric Localization Of PCP Proteins R-HSA-4608870,9/62,9.96601428813911e-06,0.00015624660022682603,PSMD10;PSMA6;PSMB7;PSMA3;PSMB4;PSMB5;PSMA1;PSMA2;PSMA7,Reactome_2022,7.472848077004983,86.05978318255447
Nuclear Events Mediated By NFE2L2 R-HSA-9759194,10/78,1.0032227063744295e-05,0.00015624660022682603,PSMD10;PSMA6;PSMB7;PSMA3;PSMB4;PSMB5;PSMA1;PSMA2;SQSTM1;PSMA7,Reactome_2022,6.481235027947831,74.59712226466638
Regulation Of APC/C Activators Between G1/S And Early Anaphase R-HSA-176408,10/80,1.2609771482094689e-05,0.000190326291183513,PSMD10;PSMA6;PSMB7;PSMA3;PSMB4;PSMB5;PSMA1;PSMA2;CDC26;PSMA7,Reactome_2022,6.29541047188106,71.01876809615347
Oxygen-dependent Proline Hydroxylation Of Hypoxia-inducible Factor Alpha R-HSA-1234176,9/64,1.3000429725649796e-05,0.000190326291183513,PSMD10;PSMA6;PSMB7;PSMA3;PSMB4;PSMB5;PSMA1;PSMA2;PSMA7,Reactome_2022,7.200369382310692,81.00795839173773
Hedgehog Ligand Biogenesis R-HSA-5358346,9/64,1.3000429725649796e-05,0.000190326291183513,PSMD10;PSMA6;PSMB7;PSMA3;PSMB4;PSMB5;PSMA1;PSMA2;PSMA7,Reactome_2022,7.200369382310692,81.00795839173773
Signaling By NOTCH4 R-HSA-9013694,10/81,1.409957560379571e-05,0.0002023703792544796,NOTCH2;PSMD10;PSMA6;PSMB7;PSMA3;PSMB4;PSMB5;PSMA1;PSMA2;PSMA7,Reactome_2022,6.206424064750494,69.3218210618462
Regulation Of RAS By GAPs R-HSA-5658442,9/65,1.4791823611446734e-05,0.00020429462044488695,PSMD10;PSMA6;PSMB7;PSMA3;PSMB4;PSMB5;PSMA1;PSMA2;PSMA7,Reactome_2022,7.071428571428571,78.64444020468818
p53-Dependent G1 DNA Damage Response R-HSA-69563,9/65,1.4791823611446734e-05,0.00020429462044488695,PSMD10;PSMA6;PSMB7;PSMA3;PSMB4;PSMB5;PSMA1;PSMA2;PSMA7,Reactome_2022,7.071428571428571,78.64444020468818
Activation Of NF-kappaB In B Cells R-HSA-1169091,9/66,1.6789247699944128e-05,0.000227587579932576,PSMD10;PSMA6;PSMB7;PSMA3;PSMB4;PSMB5;PSMA1;PSMA2;PSMA7,Reactome_2022,6.947011999524771,76.38081228183978
G1/S DNA Damage Checkpoints R-HSA-69615,9/67,1.901166908467755e-05,0.0002485096744639994,PSMD10;PSMA6;PSMB7;PSMA3;PSMB4;PSMB5;PSMA1;PSMA2;PSMA7,Reactome_2022,6.826885654238343,74.2113710783546
Regulation Of PTEN Stability And Activity R-HSA-8948751,9/67,1.901166908467755e-05,0.0002485096744639994,PSMD10;PSMA6;PSMB7;PSMA3;PSMB4;PSMB5;PSMA1;PSMA2;PSMA7,Reactome_2022,6.826885654238343,74.2113710783546
Protein Localization R-HSA-9609507,14/164,2.240752841206277e-05,0.00028775983855491144,PECR;COX19;FIS1;CYB5A;IDH3G;ZFAND6;TIMM10;TOMM20;PEX7;CHCHD2;NUDT7;ACOT2;MPV17;TOMM5,Reactome_2022,4.13351598173516,44.25389152627683
Antigen processing-Cross Presentation R-HSA-1236975,11/104,2.347456422574613e-05,0.00029626518988355466,PSMD10;PSMA6;PSMB7;PSMA3;PSMB4;PSMB5;PSMA1;PSMA2;SEC22B;B2M;PSMA7,Reactome_2022,5.217979664984274,55.62154001389539
Orc1 Removal From Chromatin R-HSA-68949,9/69,2.4213898148302804e-05,0.00030041649906029924,PSMD10;PSMA6;PSMB7;PSMA3;PSMB4;PSMB5;PSMA1;PSMA2;PSMA7,Reactome_2022,6.598645598194131,70.13425761453951
APC/C-mediated Degradation Of Cell Cycle Proteins R-HSA-174143,10/87,2.662105873506414e-05,0.0003247769165677825,PSMD10;PSMA6;PSMB7;PSMA3;PSMB4;PSMB5;PSMA1;PSMA2;CDC26;PSMA7,Reactome_2022,5.721043662220133,60.26437534653407
RNA Polymerase III Chain Elongation R-HSA-73780,5/17,2.8504715359544245e-05,0.00034205658431453093,POLR3GL;POLR1D;POLR2E;POLR2H;POLR2K,Reactome_2022,18.210290827740494,190.5787248544696
Proteasome Degradation WP183,10/62,1.1829823228148683e-06,0.0003619925907813498,PSMD10;PSMA6;PSMB7;PSMA3;PSMB4;PSMB5;PSMA1;UBE2B;PSMA2;PSMA7,WikiPathway_2023_Human,8.482422554820745,115.76362359448444
Regulation Of RUNX2 Expression And Activity R-HSA-8939902,9/72,3.425622724093022e-05,0.00040444448936066,PSMD10;PSMA6;PSMB7;PSMA3;PSMB4;PSMB5;PSMA1;PSMA2;PSMA7,Reactome_2022,6.28345694937117,64.60425608559642
Switching Of Origins To A Post-Replicative State R-HSA-69052,10/90,3.5841088252460906e-05,0.00041643931112383145,PSMD10;PSMA6;PSMB7;PSMA3;PSMB4;PSMB5;PSMA1;PSMA2;CDC26;PSMA7,Reactome_2022,5.505656108597285,56.358184112038806
Cellular Response To Hypoxia R-HSA-1234174,9/73,3.83032269882095e-05,0.0004380931586776462,PSMD10;PSMA6;PSMB7;PSMA3;PSMB4;PSMB5;PSMA1;PSMA2;PSMA7,Reactome_2022,6.184960496613996,62.90090234586274
RNA Polymerase II Activity (GO:0001055),5/10,1.3233875756084772e-06,0.0004459816129800568,POLR2C;POLR2E;POLR2H;POLR2J;POLR2K,GO_Molecular_Function_2023,43.72035794183445,591.7688500424678
RNA polymerase,7/31,4.725641052490646e-06,0.0005091731680519888,POLR3GL;POLR2C;POLR2E;POLR1D;POLR2H;POLR2J;POLR2K,KEGG_2021_Human,12.796629213483143,156.91875957744324
Huntington disease,21/306,7.066748749656042e-06,0.0005091731680519888,NDUFB9;COX7B;NDUFB6;COX4I1;NDUFB3;PSMA7;PSMA6;PSMB7;PSMA3;PSMB4;TUBB2A;PSMB5;PSMA1;PSMA2;POLR2C;NDUFS4;POLR2E;POLR2H;NDUFV2;POLR2J;POLR2K,KEGG_2021_Human,3.293222615703993,39.05798263976647
Protein export,6/23,9.38568051708735e-06,0.0005091731680519888,IMMP1L;IMMP2L;SPCS1;SRP14;SEC11A;SEC11C,KEGG_2021_Human,15.4558164072804,178.92155973510947
Proteasome,8/46,7.85608211417159e-06,0.0005091731680519888,PSMB7;PSMA6;PSMB4;PSMA3;PSMB5;PSMA1;PSMA2;PSMA7,KEGG_2021_Human,9.250829777145569,108.7363118298274
Signaling By FGFR2 IIIa TM R-HSA-8851708,5/19,5.1599477884723017e-05,0.0005810895047941116,POLR2C;POLR2E;POLR2H;POLR2J;POLR2K,Reactome_2022,15.607222754873762,154.07448749196087
Eukaryotic Transcription Initiation WP405,8/42,3.84616384288456e-06,0.0005884630679613376,GTF2A2;TAF13;POLR2C;POLR2E;POLR1D;POLR2H;POLR2J;POLR2K,WikiPathway_2023_Human,10.341282458929518,128.939601029119
UCH Proteinases R-HSA-5689603,10/95,5.726917617028217e-05,0.0006351672266158568,PSMD10;PSMA6;PSMB7;PSMA3;PSMB4;PSMB5;PSMA1;PSMA2;SENP8;PSMA7,Reactome_2022,5.180463135480436,50.60145851704896
ABC Transporter Disorders R-HSA-5619084,9/77,5.877893459517798e-05,0.0006421817928906013,PSMD10;PSMA6;PSMB7;PSMA3;PSMB4;PSMB5;PSMA1;PSMA2;PSMA7,Reactome_2022,5.819944230513876,56.69630797944692
FCERI Mediated NF-kB Activation R-HSA-2871837,9/78,6.513723818639557e-05,0.0007011832110653171,PSMD10;PSMA6;PSMB7;PSMA3;PSMB4;PSMB5;PSMA1;PSMA2;PSMA7,Reactome_2022,5.735302777505153,55.282664667833885
Downstream Signaling Events Of B Cell Receptor (BCR) R-HSA-1168372,9/79,7.20646643982654e-05,0.0007535904905647182,PSMD10;PSMA6;PSMB7;PSMA3;PSMB4;PSMB5;PSMA1;PSMA2;PSMA7,Reactome_2022,5.65307965172525,53.91877255243473
HIV Transcription Initiation R-HSA-167161,7/46,7.180870975287033e-05,0.0007535904905647182,GTF2A2;TAF13;POLR2C;POLR2E;POLR2H;POLR2J;POLR2K,Reactome_2022,7.868798617113224,75.08017964571589
PTEN Regulation R-HSA-6807070,12/139,7.670940766352956e-05,0.0007908631888690654,PSMD10;PSMA6;PSMB7;PSMA3;PSMB4;PSMB5;PSMA1;PSMA2;MAF1;LAMTOR3;PSMA7;LAMTOR5,Reactome_2022,4.1705798138869,39.51827147993372
CLEC7A (Dectin-1) Signaling R-HSA-5607764,10/99,8.149367939467398e-05,0.0008285190738458521,PSMD10;PSMA6;PSMB7;PSMA3;PSMB4;PSMB5;PSMA1;CLEC7A;PSMA2;PSMA7,Reactome_2022,4.946616503126748,46.57232064348628
TNFR2 Non-Canonical NF-kB Pathway R-HSA-5668541,10/100,8.875292153992132e-05,0.0008899608022907179,PSMD10;PSMA6;PSMB7;PSMA3;PSMB4;PSMB5;PSMA1;PSMA2;TNFRSF17;PSMA7,Reactome_2022,4.891402714932127,45.63509593897532
Cyclin E Associated Events During G1/S Transition R-HSA-69202,9/82,9.66719942993381e-05,0.0009562689165826416,PSMD10;PSMA6;PSMB7;PSMA3;PSMB4;PSMB5;PSMA1;PSMA2;PSMA7,Reactome_2022,5.419926404650731,50.102812190414745
Neddylation R-HSA-8951664,16/237,0.00010463286469509889,0.0010212167594241,PSMD10;COMMD2;COMMD1;RNF7;COMMD6;PSMA7;PSMA6;PSMB7;PSMA3;PSMB4;PSMB5;PSMA1;PSMA2;SENP8;UBXN7;SQSTM1,Reactome_2022,3.2092656399186352,29.413089236951382
PINK1-PRKN Mediated Mitophagy R-HSA-5205685,5/22,0.0001104968539179019,0.0010504376242584,MAP1LC3B;TOMM20;SQSTM1;ATG12;TOMM5,Reactome_2022,12.85103303066193,117.07963853747816
RNA Polymerase III Transcription Termination R-HSA-73980,5/22,0.0001104968539179019,0.0010504376242584,POLR3GL;POLR1D;POLR2E;POLR2H;POLR2K,Reactome_2022,12.85103303066193,117.07963853747816
Degradation Of Beta-Catenin By Destruction Complex R-HSA-195253,9/84,0.00011671050430117456,0.0010814188499805,PSMD10;PSMA6;PSMB7;PSMA3;PSMB4;PSMB5;PSMA1;PSMA2;PSMA7,Reactome_2022,5.274853273137698,47.76809017987093
Cyclin A:Cdk2-associated Events At S Phase Entry R-HSA-69656,9/84,0.00011671050430117456,0.0010814188499805,PSMD10;PSMA6;PSMB7;PSMA3;PSMB4;PSMB5;PSMA1;PSMA2;PSMA7,Reactome_2022,5.274853273137698,47.76809017987093
Hedgehog On State R-HSA-5632684,9/85,0.00012796481391094276,0.0011708780472851,PSMD10;PSMA6;PSMB7;PSMA3;PSMB4;PSMB5;PSMA1;PSMA2;PSMA7,Reactome_2022,5.205179992871569,46.65795934856423
Abortive Elongation Of HIV-1 Transcript In Absence Of Tat R-HSA-167242,5/23,0.00013858348921432423,0.0012523841247516,POLR2C;POLR2E;POLR2H;POLR2J;POLR2K,Reactome_2022,12.136465324384789,107.82081431834828
Complex I Biogenesis R-HSA-6799198,7/51,0.0001409465282894713,0.0012582055939986,NDUFB9;TIMMDC1;NDUFB6;NDUFS4;NDUFB3;NDUFAF5;NDUFV2,Reactome_2022,6.972829417773238,61.82898471651006
PCP/CE Pathway R-HSA-4086400,9/88,0.00016730769273546578,0.0014579670366947,PSMD10;PSMA6;PSMB7;PSMA3;PSMB4;PSMB5;PSMA1;PSMA2;PSMA7,Reactome_2022,5.006743435151584,43.53701857372957
Regulation Of mRNA Stability By Proteins That Bind AU-rich Elements R-HSA-450531,9/88,0.00016730769273546578,0.0014579670366947,PSMD10;PSMA6;PSMB7;PSMA3;PSMB4;PSMB5;PSMA1;PSMA2;PSMA7,Reactome_2022,5.006743435151584,43.53701857372957
MicroRNA (miRNA) Biogenesis R-HSA-203927,5/24,0.00017182238776343483,0.0014796939746215,POLR2C;POLR2E;POLR2H;POLR2J;POLR2K,Reactome_2022,11.497115271399975,99.66905845127528
DNA-directed 5'-3' RNA Polymerase Activity (GO:0003899),7/34,9.11778422661329e-06,0.0015363466421843,POLR2C;MED21;POLR2E;POLR1D;POLR2H;POLR2J;POLR2K,GO_Molecular_Function_2023,11.373033707865169,131.98728317579182
MAPK6/MAPK4 Signaling R-HSA-5687128,9/90,0.0001987656575912741,0.0016723731190438,PSMD10;PSMA6;PSMB7;PSMA3;PSMB4;PSMB5;PSMA1;PSMA2;PSMA7,Reactome_2022,4.8826185101580135,41.61643262038888
Assembly Of Pre-Replicative Complex R-HSA-68867,10/110,0.000196847572457735,0.0016723731190438,PSMD10;PSMA6;PSMB7;PSMA3;PSMB4;PSMB5;PSMA1;PSMA2;CDC26;PSMA7,Reactome_2022,4.4,37.545555839395725
FGFR2 Alternative Splicing R-HSA-6803529,5/26,0.00025619949024818306,0.0021071688411423,POLR2C;POLR2E;POLR2H;POLR2J;POLR2K,Reactome_2022,10.4010866091403,86.01234901807366
RNA Polymerase III Transcription Initiation From Type 2 Promoter R-HSA-76066,5/26,0.00025619949024818306,0.0021071688411423,POLR3GL;POLR2E;POLR1D;POLR2H;POLR2K,Reactome_2022,10.4010866091403,86.01234901807366
Interleukin-1 Signaling R-HSA-9020702,10/114,0.00026372356635076045,0.0021213807754808,PSMD10;PSMA6;PSMB7;PSMA3;PSMB4;PSMB5;PSMA1;PSMA2;SQSTM1;PSMA7,Reactome_2022,4.229899060215803,34.85694469007883
RNA Polymerase II Transcribes snRNA Genes R-HSA-6807505,8/74,0.0002613947458410717,0.0021213807754808,GTF2A2;TAF13;POLR2C;SSU72;POLR2E;POLR2H;POLR2J;POLR2K,Reactome_2022,5.318591318591318,43.875606632001166
Downstream TCR Signaling R-HSA-202424,9/94,0.0002765353022960664,0.0022002591443556,PSMD10;PSMA6;PSMB7;PSMA3;PSMB4;PSMB5;PSMA1;PSMA2;PSMA7,Reactome_2022,4.651892178993494,38.11375307161896
RNA Polymerase III Transcription Initiation From Type 1 Promoter R-HSA-76061,5/27,0.0003086336112741168,0.0023533312859651,POLR3GL;POLR2E;POLR1D;POLR2H;POLR2K,Reactome_2022,9.927801504982712,80.24995096940219
RNA Pol II CTD Phosphorylation And Interaction With CE R-HSA-77075,5/27,0.0003086336112741168,0.0023533312859651,POLR2C;POLR2E;POLR2H;POLR2J;POLR2K,Reactome_2022,9.927801504982712,80.24995096940219
RNA Polymerase III Transcription Initiation From Type 3 Promoter R-HSA-76071,5/27,0.0003086336112741168,0.0023533312859651,POLR3GL;POLR2E;POLR1D;POLR2H;POLR2K,Reactome_2022,9.927801504982712,80.24995096940219
Transcriptional Regulation By RUNX3 R-HSA-8878159,9/95,0.0002994818593058182,0.0023533312859651,PSMD10;PSMA6;PSMB7;PSMA3;PSMB4;PSMB5;PSMA1;PSMA2;PSMA7,Reactome_2022,4.597564176597197,37.30213792826184
Parkinson disease,17/249,5.579424709162305e-05,0.0024214703237764,NDUFB9;COX7B;NDUFB6;COX4I1;NDUFB3;PSMA7;PSMA6;PSMB7;PSMA3;PSMB4;TUBB2A;PSMB5;PSMA1;PSMA2;NDUFS4;NDUFV2;CALM2,KEGG_2021_Human,3.2537851763773284,31.867050737003883
Hedgehog Off State R-HSA-5610787,9/98,0.0003779583865346824,0.0027392627618157,PSMD10;PSMA6;PSMB7;PSMA3;PSMB4;PSMB5;PSMA1;PSMA2;PSMA7,Reactome_2022,4.441905293326908,35.00544056433191
C-type Lectin Receptors (CLRs) R-HSA-5621481,11/141,0.000367273792457047,0.0027392627618157,PSMD10;PSMA6;PSMB7;PSMA3;PSMB4;FCER1G;PSMB5;PSMA1;CLEC7A;PSMA2;PSMA7,Reactome_2022,3.725763125763126,29.468561893520395
RUNX1 Regulates Transcription Of Genes Involved In Differentiation Of HSCs R-HSA-8939236,9/98,0.0003779583865346824,0.0027392627618157,PSMD10;PSMA6;PSMB7;PSMA3;PSMB4;PSMB5;PSMA1;PSMA2;PSMA7,Reactome_2022,4.441905293326908,35.00544056433191
Synthesis Of DNA R-HSA-69239,10/119,0.0003731099564496007,0.0027392627618157,PSMD10;PSMA6;PSMB7;PSMA3;PSMB4;PSMB5;PSMA1;PSMA2;CDC26;PSMA7,Reactome_2022,4.034829175142181,31.849478448659948
Mitophagy R-HSA-5205647,5/28,0.0003688092104045403,0.0027392627618157,MAP1LC3B;TOMM20;SQSTM1;ATG12;TOMM5,Reactome_2022,9.495671627273612,75.06547859315445
Beta-catenin Independent WNT Signaling R-HSA-3858494,11/142,0.0003901983268128686,0.0028002468159511,PSMD10;PSMA6;PSMB7;GNG10;PSMA3;PSMB4;GNGT2;PSMB5;PSMA1;PSMA2;PSMA7,Reactome_2022,3.69713177892022,29.018252793331364
Oxidoreduction-Driven Active Transmembrane Transporter Activity (GO:0015453),8/54,2.674795523097463e-05,0.0030046869709461,NDUFB9;CYB5A;COX7B;NDUFB6;COX4I1;NDUFS4;NDUFB3;NDUFV2,GO_Molecular_Function_2023,7.6388562475518995,80.42991868055283
Regulation Of Expression Of SLITs And ROBOs R-HSA-9010553,12/167,0.0004283396798251349,0.0030441227731262,PSMD10;RPL5;PSMA6;PSMB7;PSMA3;PSMB4;PSMB5;PSMA1;PSMA2;RPS3;RPS27L;PSMA7,Reactome_2022,3.412258064516129,26.464088283195284
PIWI-interacting RNA (piRNA) Biogenesis R-HSA-5601884,5/29,0.000437442874234263,0.0030496017518045,POLR2C;POLR2E;POLR2H;POLR2J;POLR2K,Reactome_2022,9.099552572706935,70.38107569299707
mRNA Capping R-HSA-72086,5/29,0.000437442874234263,0.0030496017518045,POLR2C;POLR2E;POLR2H;POLR2J;POLR2K,Reactome_2022,9.099552572706935,70.38107569299707
TP53 Regulates Metabolic Genes R-HSA-5628897,8/81,0.0004863067332802866,0.0033582691392563,COX19;PRDX2;COX7B;SCO2;COX4I1;COX14;LAMTOR3;LAMTOR5,Reactome_2022,4.806861656176725,36.66996609206424
ABC-family Proteins Mediated Transport R-HSA-382556,9/102,0.0005082407531443015,0.0034769367411367,PSMD10;PSMA6;PSMB7;PSMA3;PSMB4;PSMB5;PSMA1;PSMA2;PSMA7,Reactome_2022,4.249981795674652,32.2342219496313
Cellular Responses To Stress R-HSA-2262752,31/722,0.0005153429654247012,0.0034928800989896,PSMD10;RPL5;COX19;COX7B;COX4I1;RPS27L;PSMA7;PRDX2;PSMB7;PSMB4;MAP1LC3B;PSMB5;CDC26;RPS3;DNAJB9;UBXN7;COX14;CLEC1B;ATP6V1E1;ATP6V1F;HSBP1;YIF1A;PSMA6;PSMA3;IL6;PSMA1;SCO2;PSMA2;LAMTOR3;SQSTM1;LAMTOR5,Reactome_2022,2.0094358755770667,15.212791828284852
Pausing And Recovery Of Tat-mediated HIV Elongation R-HSA-167238,5/31,0.0006030733811719486,0.004049997385485,POLR2C;POLR2E;POLR2H;POLR2J;POLR2K,Reactome_2022,8.398726553088968,62.26372140869995
Metabolism Of RNA R-HSA-8953854,29/666,0.0006221626065985994,0.0041231401976917,PSMD10;RPL5;SF3B6;NIP7;CSTF3;FCF1;RPS27L;HSD17B10;PSMA7;PSMB7;PSMB4;PSMB5;POLR2C;RPS3;POLR2E;POLR2H;POLR2J;POLR2K;PUS3;WTAP;LSM1;THOC7;RCL1;PSMA6;LSM8;PSMA3;PSMA1;PSMA2;CLNS1A,Reactome_2022,2.035319965411151,15.025361049129955
DNA Replication Pre-Initiation R-HSA-69002,10/127,0.0006252302758794825,0.0041231401976917,PSMD10;PSMA6;PSMB7;PSMA3;PSMB4;PSMB5;PSMA1;PSMA2;CDC26;PSMA7,Reactome_2022,3.757396449704142,27.719781003082197
Interleukin-1 Family Signaling R-HSA-446652,11/152,0.0006932414594276331,0.0045308281098306,PSMD10;PSMA6;PSMB7;PSMA3;PSMB4;PSMB5;PSMA1;PSMA2;IL18;SQSTM1;PSMA7,Reactome_2022,3.433154822212573,24.973222016352857
Cellular Responses To Stimuli R-HSA-8953897,31/736,0.0007072710221748071,0.004541424458175,PSMD10;RPL5;COX19;COX7B;COX4I1;RPS27L;PSMA7;PRDX2;PSMB7;PSMB4;MAP1LC3B;PSMB5;CDC26;RPS3;DNAJB9;UBXN7;COX14;CLEC1B;ATP6V1E1;ATP6V1F;HSBP1;YIF1A;PSMA6;PSMA3;IL6;PSMA1;SCO2;PSMA2;LAMTOR3;SQSTM1;LAMTOR5,Reactome_2022,1.968069944913327,14.276569543978743
Translation R-HSA-72766,16/281,0.0007037599224763816,0.004541424458175,MRPS17;N6AMT1;RPL5;MRPS22;RPS27L;MRPL14;SRP14;MRPS6;MRPS18C;EIF3M;SPCS1;PPA2;RPS3;CHCHD1;SEC11A;SEC11C,Reactome_2022,2.670313311407305,19.384000005865257
Host Interactions Of HIV Factors R-HSA-162909,10/130,0.0007502804200393939,0.0047345281678347,PSMD10;PSMA6;PSMB7;PSMA3;PSMB4;PSMB5;PSMA1;PSMA2;B2M;PSMA7,Reactome_2022,3.66289592760181,26.35476889528661
Fc Epsilon Receptor (FCERI) Signaling R-HSA-2454202,10/130,0.0007502804200393939,0.0047345281678347,PSMD10;PSMA6;PSMB7;PSMA3;PSMB4;FCER1G;PSMB5;PSMA1;PSMA2;PSMA7,Reactome_2022,3.66289592760181,26.35476889528661
HIV Elongation Arrest And Recovery R-HSA-167287,5/33,0.0008117265027011171,0.0049515316664768,POLR2C;POLR2E;POLR2H;POLR2J;POLR2K,Reactome_2022,7.7980185362735694,55.49340654857483
Formation Of Early Elongation Complex R-HSA-113418,5/33,0.0008117265027011171,0.0049515316664768,POLR2C;POLR2E;POLR2H;POLR2J;POLR2K,Reactome_2022,7.7980185362735694,55.49340654857483
mRNA Splicing - Minor Pathway R-HSA-72165,6/49,0.0007916621465592163,0.0049515316664768,SF3B6;POLR2C;POLR2E;POLR2H;POLR2J;POLR2K,Reactome_2022,6.102304724163104,43.57885152417082
FGFR2 Mutant Receptor Activation R-HSA-1839126,5/33,0.0008117265027011171,0.0049515316664768,POLR2C;POLR2E;POLR2H;POLR2J;POLR2K,Reactome_2022,7.7980185362735694,55.49340654857483
Signaling By B Cell Receptor (BCR) R-HSA-983705,9/109,0.000823822922296656,0.0049837882571996,PSMD10;PSMA6;PSMB7;PSMA3;PSMB4;PSMB5;PSMA1;PSMA2;PSMA7,Reactome_2022,3.951060948081264,28.058676438634063
Transcription Of HIV Genome R-HSA-167172,7/69,0.00092713622753189,0.0055628173651913,GTF2A2;TAF13;POLR2C;POLR2E;POLR2H;POLR2J;POLR2K,Reactome_2022,4.943892714751722,34.52523006007993
Mitochondrial Respiratory Chain Complex Assembly (GO:0033108),11/90,5.8116444879493966e-06,0.0060058546044259,COX19;NDUFB9;TMEM223;LYRM2;NDUFB6;SCO2;NDUFS4;NDUFB3;NDUFAF5;TMEM126A;COX14,GO_Biological_Process_2023,6.147105255604352,74.10733092738849
Signal Peptide Processing (GO:0006465),5/13,6.389207025985025e-06,0.0060058546044259,IMMP1L;IMMP2L;SPCS1;SEC11A;SEC11C,GO_Biological_Process_2023,27.32102908277405,326.7841075032988
Prion disease,17/273,0.00017113531329393414,0.0061893938307972,NDUFB9;COX7B;NDUFB6;COX4I1;NDUFB3;PSMA7;PSMA6;PSMB7;PSMA3;PSMB4;IL6;TUBB2A;PSMB5;PSMA1;PSMA2;NDUFS4;NDUFV2,KEGG_2021_Human,2.945079022988505,25.542835316033656
RNA Polymerase I Activity (GO:0001054),4/11,7.48886922443063e-05,0.0063093723215828,POLR1D;POLR2E;POLR2H;POLR2K,GO_Molecular_Function_2023,24.924744897959183,236.7728048376835
RNA Polymerase III Transcription Initiation R-HSA-76046,5/35,0.0010699248432554,0.006367357603764,POLR3GL;POLR2E;POLR1D;POLR2H;POLR2K,Reactome_2022,7.277404921700223,49.778664066264
Macroautophagy R-HSA-1632852,9/114,0.00113479791809,0.0066989683551765,GABARAPL2;GABARAPL1;MAP1LC3B;TOMM20;SQSTM1;LAMTOR3;ATG12;TOMM5;LAMTOR5,Reactome_2022,3.761947758787488,25.51089893104195
TCR Signaling R-HSA-202403,9/116,0.0012830966228439,0.0075138138233739,PSMD10;PSMA6;PSMB7;PSMA3;PSMB4;PSMB5;PSMA1;PSMA2;PSMA7,Reactome_2022,3.6912512394253287,24.57811844098745
Transcriptional Regulation By RUNX2 R-HSA-8878166,9/119,0.0015344739462517,0.0089145629258436,PSMD10;PSMA6;PSMB7;PSMA3;PSMB4;PSMB5;PSMA1;PSMA2;PSMA7,Reactome_2022,3.590026677611328,23.261820768498666
Alzheimer disease,20/369,0.00030315687560266764,0.0093978631436826,NDUFB9;COX7B;NDUFB6;INSR;COX4I1;NDUFB3;HSD17B10;PSMA7;PSMA6;PSMB7;PSMA3;PSMB4;IL6;TUBB2A;PSMB5;PSMA1;PSMA2;NDUFS4;NDUFV2;CALM2,KEGG_2021_Human,2.546826912872758,20.63250736591195
Metabolism Of Amino Acids And Derivatives R-HSA-71291,18/364,0.001689980168828,0.0097406730990718,PSMD10;RPL5;RPS27L;HNMT;HSD17B10;OAZ2;PSMA7;PSMA6;PSMB7;PSMA3;PSMB4;SRR;PSMB5;PSMA1;ADI1;PSMA2;RPS3;PSTK,Reactome_2022,2.301723449029061,14.691989355914387
Mitotic G1 Phase And G1/S Transition R-HSA-453279,10/147,0.0019074664682981,0.0109083238655799,PSMD10;CDKN1C;PSMA6;PSMB7;PSMA3;PSMB4;PSMB5;PSMA1;PSMA2;PSMA7,Reactome_2022,3.205568583413152,20.07320435074349
RNA Polymerase III Abortive And Retractive Initiation R-HSA-749476,5/40,0.0019772623153332,0.0112198140684026,POLR3GL;POLR2E;POLR1D;POLR2H;POLR2K,Reactome_2022,6.236177692553532,38.82670460789704
Ub-specific Processing Proteases R-HSA-5689880,12/201,0.0021411551402064,0.012056350481778,PSMD10;PSMA6;PSMB7;PSMA3;PSMB4;PSMB5;PSMA1;PSMA2;FOXO4;MAT2B;TOMM20;PSMA7,Reactome_2022,2.7935064935064937,17.1700357172071
RNA Polymerase II Pre-transcription Events R-HSA-674695,7/80,0.0022088673005944,0.0123426783514131,GTF2A2;TAF13;POLR2C;POLR2E;POLR2H;POLR2J;POLR2K,Reactome_2022,4.196552254886871,25.66307288876973
Signaling By NOTCH R-HSA-157118,12/203,0.0023242207080794,0.0127919515662717,NOTCH2;PSMD10;PSMA6;PSMB7;PSMA3;PSMB4;PSMB5;PSMA1;PSMA2;MFNG;ST3GAL6;PSMA7,Reactome_2022,2.763969538315088,16.76173526319741
Innate Immune System R-HSA-168249,38/1035,0.0023180787097396,0.0127919515662717,PSMD10;GHDC;HEXB;BRK1;TREM2;SRP14;PSMA7;CST3;PSMB7;PSMB4;GLIPR1;PSMB5;CLEC7A;STBD1;CLEC5A;POLR2E;POLR2H;OSTF1;ATP6V1E1;B2M;POLR2K;ATP6V1F;CD53;FCER1G;POLR3GL;ATP6AP2;RNASE6;GGH;ATG12;PSMA6;PSMA3;TYROBP;PSMA1;PSMA2;POLR1D;KLRD1;LAMTOR3;NIT2,Reactome_2022,1.7078724094990283,10.361690222831989
Signaling By FGFR2 In Disease R-HSA-5655253,5/42,0.0024636258289552,0.0134580157223523,POLR2C;POLR2E;POLR2H;POLR2J;POLR2K,Reactome_2022,5.898482374992442,35.426999450265875
Autophagy R-HSA-9612973,9/128,0.0025334736738303,0.0137370572536579,GABARAPL2;GABARAPL1;MAP1LC3B;TOMM20;SQSTM1;LAMTOR3;ATG12;TOMM5;LAMTOR5,Reactome_2022,3.316975548684485,19.82942356302277
G1/S Transition R-HSA-69206,9/129,0.0026704973917068,0.0143735594906572,PSMD10;PSMA6;PSMB7;PSMA3;PSMB4;PSMB5;PSMA1;PSMA2;PSMA7,Reactome_2022,3.2891647855530475,19.48991480449091
Cytosolic DNA-sensing pathway,7/63,0.000533853290012556,0.0144807704915905,IL6;POLR3GL;IL18;POLR1D;POLR2E;POLR2H;POLR2K,KEGG_2021_Human,5.475280898876404,41.25837416513434
Formation Of HIV-1 Elongation Complex Containing HIV-1 Tat R-HSA-167200,5/43,0.002736891275638,0.0145174232881669,POLR2C;POLR2E;POLR2H;POLR2J;POLR2K,Reactome_2022,5.742964794536677,33.88884802529196
DAP12 Interactions R-HSA-2172127,5/43,0.002736891275638,0.0145174232881669,TYROBP;CLEC5A;TREM2;KLRD1;B2M,Reactome_2022,5.742964794536677,33.88884802529196
"Synthesis, Secretion, And Inactivation Of Glucose-dependent Insulinotropic Polypeptide (GIP) R-HSA-400511",3/13,0.0027699739236783,0.014587200806709,SPCS1;SEC11A;SEC11C,Reactome_2022,13.0543429844098,76.87594718957565
DNA Replication R-HSA-69306,10/155,0.0028112791897794,0.0146989740494181,PSMD10;PSMA6;PSMB7;PSMA3;PSMB4;PSMB5;PSMA1;PSMA2;CDC26;PSMA7,Reactome_2022,3.0274613824309564,17.783658351524856
Peroxisomal Protein Import R-HSA-9033241,6/63,0.0029516324311056,0.0152154573209105,PECR;PEX7;NUDT7;ZFAND6;ACOT2;MPV17,Reactome_2022,4.600188812839273,26.797925627669308
Signaling By ROBO Receptors R-HSA-376176,12/209,0.0029514412437099,0.0152154573209105,PSMD10;RPL5;PSMA6;PSMB7;PSMA3;PSMB4;PSMB5;PSMA1;PSMA2;RPS3;RPS27L;PSMA7,Reactome_2022,2.678957083525612,15.606161807651397
Amyotrophic lateral sclerosis,19/364,0.0006726765311819539,0.0162189785851648,GABARAPL2;NDUFB9;GABARAPL1;COX7B;NDUFB6;COX4I1;NDUFB3;PSMA7;PSMA6;PSMB7;PSMA3;PSMB4;TUBB2A;PSMB5;PSMA1;PSMA2;NDUFS4;NDUFV2;SQSTM1,KEGG_2021_Human,2.442393814640024,17.83984520469288
PIP3 Activates AKT Signaling R-HSA-1257604,14/268,0.0032769990683474,0.0167745686575547,PSMD10;INSR;FOXO4;PSMA7;PSMA6;PSMB7;PSMA3;PSMB4;PSMB5;PSMA1;PSMA2;MAF1;LAMTOR3;LAMTOR5,Reactome_2022,2.427965339948945,13.889970141815509
Formation Of HIV Elongation Complex In Absence Of HIV Tat R-HSA-167152,5/45,0.0033481773455892,0.0170199015067453,POLR2C;POLR2E;POLR2H;POLR2J;POLR2K,Reactome_2022,5.4552572706935125,31.0913613752
DAP12 Signaling R-HSA-2424491,4/28,0.0034285488932463,0.0173082606196985,TYROBP;TREM2;KLRD1;B2M,Reactome_2022,7.263392857142857,41.22424447958355
Mitochondrial Protein Import R-HSA-1268020,6/65,0.003455462059389,0.0173246453936493,COX19;CHCHD2;IDH3G;TIMM10;TOMM20;TOMM5,Reactome_2022,4.443794178004104,25.186532617203493
Signaling By Hedgehog R-HSA-5358351,9/135,0.0036205160322756,0.0180286920790868,PSMD10;PSMA6;PSMB7;PSMA3;PSMB4;PSMB5;PSMA1;PSMA2;PSMA7,Reactome_2022,3.131570461141567,17.60299195145796
S Phase R-HSA-69242,10/161,0.0036913028829508,0.0182569845291893,PSMD10;PSMA6;PSMB7;PSMA3;PSMB4;PSMB5;PSMA1;PSMA2;CDC26;PSMA7,Reactome_2022,2.9062659195109526,16.280250091744357
COPII-mediated Vesicle Transport R-HSA-204005,6/66,0.0037300952912378,0.0183250319005778,SEC16B;MCFD2;TRAPPC2L;TRAPPC6B;SAR1B;SEC22B,Reactome_2022,4.3695067264574,24.431316897062096
Oxidative phosphorylation,10/133,0.0008952352559636573,0.0194266050544113,NDUFB9;COX7B;PPA2;NDUFB6;COX4I1;NDUFS4;NDUFB3;ATP6V1E1;NDUFV2;ATP6V1F,KEGG_2021_Human,3.573005187065445,25.076865422784497
RNA Polymerase III Activity (GO:0001056),4/15,0.00028828220092283274,0.0194302203421989,POLR1D;POLR2E;POLR2H;POLR2K,GO_Molecular_Function_2023,15.857954545454543,129.2672375278812
Viral Messenger RNA Synthesis R-HSA-168325,5/47,0.0040519185352985,0.0197733624522569,POLR2C;POLR2E;POLR2H;POLR2J;POLR2K,Reactome_2022,5.19495046340684,28.61672124805378
Cytosolic DNA Sensing Pathway WP4655,8/74,0.0002613947458410717,0.0199966980568419,IL6;POLR3GL;IL18;POLR1D;POLR2E;POLR2H;ATG12;POLR2K,WikiPathway_2023_Human,5.318591318591318,43.875606632001166
Mitochondrial Complex I Assembly Model OXPHOS System WP4324,7/56,0.0002562466286121042,0.0199966980568419,NDUFB9;TIMMDC1;NDUFB6;NDUFS4;NDUFB3;NDUFV2;TMEM70,WikiPathway_2023_Human,6.2597110754414125,51.76386812917392
Metabolism Of Proteins R-HSA-392499,60/1890,0.0044591787202707,0.0213341099558049,N6AMT1;MRPS17;RPL5;MCFD2;PIGP;SRP14;TOMM20;NANP;GNGT2;SUMO1;SENP8;UBXN7;B2M;CHCHD1;TRAPPC2L;VBP1;MRPS22;ATP6AP2;COMMD2;COMMD1;COMMD6;MRPS6;BET1L;MRPS18C;PIGC;PSMA6;PSMA3;TUBB2A;PSMA1;PPA2;PSMA2;TRAPPC6B;SEC22B;SQSTM1;PSMD10;SAR1B;RPS27L;MRPL14;DNAJC24;FOXO4;RNF7;MAT2B;METTL21A;PSMA7;CST3;PSMB7;PSMB4;GNG10;PSMB5;RPS3;ST3GAL6;SEC11A;SEC11C;SEC16B;UBE2B;UBE2A;POMC;EIF3M;IL6;SPCS1,Reactome_2022,1.4819337571094011,8.02139721899497
RNA Polymerase I Transcription Termination R-HSA-73863,4/30,0.0044289526370989,0.0213341099558049,POLR2E;POLR1D;POLR2H;POLR2K,Reactome_2022,6.703983516483516,36.332856425665526
Inhibition Of DNA Recombination At Telomere R-HSA-9670095,5/48,0.0044407432616699,0.0213341099558049,POLR2C;POLR2E;POLR2H;POLR2J;POLR2K,Reactome_2022,5.073877529785131,27.484857243473567
Biosynthesis Of E-series 18(S)-resolvins R-HSA-9018896,2/5,0.004870957045204,0.0231528607603205,GPX4;HPGD,Reactome_2022,28.95555555555556,154.17283755560544
Pathways of neurodegeneration,22/475,0.001274212686171,0.0251367411726474,GABARAPL2;NDUFB9;GABARAPL1;COX7B;NDUFB6;COX4I1;NDUFB3;HSD17B10;PSMA7;PSMA6;PSMB7;PSMA3;PSMB4;IL6;TUBB2A;PSMB5;PSMA1;PSMA2;NDUFS4;NDUFV2;SQSTM1;CALM2,KEGG_2021_Human,2.156630217156938,14.37486083019023
Separation Of Sister Chromatids R-HSA-2467813,10/170,0.0054061508468045,0.0255309833539414,PSMD10;PSMA6;PSMB7;PSMA3;PSMB4;PSMB5;PSMA1;PSMA2;CDC26;PSMA7,Reactome_2022,2.7415158371040724,14.311310122548493
Formation Of TC-NER Pre-Incision Complex R-HSA-6781823,5/52,0.0062634326504976,0.0293899532061814,POLR2C;POLR2E;POLR2H;POLR2J;POLR2K,Reactome_2022,4.641106192584131,23.544456548819312
G2/M Checkpoints R-HSA-69481,9/148,0.0065795063267192,0.0306764244022833,PSMD10;PSMA6;PSMB7;PSMA3;PSMB4;PSMB5;PSMA1;PSMA2;PSMA7,Reactome_2022,2.8367897104438344,14.251451559907382
Mitotic Anaphase R-HSA-68882,12/232,0.0067364416644266,0.0311347241821262,PSMD10;PSMA6;PSMB7;PSMA3;PSMB4;TUBB2A;PSMB5;PSMA1;SUMO1;PSMA2;CDC26;PSMA7,Reactome_2022,2.39603305785124,11.980700650334263
Infectious Disease R-HSA-5663205,34/961,0.0067628704166093,0.0311347241821262,PSMD10;RPL5;GTF2A2;SAR1B;RPS27L;BRK1;PSMA7;PSMB7;PSMB4;GNG10;MAP1LC3B;PSMB5;GNGT2;SUMO1;POLR2C;RPS3;POLR2E;POLR2H;POLR2J;B2M;POLR2K;CD163;TAF13;CNBP;VTA1;IL18;POMC;PSMA6;PSMA3;IL6;PSMA1;PSMA2;CD9;RAMP1,Reactome_2022,1.6339016119292051,8.16347546812604
Immunoregulatory Interactions Between A Lymphoid And A non-Lymphoid Cell R-HSA-198933,8/123,0.0068755994723526,0.0312985493749014,TREML1;TYROBP;KLRD1;TREM2;CLEC1B;B2M;HCST;LILRA5,Reactome_2022,3.044731688209949,15.162083136971663
Transcriptional Regulation By RUNX1 R-HSA-8878171,11/204,0.0068839705592337,0.0312985493749014,PSMD10;PSMA6;PSMB7;PSMA3;PSMB4;ELOF1;PSMB5;PSMA1;PSMA2;PSMA7;PF4,Reactome_2022,2.501439263097294,12.453564650562956
Mitotic Metaphase And Anaphase R-HSA-2555396,12/233,0.0069618901702745,0.0314574296582776,PSMD10;PSMA6;PSMB7;PSMA3;PSMB4;TUBB2A;PSMB5;PSMA1;SUMO1;PSMA2;CDC26;PSMA7,Reactome_2022,2.3850678733031674,11.84735782012954
Transcriptional Regulation By TP53 R-HSA-3700989,16/354,0.0070148699611856,0.0315023608072878,BNIP3L;COX19;COX7B;TAF13;COX4I1;TRIAP1;PRDX2;SCO2;POLR2C;POLR2E;COX14;POLR2H;LAMTOR3;POLR2J;POLR2K;LAMTOR5,Reactome_2022,2.085663101894577,10.344311471229004
Legionellosis,6/57,0.0017655023674566,0.0319261678115075,CLK1;IL6;SAR1B;CR1L;IL18;SEC22B,KEGG_2021_Human,5.14297019256133,32.602933809549555
Biosynthesis Of EPA-derived SPMs R-HSA-9018679,2/6,0.0071974566940984,0.0321252335370736,GPX4;HPGD,Reactome_2022,21.71555555555556,107.14514942447684
Pre-NOTCH Processing In Golgi R-HSA-1912420,3/18,0.0072681847954632,0.0322443107289643,NOTCH2;MFNG;ST3GAL6,Reactome_2022,8.700668151447662,42.84425385885461
Apoptosis R-HSA-109581,10/178,0.0074041945501408,0.0326498217512236,PSMD10;PSMA6;PSMB7;PSMA3;PSMB4;PSMB5;PSMA1;DIABLO;PSMA2;PSMA7,Reactome_2022,2.60989010989011,12.803360378700448
Programmed Cell Death R-HSA-5357801,11/208,0.0079156420814214,0.0346961078059909,PSMD10;PSMA6;PSMB7;PSMA3;PSMB4;PSMB5;PSMA1;PSMA2;DIABLO;IL18;PSMA7,Reactome_2022,2.4501421550007483,11.856028319646157
"Synthesis, Secretion, And Deacylation Of Ghrelin R-HSA-422085",3/19,0.0084881015496839,0.0369838710379085,SPCS1;SEC11A;SEC11C,Reactome_2022,8.156458797327394,38.898885382905306
NADH Dehydrogenase (Quinone) Activity (GO:0050136),5/34,0.0009342137471536064,0.0393537540988456,NDUFB9;NDUFB6;NDUFB3;NDUFS4;NDUFV2,GO_Molecular_Function_2023,7.528735632183908,52.518993884449344
NADH Dehydrogenase (Ubiquinone) Activity (GO:0008137),5/33,0.0008117265027011171,0.0393537540988456,NDUFB9;NDUFB6;NDUFB3;NDUFS4;NDUFV2,GO_Molecular_Function_2023,7.7980185362735694,55.49340654857483
Small Ribosomal Subunit rRNA Binding (GO:0070181),3/9,0.000870241726076709,0.0393537540988456,RPS3;MRPS6;MRPS18C,GO_Molecular_Function_2023,21.76169265033408,153.34898003124806
Cytoprotection By HMOX1 R-HSA-9707564,5/57,0.009208985706939,0.039887441050174,COX19;COX7B;SCO2;COX4I1;COX14,Reactome_2022,4.1937704353811736,19.65861581525773
Formation Of RNA Pol II Elongation Complex R-HSA-112382,5/58,0.0098954633862188,0.0426087011688954,POLR2C;POLR2E;POLR2H;POLR2J;POLR2K,Reactome_2022,4.1144316407074415,18.9908951888856
Intracellular Signaling By Second Messengers R-HSA-9006925,14/306,0.0101847905890098,0.043598050942428,PSMD10;INSR;FOXO4;PSMA7;PSMA6;PSMB7;PSMA3;PSMB4;PSMB5;PSMA1;PSMA2;MAF1;LAMTOR3;LAMTOR5,Reactome_2022,2.1078376180646776,9.668355614656836
Mitochondrial Translation Elongation R-HSA-5389840,6/82,0.0106488795254634,0.044798734555398,MRPS17;MRPS22;MRPL14;CHCHD1;MRPS6;MRPS18C,Reactome_2022,3.4467783809299037,15.65630351203278
Mitochondrial Translation Termination R-HSA-5419276,6/82,0.0106488795254634,0.044798734555398,MRPS17;MRPS22;MRPL14;CHCHD1;MRPS6;MRPS18C,Reactome_2022,3.4467783809299037,15.65630351203278
Mitochondrial Translation Initiation R-HSA-5368286,6/82,0.0106488795254634,0.044798734555398,MRPS17;MRPS22;MRPL14;CHCHD1;MRPS6;MRPS18C,Reactome_2022,3.4467783809299037,15.65630351203278
SRP-dependent Cotranslational Protein Targeting To Membrane R-HSA-1799339,7/108,0.0113547611017172,0.0469586730308307,RPL5;SPCS1;RPS3;RPS27L;SRP14;SEC11A;SEC11C,Reactome_2022,3.028790744242964,13.563282782189267
Deubiquitination R-HSA-5688426,13/279,0.0113064750978903,0.0469586730308307,PSMD10;FOXO4;MAT2B;TOMM20;PSMA7;PSMA6;PSMB7;PSMA3;PSMB4;PSMB5;PSMA1;PSMA2;SENP8,Reactome_2022,2.1465908507030678,9.621835253103642
"Synthesis, Secretion, And Inactivation Of Glucagon-like Peptide-1 (GLP-1) R-HSA-381771",3/21,0.0112685093796175,0.0469586730308307,SPCS1;SEC11A;SEC11C,Reactome_2022,7.249443207126949,32.5191407450916
Selective Autophagy R-HSA-9663891,5/61,0.0121638817419616,0.0497227892605423,MAP1LC3B;TOMM20;SQSTM1;ATG12;TOMM5,Reactome_2022,3.893416426973474,17.167179656886468
Signaling By FGFR In Disease R-HSA-1226099,5/61,0.0121638817419616,0.0497227892605423,POLR2C;POLR2E;POLR2H;POLR2J;POLR2K,Reactome_2022,3.893416426973474,17.167179656886468
Late Phase Of HIV Life Cycle R-HSA-162599,8/136,0.0122269153919366,0.0497227892605423,GTF2A2;TAF13;VTA1;POLR2C;POLR2E;POLR2H;POLR2J;POLR2K,Reactome_2022,2.733671171171171,12.039403789037284
Class I MHC Mediated Antigen Processing And Presentation R-HSA-983169,16/378,0.0126006039807221,0.050959348695517,PSMD10;UBE2B;SAR1B;UBE2A;RNF7;PSMA7;PSMA6;PSMB7;PSMA3;PSMB4;PSMB5;PSMA1;PSMA2;CDC26;SEC22B;B2M,Reactome_2022,1.944954128440367,8.507249840490534
Influenza Viral RNA Transcription And Replication R-HSA-168273,8/137,0.0127377254637553,0.0512308518652136,RPL5;POLR2C;POLR2E;RPS3;RPS27L;POLR2H;POLR2J;POLR2K,Reactome_2022,2.712340247223968,11.834448193955254
TP53 Regulates Transcription Of DNA Repair Genes R-HSA-6796648,5/62,0.0129921741881128,0.0519686967524513,POLR2C;POLR2E;POLR2H;POLR2J;POLR2K,Reactome_2022,3.824914635582244,16.613165165307773
Cytosolic Sensors Of Pathogen-Associated DNA R-HSA-1834949,5/63,0.0138577398474974,0.0551297041759136,POLR3GL;POLR1D;POLR2E;POLR2H;POLR2K,Reactome_2022,3.758774974928643,16.083464972546697
Autophagy Of Mitochondrion (GO:0000422),7/49,0.00010871779111957264,0.0565608169986433,GABARAPL2;FIS1;MAP1LC3B;GABARAPL1;LRBA;SQSTM1;ATG12,GO_Biological_Process_2023,7.30561797752809,66.67658617506666
Mitochondrial Respiratory Chain Complex I Assembly (GO:0032981),7/53,0.0001805132457403512,0.0565608169986433,NDUFB9;LYRM2;NDUFB6;NDUFS4;NDUFB3;NDUFAF5;TMEM126A,GO_Biological_Process_2023,6.668978993649243,57.48464090822714
NADH Dehydrogenase Complex Assembly (GO:0010257),7/53,0.0001805132457403512,0.0565608169986433,NDUFB9;LYRM2;NDUFB6;NDUFS4;NDUFB3;NDUFAF5;TMEM126A,GO_Biological_Process_2023,6.668978993649243,57.48464090822714
Mitochondrion Disassembly (GO:0061726),6/37,0.0001653674101527202,0.0565608169986433,FIS1;GABARAPL2;MAP1LC3B;GABARAPL1;SQSTM1;ATG12,GO_Biological_Process_2023,8.469694777954578,73.74851916915986
Nucleotide Salvage R-HSA-8956321,3/23,0.0145143110913275,0.0574295984802797,DGUOK;SCO2;GMPR2,Reactome_2022,6.523830734966593,27.612897387973632
Mitochondrial Translation R-HSA-5368287,6/88,0.0147361006456986,0.0577820675536518,MRPS17;MRPS22;MRPL14;CHCHD1;MRPS6;MRPS18C,Reactome_2022,3.19359072514492,13.468825074543645
Gap-filling DNA Repair Synthesis And Ligation In TC-NER R-HSA-6782210,5/64,0.0147612658914383,0.0577820675536518,POLR2C;POLR2E;POLR2H;POLR2J;POLR2K,Reactome_2022,3.6948773366700793,15.576674323127936
Dual Incision In TC-NER R-HSA-6782135,5/65,0.0157034179798394,0.0611430955385236,POLR2C;POLR2E;POLR2H;POLR2J;POLR2K,Reactome_2022,3.6331096196868007,15.09149006843516
G-protein Activation R-HSA-202040,3/24,0.0163148507769745,0.0628551093091861,POMC;GNG10;GNGT2,Reactome_2022,6.212853961183583,25.570115655638688
"Incretin Synthesis, Secretion, And Inactivation R-HSA-400508",3/24,0.0163148507769745,0.0628551093091861,SPCS1;SEC11A;SEC11C,Reactome_2022,6.212853961183583,25.570115655638688
CD163 Mediating An Anti-Inflammatory Response R-HSA-9662834,2/9,0.0165152387619307,0.0632940040509596,CD163;IL6,Reactome_2022,12.406984126984128,50.91170902865697
Positive Regulation Of Syncytium Formation By Plasma Membrane Fusion (GO:0060143),4/15,0.00028828220092283274,0.0677463172168656,CD53;TYROBP;TREM2;CAMK1,GO_Biological_Process_2023,15.857954545454543,129.2672375278812
Endoplasmic Reticulum To Golgi Vesicle-Mediated Transport (GO:0006888),10/115,0.00028312835210009697,0.0677463172168656,SEC16B;TRAPPC2L;PEF1;SAR1B;TRAPPC6B;PDCD6;YIPF4;SEC22B;CNIH4;YIF1A,GO_Biological_Process_2023,4.18939883645766,34.22575555898749
Disorders Of Transmembrane Transporters R-HSA-5619115,9/176,0.0188909276108196,0.0720216615162498,PSMD10;PSMA6;PSMB7;PSMA3;PSMB4;PSMB5;PSMA1;PSMA2;PSMA7,Reactome_2022,2.357754017923521,9.358098974976514
Protein Targeting To Mitochondrion (GO:0006626),7/59,0.0003556598448106056,0.074293389804882,IMMP1L;FIS1;IMMP2L;TIMM10;DNAJC15;TOMM20;TOMM5,GO_Biological_Process_2023,5.897666378565255,46.836528540234376
RNA Polymerase I Transcription Initiation R-HSA-73762,4/46,0.0198956139554304,0.0754590125148969,POLR2E;POLR1D;POLR2H;POLR2K,Reactome_2022,4.146683673469388,16.243621399625386
Insulin Receptor Recycling R-HSA-77387,3/26,0.0202750536405272,0.0759579102899749,INSR;ATP6V1E1;ATP6V1F,Reactome_2022,5.672024789387043,22.11161743513363
HIV Life Cycle R-HSA-162587,8/149,0.0201463176281282,0.0759579102899749,GTF2A2;TAF13;VTA1;POLR2C;POLR2E;POLR2H;POLR2J;POLR2K,Reactome_2022,2.479969331033161,9.68361995892848
Receptor Mediated Mitophagy R-HSA-8934903,2/10,0.0203384568535998,0.0759579102899749,MAP1LC3B;ATG12,Reactome_2022,10.855555555555556,42.28501331509392
Neutrophil Degranulation R-HSA-6798695,18/468,0.0205706536935097,0.0764351193078635,CD53;GHDC;FCER1G;HEXB;ATP6AP2;GGH;SRP14;CST3;PSMB7;GLIPR1;TYROBP;PSMA2;STBD1;CLEC5A;OSTF1;LAMTOR3;NIT2;B2M,Reactome_2022,1.760184331797235,6.836361966838124
Metabolism Of Nucleotides R-HSA-15869,6/95,0.0207496658636681,0.0767108859202277,DGUOK;GUK1;SCO2;GMPR2;NME3;NUDT13,Reactome_2022,2.9413513377336624,11.398398636000946
Cytochrome-C Oxidase Activity (GO:0004129),3/12,0.0021668685281228,0.0811371882197103,CYB5A;COX7B;COX4I1,GO_Molecular_Function_2023,14.505567928730512,88.98400361397243
G2/M Transition R-HSA-69275,9/182,0.022902013061451,0.0842425807084529,PSMD10;PSMA6;PSMB7;PSMA3;PSMB4;PSMB5;PSMA1;PSMA2;PSMA7,Reactome_2022,2.2752776001774557,8.592655174931059
Antigen Processing: Ubiquitination And Proteasome Degradation R-HSA-983168,13/307,0.0230241037241514,0.0842682196303944,PSMD10;UBE2B;UBE2A;RNF7;PSMA7;PSMA6;PSMB7;PSMA3;PSMB4;PSMB5;PSMA1;PSMA2;CDC26,Reactome_2022,1.9393333643252288,7.313640404637987
Signaling By FGFR2 R-HSA-5654738,5/72,0.0234311533148984,0.0853313643109733,POLR2C;POLR2E;POLR2H;POLR2J;POLR2K,Reactome_2022,3.2523623493271896,12.208356136634924
Mitotic G2-G2/M Phases R-HSA-453274,9/184,0.0243650122946615,0.0878580738901095,PSMD10;PSMA6;PSMB7;PSMA3;PSMB4;PSMB5;PSMA1;PSMA2;PSMA7,Reactome_2022,2.249042244437278,8.354308285076153
MAPK1/MAPK3 Signaling R-HSA-5684996,12/277,0.0242540160138897,0.0878580738901095,PSMD10;PSMA6;PSMB7;DUSP12;PSMA3;PSMB4;IL6;PSMB5;PSMA1;PSMA2;LAMTOR3;PSMA7,Reactome_2022,1.9845283018867923,7.380804210064646
Pexophagy R-HSA-9664873,2/11,0.0244908507389231,0.0878789350043712,MAP1LC3B;SQSTM1,Reactome_2022,9.648888888888887,35.79212560199549
Interconversion Of Nucleotide Di- And Triphosphates R-HSA-499943,3/28,0.0247163494054866,0.0882554525112987,GUK1;NME3;NUDT13,Reactome_2022,5.217728285077951,19.30710954429352
NoRC Negatively Regulates rRNA Expression R-HSA-427413,5/74,0.0260194480594133,0.0924574562111193,SAP130;POLR1D;POLR2E;POLR2H;POLR2K,Reactome_2022,3.157766754206789,11.5224099026144
Influenza Infection R-HSA-168255,8/157,0.0265318545459694,0.0938227899886454,RPL5;POLR2C;POLR2E;RPS3;RPS27L;POLR2H;POLR2J;POLR2K,Reactome_2022,2.345849204909608,8.514046708503145
Transcriptional Regulation By Small RNAs R-HSA-5578749,5/76,0.0287836731860338,0.101296388327773,POLR2C;POLR2E;POLR2H;POLR2J;POLR2K,Reactome_2022,3.068500488388947,10.886876966814114
Platelet Adhesion To Exposed Collagen R-HSA-75892,2/12,0.0289556575470613,0.101414073322722,GP9;FCER1G,Reactome_2022,8.683555555555555,30.757064070458444
Transcription-Coupled Nucleotide Excision Repair (TC-NER) R-HSA-6781827,5/77,0.0302327406274398,0.104883251844957,POLR2C;POLR2E;POLR2H;POLR2J;POLR2K,Reactome_2022,3.0257270693512304,10.586504082619069
Negative Epigenetic Regulation Of rRNA Expression R-HSA-5250941,5/77,0.0302327406274398,0.104883251844957,SAP130;POLR1D;POLR2E;POLR2H;POLR2K,Reactome_2022,3.0257270693512304,10.586504082619069
ER To Golgi Anterograde Transport R-HSA-199977,7/133,0.0315869420376567,0.1090643470356826,SEC16B;MCFD2;TRAPPC2L;SAR1B;TRAPPC6B;SEC22B;BET1L,Reactome_2022,2.424719101123596,8.37743230699485
Diseases Of Signal Transduction By Growth Factor Receptors And Second Messengers R-HSA-5663202,16/424,0.0324497120660896,0.1115173203398011,PSMD10;FOXO4;PSMA7;PSMA6;PSMB7;PSMA3;PSMB4;PSMB5;PSMA1;PSMA2;POLR2C;POLR2E;POLR2H;SQSTM1;POLR2J;POLR2K,Reactome_2022,1.7215326497571506,5.901523600538173
Proton Transmembrane Transporter Activity (GO:0015078),5/45,0.0033481773455892,0.1128335765463579,CYB5A;COX7B;COX4I1;UCP2;ATP6V1F,GO_Molecular_Function_2023,5.4552572706935125,31.0913613752
rRNA Binding (GO:0019843),5/46,0.0036880334266989,0.1129879331634134,RPL5;NGRN;RPS3;MRPS6;MRPS18C,GO_Molecular_Function_2023,5.321929393790582,29.816971100651784
Purine Salvage R-HSA-74217,2/13,0.0337167010521626,0.1153300241597338,DGUOK;GMPR2,Reactome_2022,7.893737373737374,26.757890862755723
Immune System R-HSA-168256,56/1943,0.0346133045226623,0.1178462274911108,GHDC;HEXB;BRK1;TREM2;SRP14;GLIPR1;SUMO1;CDC26;STBD1;CLEC5A;OSTF1;CLEC1B;ATP6V1E1;B2M;CD53;FCER1G;IL15;ATP6AP2;RNASE6;IL18;ATG12;PSMA6;PSMA3;TYROBP;PSMA1;PSMA2;POLR1D;SEC22B;HCST;SQSTM1;PSMD10;SAR1B;RNF7;PSMA7;LILRA5;CST3;PSMB7;PSMB4;PSMB5;CLEC7A;POLR2E;TNFRSF17;POLR2H;POLR2K;ATP6V1F;UBE2B;POLR3GL;GGH;UBE2A;TREML1;POMC;IL6;PDCD4;KLRD1;LAMTOR3;NIT2,Reactome_2022,1.3235374411845,4.451740878189939
Cargo Concentration In ER R-HSA-5694530,3/32,0.0350375602335344,0.1187383985692001,MCFD2;SAR1B;SEC22B,Reactome_2022,4.497120036863528,15.071354174963302
Amino Acids Regulate mTORC1 R-HSA-9639288,4/55,0.0355473145061397,0.1199107567672548,ATP6V1E1;LAMTOR3;ATP6V1F;LAMTOR5,Reactome_2022,3.413340336134454,11.389943510615478
Nucleotide Excision Repair R-HSA-5696398,6/108,0.0359273596419877,0.1201578015506934,SUMO1;POLR2C;POLR2E;POLR2H;POLR2J;POLR2K,Reactome_2022,2.5647586388815617,8.5310442387406
Signaling By WNT R-HSA-195721,12/294,0.0359488504639369,0.1201578015506934,PSMD10;VPS29;PSMA6;PSMB7;GNG10;PSMA3;PSMB4;GNGT2;PSMB5;PSMA1;PSMA2;PSMA7,Reactome_2022,1.863249516441006,6.196530979512924
TCF Dependent Signaling In Response To WNT R-HSA-201681,9/198,0.0365078381367556,0.1214715341641142,PSMD10;PSMA6;PSMB7;PSMA3;PSMB4;PSMB5;PSMA1;PSMA2;PSMA7,Reactome_2022,2.0809416317316995,6.88839187579257
Methylation R-HSA-156581,2/14,0.0387583737767386,0.1283761520568899,N6AMT1;MAT2B,Reactome_2022,7.235555555555556,23.51851091145157
Electron Transport Chain OXPHOS System In Mitochondria WP111,8/105,0.0026389050150253,0.1345841557662922,NDUFB9;COX7B;NDUFB6;COX4I1;NDUFS4;NDUFB3;UCP2;NDUFV2,WikiPathway_2023_Human,3.6130769945202936,21.45225160601995
TYROBP Causal Network In Microglia WP3945,6/61,0.002504827794826,0.1345841557662922,TYROBP;KCNE3;RGS1;RNASE6;IL18;CAPG,WikiPathway_2023_Human,4.767957602935182,28.55785033062561
Pyrophosphatase Activity (GO:0016462),5/49,0.0048554127856188,0.1363561757294619,NUDT22;NUDT7;PPA2;NUDT6;NUDT13,GO_Molecular_Function_2023,4.9583079113280455,26.416184468926502
Fatty Acid Metabolism R-HSA-8978868,8/173,0.0432605622015665,0.1426429348267871,PECR;NUDT7;GPX4;HPGD;ACOT2;ACOT13;ACADM;CBR4,Reactome_2022,2.1166257166257165,6.647292405139148
B-WICH Complex Positively Regulates rRNA Expression R-HSA-5250924,4/59,0.0442619205271298,0.1446416331511565,POLR1D;POLR2E;POLR2H;POLR2K,Reactome_2022,3.164448051948052,9.86557993128541
RNA Polymerase I Promoter Escape R-HSA-73772,4/59,0.0442619205271298,0.1446416331511565,POLR1D;POLR2E;POLR2H;POLR2K,Reactome_2022,3.164448051948052,9.86557993128541
RAF/MAP Kinase Cascade R-HSA-5673001,11/271,0.0448523990603488,0.1459198049430016,PSMD10;PSMA6;PSMB7;DUSP12;PSMA3;PSMB4;PSMB5;PSMA1;PSMA2;LAMTOR3;PSMA7,Reactome_2022,1.850409907552765,5.744372180204708
Signaling By FGFR R-HSA-190236,5/86,0.0453372053081796,0.1468443994937501,POLR2C;POLR2E;POLR2H;POLR2J;POLR2K,Reactome_2022,2.6882923191648023,8.316574439998359
Non-alcoholic fatty liver disease,9/155,0.0087990485235622,0.1468764253548473,NDUFB9;IL6;COX7B;NDUFB6;INSR;COX4I1;NDUFS4;NDUFB3;NDUFV2,KEGG_2021_Human,2.6998051887813475,12.778479488042924
Mitochondrial Fatty Acid Beta-Oxidation R-HSA-77289,3/36,0.0472398201169139,0.1523328120069648,ACOT2;ACOT13;ACADM,Reactome_2022,3.9512046973071473,12.061123837616153
RNA Polymerase II CTD Heptapeptide Repeat Phosphatase Activity (GO:0008420),2/6,0.0071974566940984,0.1530861422544454,CTDSP1;SSU72,GO_Molecular_Function_2023,21.71555555555556,107.14514942447684
5'-(N(7)-methylguanosine 5'-triphospho)-[mRNA] Hydrolase Activity (GO:0140933),2/6,0.0071974566940984,0.1530861422544454,NUDT7;NUDT16L1,GO_Molecular_Function_2023,21.71555555555556,107.14514942447684
5'-3' RNA Polymerase Activity (GO:0034062),3/18,0.0072681847954632,0.1530861422544454,MED21;POLR2E;POLR2J,GO_Molecular_Function_2023,8.700668151447662,42.84425385885461
mRNA 5'-Phosphatase Activity (GO:0140818),2/6,0.0071974566940984,0.1530861422544454,NUDT7;NUDT16L1,GO_Molecular_Function_2023,21.71555555555556,107.14514942447684
PPARA Activates Gene Expression R-HSA-1989781,6/116,0.0480952127817358,0.1544109462992573,MED11;GLIPR1;MED10;MED21;MED31;ACADM,Reactome_2022,2.3772523440684874,7.213944905498761
RNA Polymerase II Transcription R-HSA-73857,39/1312,0.0487309143967824,0.1557686870674444,NOTCH2;PSMD10;COX19;GTF2A2;COX7B;ELOF1;COX4I1;CSTF3;FOXO4;TRIAP1;PSMA7;PRDX2;PSMB7;PSMB4;PSMB5;SUMO1;MED10;POLR2C;CDC26;MED31;POLR2E;COX14;POLR2H;POLR2J;POLR2K;BNIP3L;TAF13;SSU72;THOC7;POMC;PSMA6;PSMA3;IL6;PSMA1;SCO2;PSMA2;LAMTOR3;PF4;LAMTOR5,Reactome_2022,1.3556373859008766,4.095979270560721
Processing Of Capped Intron-Containing Pre-mRNA R-HSA-72203,10/242,0.0490796553163417,0.1562013377894007,LSM8;WTAP;CSTF3;SF3B6;POLR2C;POLR2E;POLR2H;POLR2J;THOC7;POLR2K,Reactome_2022,1.88367920112342,5.677994337517765
Mitochondrial ATP Synthesis Coupled Electron Transport (GO:0042775),7/70,0.0010104728982638,0.1574590431857882,NDUFB9;COX7B;NDUFB6;COX4I1;NDUFS4;NDUFB3;NDUFV2,GO_Biological_Process_2023,4.865168539325842,33.55670620691006
Positive Regulation Of Transcription Initiation By RNA Polymerase II (GO:0060261),6/52,0.0010888125326676,0.1574590431857882,MED11;GTF2A2;TAF13;MED10;MED21;MED31,GO_Biological_Process_2023,5.7034509651004095,38.91275008588293
"Mitochondrial Electron Transport, NADH To Ubiquinone (GO:0006120)",5/34,0.0009342137471536064,0.1574590431857882,NDUFB9;NDUFB6;NDUFB3;NDUFS4;NDUFV2,GO_Biological_Process_2023,7.528735632183908,52.518993884449344
Aerobic Electron Transport Chain (GO:0019646),7/68,0.0008493086021613362,0.1574590431857882,NDUFB9;COX7B;NDUFB6;COX4I1;NDUFS4;NDUFB3;NDUFV2,GO_Biological_Process_2023,5.025198010683367,35.5336170931676
Peptide Hormone Metabolism R-HSA-2980736,5/89,0.0512130353965219,0.1622854628149525,POMC;SPCS1;ATP6AP2;SEC11A;SEC11C,Reactome_2022,2.5918823905401087,7.702455475875804
Regulation Of Lipid Metabolism By PPARalpha R-HSA-400206,6/118,0.0514894873653832,0.1624582101356057,MED11;GLIPR1;MED10;MED21;MED31;ACADM,Reactome_2022,2.3345611787315823,6.925190035391243
Mitochondrial Cytochrome C Oxidase Assembly (GO:0033617),4/22,0.0013629995418561,0.1635334826204122,COX19;TMEM223;SCO2;COX14,GO_Biological_Process_2023,9.6875,63.91877854196913
Regulation Of Cell Activation (GO:0050865),3/11,0.0016527320052062,0.1635334826204122,IL6;FCER1G;TREM2,GO_Biological_Process_2023,16.319599109131403,104.5323459489144
RNA Polymerase II Preinitiation Complex Assembly (GO:0051123),6/56,0.0016098190707751,0.1635334826204122,MED11;GTF2A2;TAF13;MED10;MED21;MED31,GO_Biological_Process_2023,5.24609865470852,33.74098377166943
Cellular Response To Nitrogen Levels (GO:0043562),3/11,0.0016527320052062,0.1635334826204122,GABARAPL2;GABARAPL1;MAP1LC3B,GO_Biological_Process_2023,16.319599109131403,104.5323459489144
Positive Regulation Of DNA-templated Transcription Initiation (GO:2000144),6/56,0.0016098190707751,0.1635334826204122,MED11;GTF2A2;TAF13;MED10;MED21;MED31,GO_Biological_Process_2023,5.24609865470852,33.74098377166943
Cellular Response To Nitrogen Starvation (GO:0006995),3/11,0.0016527320052062,0.1635334826204122,GABARAPL2;GABARAPL1;MAP1LC3B,GO_Biological_Process_2023,16.319599109131403,104.5323459489144
Regulation Of Transcription Initiation By RNA Polymerase II (GO:0060260),6/57,0.0017655023674566,0.1659572225409241,MED11;GTF2A2;TAF13;MED10;MED21;MED31,GO_Biological_Process_2023,5.14297019256133,32.602933809549555
Estrogen-dependent Gene Expression R-HSA-9018519,6/119,0.0532401444138546,0.1672608828795777,GTF2A2;POLR2C;POLR2E;POLR2H;POLR2J;POLR2K,Reactome_2022,2.3137822929481326,6.786190591530638
mRNA Splicing - Major Pathway R-HSA-72163,8/181,0.0537726676027812,0.1682119345522901,LSM8;CSTF3;SF3B6;POLR2C;POLR2E;POLR2H;POLR2J;POLR2K,Reactome_2022,2.0179138676248503,5.898342011599244
Biosynthesis Of DHA-derived SPMs R-HSA-9018677,2/17,0.0554192632521695,0.1718936470363904,GPX4;HPGD,Reactome_2022,5.787555555555556,16.74240295674498
Activation Of HOX Genes During Differentiation R-HSA-5619507,5/91,0.0553663602454476,0.1718936470363904,POLR2C;POLR2E;POLR2H;POLR2J;POLR2K,Reactome_2022,2.5313459237292544,7.325166017498399
Telomere Maintenance R-HSA-157579,5/92,0.0575138905405988,0.1776378391380522,POLR2C;POLR2E;POLR2H;POLR2J;POLR2K,Reactome_2022,2.5021214225102213,7.145380171664571
Gene Expression (Transcription) R-HSA-74160,42/1449,0.0579530502373355,0.1782421545114691,NOTCH2;PSMD10;COX19;GTF2A2;COX7B;ELOF1;COX4I1;CSTF3;FOXO4;TRIAP1;PSMA7;PRDX2;PSMB7;PSMB4;PSMB5;SUMO1;MED10;POLR2C;CDC26;MED31;SAP130;POLR2E;COX14;POLR2H;POLR2J;POLR2K;BNIP3L;POLR3GL;TAF13;SSU72;THOC7;POMC;PSMA6;PSMA3;IL6;PSMA1;SCO2;PSMA2;POLR1D;LAMTOR3;PF4;LAMTOR5,Reactome_2022,1.3207863123407353,3.76176065241281
MAPK Family Signaling Cascades R-HSA-5683057,12/318,0.058560451130739,0.1793566955133933,PSMD10;PSMA6;PSMB7;DUSP12;PSMA3;PSMB4;IL6;PSMB5;PSMA1;PSMA2;LAMTOR3;PSMA7,Reactome_2022,1.7149732620320857,4.866572260927499
Cellular Response To Starvation R-HSA-9711097,7/153,0.059190521067528,0.1805310892559605,RPL5;RPS3;RPS27L;ATP6V1E1;LAMTOR3;ATP6V1F;LAMTOR5,Reactome_2022,2.0904109589041098,5.909578960362562
Transcription Preinitiation Complex Assembly (GO:0070897),6/59,0.0021108314299155,0.1851687651304961,MED11;GTF2A2;TAF13;MED10;MED21;MED31,GO_Biological_Process_2023,4.948388188510026,30.48540332002986
Positive Regulation Of Neuroinflammatory Response (GO:0150078),3/12,0.0021668685281228,0.1851687651304961,IL6;IL18;TREM2,GO_Biological_Process_2023,14.505567928730512,88.98400361397243
G Beta:Gamma Signaling Thru BTK R-HSA-8964315,2/18,0.0614381565611453,0.1858377297634643,GNG10;GNGT2,Reactome_2022,5.425555555555556,15.135803601831176
Synthesis Of Glycosylphosphatidylinositol (GPI) R-HSA-162710,2/18,0.0614381565611453,0.1858377297634643,PIGC;PIGP,Reactome_2022,5.425555555555556,15.135803601831176
"Platelet Activation, Signaling And Aggregation R-HSA-76002",10/254,0.0637476153969173,0.1920298537882449,SRGN;GP9;GNG10;GNGT2;FCER1G;TMSB4X;DGKA;CD9;CLEC1B;PF4,Reactome_2022,1.789926563311327,4.927351908872917
ESR-mediated Signaling R-HSA-8939211,8/188,0.0642081950210307,0.1926245850630921,GNG10;GTF2A2;GNGT2;POLR2C;POLR2E;POLR2H;POLR2J;POLR2K,Reactome_2022,1.9387387387387387,5.323048440842859
mRNA Splicing R-HSA-72172,8/189,0.0657948012259449,0.1965787530505784,LSM8;CSTF3;SF3B6;POLR2C;POLR2E;POLR2H;POLR2J;POLR2K,Reactome_2022,1.927927927927928,5.24630534084903
Dinucleotide Phosphatase Activity (GO:0004551),2/7,0.0099264252580539,0.1967767830567161,NUDT6;NUDT13,GO_Molecular_Function_2023,17.371555555555556,80.12725300166495
Generic Transcription Pathway R-HSA-212436,35/1190,0.0671287196283534,0.1989263884129481,NOTCH2;PSMD10;COX19;COX7B;ELOF1;COX4I1;FOXO4;TRIAP1;PSMA7;PRDX2;PSMB7;PSMB4;PSMB5;SUMO1;MED10;POLR2C;CDC26;MED31;POLR2E;COX14;POLR2H;POLR2J;POLR2K;BNIP3L;TAF13;POMC;PSMA6;PSMA3;IL6;PSMA1;SCO2;PSMA2;LAMTOR3;PF4;LAMTOR5,Reactome_2022,1.3366034445171135,3.6103574579349895
Biosynthesis Of Specialized Proresolving Mediators (SPMs) R-HSA-9018678,2/19,0.0676675829437487,0.1989263884129481,GPX4;HPGD,Reactome_2022,5.106143790849673,13.75160118139556
Prostacyclin Signaling Thru Prostacyclin Receptor R-HSA-392851,2/19,0.0676675829437487,0.1989263884129481,GNG10;GNGT2,Reactome_2022,5.106143790849673,13.75160118139556
Other Semaphorin Interactions R-HSA-416700,2/19,0.0676675829437487,0.1989263884129481,TYROBP;TREM2,Reactome_2022,5.106143790849673,13.75160118139556
Metabolism Of Lipids R-HSA-556833,23/732,0.0707344098424633,0.2071103520187328,B3GALNT1;PECR;GPX4;STARD3NL;HPGD;SAR1B;HEXB;ACOT13;CYP27A1;POMC;MED11;GLIPR1;NUDT7;PTPMT1;AGMO;MED10;MED21;ORMDL2;DHRS7B;MED31;ACOT2;ACADM;CBR4,Reactome_2022,1.424564622025835,3.773419710067073
Adaptive Immune System R-HSA-1280218,23/733,0.0715584522936625,0.2086883947368964,PSMD10;UBE2B;SAR1B;TREM2;UBE2A;RNF7;PSMA7;LILRA5;TREML1;PSMA6;PSMB7;PSMA3;PSMB4;PSMB5;TYROBP;PSMA1;PSMA2;CDC26;KLRD1;CLEC1B;SEC22B;HCST;B2M,Reactome_2022,1.4224826816376113,3.7514291500417416
Respiratory Chain Complex IV Assembly (GO:0008535),4/26,0.0025939874684206,0.2120302800274287,COX19;TMEM223;SCO2;COX14,GO_Biological_Process_2023,7.924512987012987,47.186980318306375
G Beta:Gamma Signaling Thru PLC Beta R-HSA-418217,2/20,0.0740949998934753,0.2135336217402518,GNG10;GNGT2,Reactome_2022,4.822222222222222,12.549385960238991
G Beta:Gamma Signaling Thru CDC42 R-HSA-8964616,2/20,0.0740949998934753,0.2135336217402518,GNG10;GNGT2,Reactome_2022,4.822222222222222,12.549385960238991
TP53 Regulates Transcription Of Genes Involved In Cytochrome C Release R-HSA-6803204,2/20,0.0740949998934753,0.2135336217402518,BNIP3L;TRIAP1,Reactome_2022,4.822222222222222,12.549385960238991
Galanin Receptor Pathway WP4970,3/16,0.0051576008682921,0.2136640824714107,CDKN1C;POMC;IL6,WikiPathway_2023_Human,10.040260407743704,52.884900547862
Mitochondrial Complex IV Assembly WP4922,4/34,0.0069824863552748,0.2136640824714107,COX19;COX7B;COX4I1;COX14,WikiPathway_2023_Human,5.808928571428571,28.83755579830068
Alzheimer 39 S Disease And miRNA Effects WP2059,13/260,0.006475018018896,0.2136640824714107,INSR;HSD17B10;PSMA7;PSMA6;PSMB7;PSMA3;PSMB4;IL6;TUBB2A;PSMB5;PSMA1;PSMA2;CALM2,WikiPathway_2023_Human,2.313991128162091,11.66206148580308
Alzheimer 39 S Disease WP5124,13/260,0.006475018018896,0.2136640824714107,INSR;HSD17B10;PSMA7;PSMA6;PSMB7;PSMA3;PSMB4;IL6;TUBB2A;PSMB5;PSMA1;PSMA2;CALM2,WikiPathway_2023_Human,2.313991128162091,11.66206148580308
Mature B Cell Differentiation Involved In Immune Response (GO:0002313),3/13,0.0027699739236783,0.2169812906881376,NOTCH2;IL6;MFNG,GO_Biological_Process_2023,13.0543429844098,76.87594718957565
Cellular Respiration (GO:0045333),7/85,0.0031179697742634,0.225453199062129,NDUFB9;COX7B;NDUFB6;COX4I1;NDUFS4;NDUFB3;NDUFV2,GO_Biological_Process_2023,3.926534140017286,22.658352686471304
Establishment Of Protein Localization To Mitochondrion (GO:0072655),5/44,0.0030314356880427,0.225453199062129,FIS1;TIMM10;DNAJC15;TOMM20;TOMM5,GO_Biological_Process_2023,5.595422474617106,32.44628232139522
Transport To Golgi And Subsequent Modification R-HSA-948021,7/164,0.0792182261737313,0.2274029080751818,SEC16B;MCFD2;TRAPPC2L;SAR1B;TRAPPC6B;SEC22B;BET1L,Reactome_2022,1.942846919058184,4.926183326095476
Presynaptic Function Of Kainate Receptors R-HSA-500657,2/21,0.0807083221036271,0.2307753585150588,GNG10;GNGT2,Reactome_2022,4.568187134502924,11.497732257937963
Nonalcoholic Fatty Liver Disease WP4396,9/154,0.0084513710092342,0.2351017753477899,NDUFB9;IL6;COX7B;NDUFB6;INSR;COX4I1;NDUFS4;NDUFB3;NDUFV2,WikiPathway_2023_Human,2.718564645442516,12.976868795529972
Vesicle Coating (GO:0006901),4/28,0.0034285488932463,0.2387285896038165,TRAPPC2L;PEF1;TRAPPC6B;PDCD6,GO_Biological_Process_2023,7.263392857142857,41.22424447958355
Clock Controlled Autophagy In Bone Metabolism WP5205,6/80,0.0094866409455523,0.2419093441115842,PER1;MAP1LC3B;IL6;DRAM2;SQSTM1;ATG12,WikiPathway_2023_Human,3.540298145679312,16.49025095346264
Positive Epigenetic Regulation Of rRNA Expression R-HSA-5250913,4/74,0.0865055992975715,0.2463894890498924,POLR1D;POLR2E;POLR2H;POLR2K,Reactome_2022,2.484438775510204,6.080778523576992
Regulation Of Cytokine Production Involved In Inflammatory Response (GO:1900015),5/46,0.0036880334266989,0.2476251015069297,PER1;IL6;CLEC7A;PDCD4;TREM2,GO_Biological_Process_2023,5.321929393790582,29.816971100651784
ADP Signaling Thru P2Y Purinoceptor 12 R-HSA-392170,2/22,0.0874959072084773,0.2482442018473078,GNG10;GNGT2,Reactome_2022,4.339555555555555,10.571865815564632
2Q13 Copy Number Variation Syndrome WP5222,5/60,0.0113721544861741,0.2485628051978068,IL6;POLR1D;POLR2E;POLR2H;POLR2K,WikiPathway_2023_Human,3.964409192597112,17.747024638450426
Oxidative Phosphorylation WP623,5/60,0.0113721544861741,0.2485628051978068,NDUFB9;NDUFB6;ATP6AP2;NDUFS4;NDUFV2,WikiPathway_2023_Human,3.964409192597112,17.747024638450426
Mitochondrion Organization (GO:0007005),10/162,0.0038571317706634,0.2500485423740464,BNIP3L;FIS1;CHCHD2;UCP2;MPV17;TIMM10;TOMM20;HSD17B10;TMEM70;TOMM5,GO_Biological_Process_2023,2.886996904024768,16.045442149717584
Spinocerebellar ataxia,8/143,0.0161364216937929,0.2501145362537913,PSMA6;PSMB7;PSMA3;PSMB4;PSMB5;PSMA1;PSMA2;PSMA7,KEGG_2021_Human,2.590990990990991,10.692181232491524
Cell Cycle Checkpoints R-HSA-69620,10/271,0.0889308658888351,0.2513412889213409,PSMD10;PSMA6;PSMB7;PSMA3;PSMB4;PSMB5;PSMA1;PSMA2;CDC26;PSMA7,Reactome_2022,1.671867686066469,4.04574592415537
Microglia Pathogen Phagocytosis Pathway WP3937,4/40,0.0123787587489678,0.2525266784789442,FCER1G;TYROBP;RAC3;TREM2,WikiPathway_2023_Human,4.839285714285714,21.25304569116865
Signaling By Interleukins R-HSA-449147,15/453,0.0915294272512338,0.2576905413380892,PSMD10;IL15;IL18;PSMA7;POMC;PSMA6;PSMB7;PSMA3;PSMB4;IL6;PSMB5;PSMA1;PSMA2;PDCD4;SQSTM1,Reactome_2022,1.4976019560515343,3.5809081733608243
Positive Regulation Of Cellular Component Organization (GO:0051130),8/113,0.0041462544053149,0.2598319427330683,SUMO1;CLEC7A;INSR;RPS3;BRK1;TREM2;CAMK1;S100A10,GO_Biological_Process_2023,3.3364221364221365,18.30211013423048
RAF-independent MAPK1/3 Activation R-HSA-112409,2/23,0.0944465420828477,0.2648845548070671,DUSP12;IL6,Reactome_2022,4.132698412698413,9.752016457661547
Regulation Of Calcium-Mediated Signaling (GO:0050848),4/30,0.0044289526370989,0.2685945470240645,TMBIM4;CLEC7A;TREM2;CALM2,GO_Biological_Process_2023,6.703983516483516,36.332856425665526
Mitophagy,5/68,0.0187679521939307,0.2715097084055314,BNIP3L;GABARAPL2;FIS1;GABARAPL1;SQSTM1,KEGG_2021_Human,3.459571748162352,13.753889128681871
Actin Monomer Binding (GO:0003785),3/23,0.0145143110913275,0.2717401576542987,MYL2;TMSB4X;TWF1,GO_Molecular_Function_2023,6.523830734966593,27.612897387973632
Gene Silencing By RNA R-HSA-211000,5/108,0.0981988295883687,0.274357035338496,POLR2C;POLR2E;POLR2H;POLR2J;POLR2K,Reactome_2022,2.111704784865663,4.900762070947038
Mitophagy (GO:0000423),3/16,0.0051576008682921,0.27703684663969,MAP1LC3B;LRBA;SQSTM1,GO_Biological_Process_2023,10.040260407743704,52.884900547862
Protein Processing (GO:0016485),8/117,0.0051131650428226,0.27703684663969,SRGN;IMMP1L;IMMP2L;SPCS1;TMEM208;ECE2;SEC11A;SEC11C,GO_Biological_Process_2023,3.213323415158277,16.953290884706025
Cellular Lipid Biosynthetic Process (GO:0097384),2/5,0.004870957045204,0.27703684663969,PEX7;DHRS7B,GO_Biological_Process_2023,28.95555555555556,154.17283755560544
Glycerol Ether Biosynthetic Process (GO:0046504),2/5,0.004870957045204,0.27703684663969,PEX7;DHRS7B,GO_Biological_Process_2023,28.95555555555556,154.17283755560544
Golgi Vesicle Transport (GO:0048193),11/197,0.0053343614837416,0.2785722108176175,GABARAPL2;SEC16B;TRAPPC2L;SAR1B;PEF1;TRAPPC6B;YIPF4;PDCD6;SEC22B;YIF1A;CNIH4,GO_Biological_Process_2023,2.5965181771633383,13.5891014034983
RNA Polymerase I Promoter Clearance R-HSA-73854,4/78,0.1001913124081856,0.2788594702767752,POLR1D;POLR2E;POLR2H;POLR2K,Reactome_2022,2.3496621621621623,5.405806167356905
Thromboxane Signaling Thru TP Receptor R-HSA-428930,2/24,0.1015494294508058,0.2805063485207166,GNG10;GNGT2,Reactome_2022,3.944646464646465,9.022233299539
mTORC1-mediated Signaling R-HSA-166208,2/24,0.1015494294508058,0.2805063485207166,LAMTOR3;LAMTOR5,Reactome_2022,3.944646464646465,9.022233299539
"Formation Of Ternary Complex, And Subsequently, 43S Complex R-HSA-72695",3/50,0.1033950953498601,0.2844673636929357,EIF3M;RPS3;RPS27L,Reactome_2022,2.772259868265176,6.290805860435539
RNA Polymerase I Transcription R-HSA-73864,4/79,0.1037606367568495,0.2844673636929357,POLR1D;POLR2E;POLR2H;POLR2K,Reactome_2022,2.318214285714286,5.252305320242175
Beta Oxidation Of octanoyl-CoA To hexanoyl-CoA R-HSA-77348,1/5,0.1080165242282155,0.2854384800757362,ACADM,Reactome_2022,10.83370288248337,24.11009225329729
G Beta:Gamma Signaling Thru PI3Kgamma R-HSA-392451,2/25,0.108794174782965,0.2854384800757362,GNG10;GNGT2,Reactome_2022,3.7729468599033815,8.369518536366554
IRS Activation R-HSA-74713,1/5,0.1080165242282155,0.2854384800757362,INSR,Reactome_2022,10.83370288248337,24.11009225329729
Formation Of Xylulose-5-Phosphate R-HSA-5661270,1/5,0.1080165242282155,0.2854384800757362,CRYL1,Reactome_2022,10.83370288248337,24.11009225329729
SUMO Is Proteolytically Processed R-HSA-3065679,1/5,0.1080165242282155,0.2854384800757362,SUMO1,Reactome_2022,10.83370288248337,24.11009225329729
Defective F9 Activation R-HSA-9673221,1/5,0.1080165242282155,0.2854384800757362,GP9,Reactome_2022,10.83370288248337,24.11009225329729
Defective LFNG Causes SCDO3 R-HSA-5083630,1/5,0.1080165242282155,0.2854384800757362,NOTCH2,Reactome_2022,10.83370288248337,24.11009225329729
RUNX1 Regulates Transcription Of Genes Involved In Interleukin Signaling R-HSA-8939247,1/5,0.1080165242282155,0.2854384800757362,ELOF1,Reactome_2022,10.83370288248337,24.11009225329729
Fatty Acid Cycling Model R-HSA-167826,1/5,0.1080165242282155,0.2854384800757362,UCP2,Reactome_2022,10.83370288248337,24.11009225329729
ADP Signaling Thru P2Y Purinoceptor 1 R-HSA-418592,2/25,0.108794174782965,0.2854384800757362,GNG10;GNGT2,Reactome_2022,3.7729468599033815,8.369518536366554
Abacavir Metabolism R-HSA-2161541,1/5,0.1080165242282155,0.2854384800757362,GUK1,Reactome_2022,10.83370288248337,24.11009225329729
tRNA Processing In Mitochondrion R-HSA-6785470,1/5,0.1080165242282155,0.2854384800757362,HSD17B10,Reactome_2022,10.83370288248337,24.11009225329729
Active Monoatomic Ion Transmembrane Transporter Activity (GO:0022853),3/24,0.0163148507769745,0.2893739322021275,CYB5A;COX7B;COX4I1,GO_Molecular_Function_2023,6.212853961183583,25.570115655638688
Selenoamino Acid Metabolism R-HSA-2408522,5/114,0.1163979283729793,0.3042974413179318,RPL5;RPS3;RPS27L;HNMT;PSTK,Reactome_2022,1.9948484288734276,4.290401389778898
Regulation Of Neuroinflammatory Response (GO:0150077),3/19,0.0084881015496839,0.3153993862243347,IL6;IL18;TREM2,GO_Biological_Process_2023,8.156458797327394,38.898885382905306
Regulation Of Tissue Remodeling (GO:0034103),3/19,0.0084881015496839,0.3153993862243347,CST3;IL15;IL18,GO_Biological_Process_2023,8.156458797327394,38.898885382905306
COPII Vesicle Coating (GO:0048208),3/19,0.0084881015496839,0.3153993862243347,TRAPPC2L;PEF1;PDCD6,GO_Biological_Process_2023,8.156458797327394,38.898885382905306
Neutrophil Activation (GO:0042119),3/18,0.0072681847954632,0.3153993862243347,FCER1G;TYROBP;IL15,GO_Biological_Process_2023,8.700668151447662,42.84425385885461
Lysosomal Lumen Acidification (GO:0007042),3/18,0.0072681847954632,0.3153993862243347,CCDC115;ATP6AP2;ATP6V1F,GO_Biological_Process_2023,8.700668151447662,42.84425385885461
Stimulatory C-type Lectin Receptor Signaling Pathway (GO:0002223),3/19,0.0084881015496839,0.3153993862243347,TYROBP;CLEC7A;KLRD1,GO_Biological_Process_2023,8.156458797327394,38.898885382905306
Cellular Response To Lectin (GO:1990858),3/19,0.0084881015496839,0.3153993862243347,TYROBP;CLEC7A;KLRD1,GO_Biological_Process_2023,8.156458797327394,38.898885382905306
Regulation Of Osteoclast Development (GO:2001204),2/6,0.0071974566940984,0.3153993862243347,NOTCH2;TYROBP,GO_Biological_Process_2023,21.71555555555556,107.14514942447684
Proton Motive Force-Driven Mitochondrial ATP Synthesis (GO:0042776),5/53,0.0067903784609424,0.3153993862243347,NDUFB9;NDUFB6;NDUFS4;NDUFB3;NDUFV2,GO_Biological_Process_2023,4.544183445190156,22.68569344683001
"Vesicle Targeting, Rough ER To cis-Golgi (GO:0048207)",3/19,0.0084881015496839,0.3153993862243347,TRAPPC2L;PEF1;PDCD6,GO_Biological_Process_2023,8.156458797327394,38.898885382905306
Peptide Metabolic Process (GO:0006518),5/56,0.0085560471794899,0.3153993862243347,IMMP1L;IMMP2L;SPCS1;SEC11A;SEC11C,GO_Biological_Process_2023,4.276220555336228,20.359586268773587
Marginal Zone B Cell Differentiation (GO:0002315),2/6,0.0071974566940984,0.3153993862243347,NOTCH2;MFNG,GO_Biological_Process_2023,21.71555555555556,107.14514942447684
Antigen Processing And Presentation Of Peptide Antigen Via MHC Class I (GO:0002474),3/18,0.0072681847954632,0.3153993862243347,FCER1G;SAR1B;B2M,GO_Biological_Process_2023,8.700668151447662,42.84425385885461
Transcription Initiation At RNA Polymerase II Promoter (GO:0006367),6/76,0.0074382416994938,0.3153993862243347,MED11;GTF2A2;TAF13;MED10;MED21;MED31,GO_Biological_Process_2023,3.743369634849456,18.34670673745157
Vesicle Fusion With Golgi Apparatus (GO:0048280),2/6,0.0071974566940984,0.3153993862243347,YIPF4;SEC22B,GO_Biological_Process_2023,21.71555555555556,107.14514942447684
Methylation Pathways WP704,2/9,0.0165152387619307,0.3158539413219251,MAT2B;HNMT,WikiPathway_2023_Human,12.406984126984128,50.91170902865697
Acrosome Reaction And Sperm:Oocyte Membrane Binding R-HSA-1300645,1/6,0.1281803606254961,0.3159192726527378,CD9,Reactome_2022,8.666518847006651,17.80377647372595
Pre-NOTCH Processing In Endoplasmic Reticulum R-HSA-1912399,1/6,0.1281803606254961,0.3159192726527378,NOTCH2,Reactome_2022,8.666518847006651,17.80377647372595
Alpha-oxidation Of Phytanate R-HSA-389599,1/6,0.1281803606254961,0.3159192726527378,PECR,Reactome_2022,8.666518847006651,17.80377647372595
Mitochondrial Fatty Acid Beta-Oxidation Of Unsaturated Fatty Acids R-HSA-77288,1/6,0.1281803606254961,0.3159192726527378,ACADM,Reactome_2022,8.666518847006651,17.80377647372595
"SUMO Is Transferred From E1 To E2 (UBE2I, UBC9) R-HSA-3065678",1/6,0.1281803606254961,0.3159192726527378,SUMO1,Reactome_2022,8.666518847006651,17.80377647372595
Synthesis Of Lipoxins (LX) R-HSA-2142700,1/6,0.1281803606254961,0.3159192726527378,HPGD,Reactome_2022,8.666518847006651,17.80377647372595
Post-translational Protein Modification R-HSA-597592,38/1383,0.1223648196176438,0.3159192726527378,PSMD10;MCFD2;SAR1B;PIGP;DNAJC24;FOXO4;RNF7;MAT2B;METTL21A;TOMM20;PSMA7;CST3;PSMB7;NANP;PSMB4;PSMB5;SUMO1;SENP8;UBXN7;ST3GAL6;SEC16B;TRAPPC2L;UBE2B;COMMD2;COMMD1;UBE2A;COMMD6;BET1L;PIGC;PSMA6;PSMA3;IL6;TUBB2A;PSMA1;PSMA2;TRAPPC6B;SEC22B;SQSTM1,Reactome_2022,1.2422355117360775,2.609624228475237
Pyruvate Metabolism And Citric Acid (TCA) Cycle R-HSA-71406,3/54,0.1227459568380059,0.3159192726527378,IDH3G;MPC2;HAGH,Reactome_2022,2.5543036813834665,5.358005617685697
Epigenetic Regulation Of Gene Expression R-HSA-212165,5/116,0.1227972334042579,0.3159192726527378,SAP130;POLR1D;POLR2E;POLR2H;POLR2K,Reactome_2022,1.958703670113066,4.1078340639029625
Transcriptional Regulation Of White Adipocyte Differentiation R-HSA-381340,4/84,0.1224508123765974,0.3159192726527378,MED11;MED10;MED21;MED31,Reactome_2022,2.172767857142857,4.562912145855047
Endogenous Sterols R-HSA-211976,2/27,0.1236696002437905,0.3159192726527378,CYP27A1;POMC,Reactome_2022,3.470755555555556,7.25437120759319
Uptake And Function Of Diphtheria Toxin R-HSA-5336415,1/6,0.1281803606254961,0.3159192726527378,CD9,Reactome_2022,8.666518847006651,17.80377647372595
Methionine Salvage Pathway R-HSA-1237112,1/6,0.1281803606254961,0.3159192726527378,ADI1,Reactome_2022,8.666518847006651,17.80377647372595
Mitochondrial Uncoupling R-HSA-166187,1/6,0.1281803606254961,0.3159192726527378,UCP2,Reactome_2022,8.666518847006651,17.80377647372595
RUNX1 Regulates Transcription Of Genes Involved In BCR Signaling R-HSA-8939245,1/6,0.1281803606254961,0.3159192726527378,ELOF1,Reactome_2022,8.666518847006651,17.80377647372595
Beta Oxidation Of decanoyl-CoA To octanoyl-CoA-CoA R-HSA-77346,1/6,0.1281803606254961,0.3159192726527378,ACADM,Reactome_2022,8.666518847006651,17.80377647372595
Synthesis Of 15-Eicosatetraenoic Acid Derivatives R-HSA-2142770,1/6,0.1281803606254961,0.3159192726527378,GPX4,Reactome_2022,8.666518847006651,17.80377647372595
Chromosome Maintenance R-HSA-73886,5/118,0.1293566328828053,0.3177485076181662,POLR2C;POLR2E;POLR2H;POLR2J;POLR2K,Reactome_2022,1.9238383718397971,3.934599788098741
"Adrenaline,noradrenaline Inhibits Insulin Secretion R-HSA-400042",2/28,0.1312813937039186,0.3192623926620213,GNG10;GNGT2,Reactome_2022,3.337094017094017,6.7756764582038445
"Antigen Presentation: Folding, Assembly, Peptide Loading Of Class I MHC R-HSA-983170",2/28,0.1312813937039186,0.3192623926620213,SAR1B;B2M,Reactome_2022,3.337094017094017,6.7756764582038445
Prefoldin Mediated Transfer Of Substrate To CCT/TriC R-HSA-389957,2/28,0.1312813937039186,0.3192623926620213,TUBB2A;VBP1,Reactome_2022,3.337094017094017,6.7756764582038445
Cytoplasmic Sequestering Of NF-kappaB (GO:0007253),2/7,0.0099264252580539,0.3217530945714031,PSMD10;TMSB4X,GO_Biological_Process_2023,17.371555555555556,80.12725300166495
Selective Autophagy (GO:0061912),5/58,0.0098954633862188,0.3217530945714031,MAP1LC3B;STBD1;LRBA;UFC1;SQSTM1,GO_Biological_Process_2023,4.1144316407074415,18.9908951888856
Dendritic Spine Maintenance (GO:0097062),2/7,0.0099264252580539,0.3217530945714031,INSR;TREM2,GO_Biological_Process_2023,17.371555555555556,80.12725300166495
Lipoxygenase Pathway (GO:0019372),2/7,0.0099264252580539,0.3217530945714031,GPX4;HPGD,GO_Biological_Process_2023,17.371555555555556,80.12725300166495
Macroautophagy (GO:0016236),7/104,0.009334476641425,0.3217530945714031,GABARAPL2;GABARAPL1;MAP1LC3B;VTA1;CHMP1B;SQSTM1;ATG12,GO_Biological_Process_2023,3.154338005328391,14.743503801085014
Late Endosome To Vacuole Transport (GO:0045324),3/20,0.0098209003514055,0.3217530945714031,TMEM50A;VTA1;CHMP1B,GO_Biological_Process_2023,7.676274073103629,35.4892763471196
Nucleobase-Containing Small Molecule Interconversion (GO:0015949),2/7,0.0099264252580539,0.3217530945714031,GUK1;NUDT13,GO_Biological_Process_2023,17.371555555555556,80.12725300166495
Ribosomal Scanning And Start Codon Recognition R-HSA-72702,3/57,0.1380525259970032,0.3292750349548626,EIF3M;RPS3;RPS27L,Reactome_2022,2.4120267260579062,4.776104876731054
"FOXO-mediated Transcription Of Oxidative Stress, Metabolic And Neuronal Genes R-HSA-9615017",2/29,0.1389972483620936,0.3292750349548626,POMC;FOXO4,Reactome_2022,3.2133333333333334,6.340874336304736
Peroxisomal Lipid Metabolism R-HSA-390918,2/29,0.1389972483620936,0.3292750349548626,PECR;NUDT7,Reactome_2022,3.2133333333333334,6.340874336304736
Energy Dependent Regulation Of mTOR By LKB1-AMPK R-HSA-380972,2/29,0.1389972483620936,0.3292750349548626,LAMTOR3;LAMTOR5,Reactome_2022,3.2133333333333334,6.340874336304736
Signaling By Nuclear Receptors R-HSA-9006931,9/260,0.1364242640219069,0.3292750349548626,GNG10;GTF2A2;GNGT2;POLR2C;POLR2E;RDH14;POLR2H;POLR2J;POLR2K,Reactome_2022,1.5619058753698525,3.111294107052096
Activation Of G Protein Gated Potassium Channels R-HSA-1296041,2/29,0.1389972483620936,0.3292750349548626,GNG10;GNGT2,Reactome_2022,3.2133333333333334,6.340874336304736
Translation Initiation Complex Formation R-HSA-72649,3/57,0.1380525259970032,0.3292750349548626,EIF3M;RPS3;RPS27L,Reactome_2022,2.4120267260579062,4.776104876731054
Activation Of Kainate Receptors Upon Glutamate Binding R-HSA-451326,2/29,0.1389972483620936,0.3292750349548626,GNG10;GNGT2,Reactome_2022,3.2133333333333334,6.340874336304736
SMAC (DIABLO) Binds To IAPs R-HSA-111463,1/7,0.1478893681798829,0.335154852964936,DIABLO,Reactome_2022,7.221729490022173,13.802825113011512
Modulation By Mtb Of Host Immune System R-HSA-9637628,1/7,0.1478893681798829,0.335154852964936,B2M,Reactome_2022,7.221729490022173,13.802825113011512
Wax And Plasmalogen Biosynthesis R-HSA-8848584,1/7,0.1478893681798829,0.335154852964936,DHRS7B,Reactome_2022,7.221729490022173,13.802825113011512
Synthesis Of Active Ubiquitin: Roles Of E1 And E2 Enzymes R-HSA-8866652,2/30,0.1468086015917311,0.335154852964936,UBE2B;UBE2A,Reactome_2022,3.0984126984126985,5.944693831350787
Terminal Pathway Of Complement R-HSA-166665,1/7,0.1478893681798829,0.335154852964936,PSMA7,Reactome_2022,7.221729490022173,13.802825113011512
Synthesis Of 12-Eicosatetraenoic Acid Derivatives R-HSA-2142712,1/7,0.1478893681798829,0.335154852964936,GPX4,Reactome_2022,7.221729490022173,13.802825113011512
Vitamin C (Ascorbate) Metabolism R-HSA-196836,1/7,0.1478893681798829,0.335154852964936,CYB5A,Reactome_2022,7.221729490022173,13.802825113011512
"mRNA Activation Upon Binding Of Cap-Binding Complex And eIFs, Subsequent Binding To 43S R-HSA-72662",3/58,0.1432928011714159,0.335154852964936,EIF3M;RPS3;RPS27L,Reactome_2022,2.3680502125936425,4.600802306040145
Eukaryotic Translation Termination R-HSA-72764,4/90,0.146607192105306,0.335154852964936,N6AMT1;RPL5;RPS3;RPS27L,Reactome_2022,2.020556478405316,3.8794652689955353
Selenocysteine Synthesis R-HSA-2408557,4/90,0.146607192105306,0.335154852964936,RPL5;RPS3;RPS27L;PSTK,Reactome_2022,2.020556478405316,3.8794652689955353
Chaperonin-mediated Protein Folding R-HSA-390466,4/90,0.146607192105306,0.335154852964936,GNG10;GNGT2;TUBB2A;VBP1,Reactome_2022,2.020556478405316,3.8794652689955353
Release Of Apoptotic Factors From Mitochondria R-HSA-111457,1/7,0.1478893681798829,0.335154852964936,DIABLO,Reactome_2022,7.221729490022173,13.802825113011512
Reversal Of Alkylation Damage By DNA Dioxygenases R-HSA-73943,1/7,0.1478893681798829,0.335154852964936,ALKBH3,Reactome_2022,7.221729490022173,13.802825113011512
Activation Of RAC1 Downstream Of NMDARs R-HSA-9619229,1/7,0.1478893681798829,0.335154852964936,CAMK1,Reactome_2022,7.221729490022173,13.802825113011512
Ubiquitin Protein Ligase Binding (GO:0031625),12/271,0.0208856841624484,0.3351655029878637,RPL5;GABARAPL2;PER1;GABARAPL1;MAP1LC3B;PSMA3;TUBB2A;UBE2B;SUMO1;UBXN7;UBE2A;SQSTM1,GO_Molecular_Function_2023,2.031133731133731,7.857829441516573
NAD Binding (GO:0051287),3/26,0.0202750536405272,0.3351655029878637,HPGD;CRYL1;NUDT6,GO_Molecular_Function_2023,5.672024789387043,22.11161743513363
Aerobic Respiration (GO:0009060),5/59,0.0106162642359246,0.3382809620938705,NDUFB9;NDUFB6;NDUFS4;NDUFB3;NDUFV2,GO_Biological_Process_2023,4.038031319910514,18.35433871567428
Sequestering Of Actin Monomers (GO:0042989),2/8,0.0130385643113937,0.3404514014641706,TMSB4X;TWF1,GO_Biological_Process_2023,14.475555555555555,62.821650425448894
Formation Of Translation Preinitiation Complex (GO:0001731),2/8,0.0130385643113937,0.3404514014641706,MCTS1;MCTS2,GO_Biological_Process_2023,14.475555555555555,62.821650425448894
Postreplication Repair (GO:0006301),3/22,0.0128325414591942,0.3404514014641706,UBE2B;UBE2A;FAAP20,GO_Biological_Process_2023,6.867541905989919,29.91344010022985
Cellular Response To Low-Density Lipoprotein Particle Stimulus (GO:0071404),3/22,0.0128325414591942,0.3404514014641706,FCER1G;CD9;TREM2,GO_Biological_Process_2023,6.867541905989919,29.91344010022985
Transcription By RNA Polymerase II (GO:0006366),10/192,0.0122199985546496,0.3404514014641706,GTF2A2;ELOF1;TAF13;POLR2C;SSU72;POLR2E;POLR2H;POLR2J;POLR2K;S100A10,GO_Biological_Process_2023,2.407388991099398,10.60378161642055
Proton Motive Force-Driven ATP Synthesis (GO:0015986),5/60,0.0113721544861741,0.3404514014641706,NDUFB9;NDUFB6;NDUFS4;NDUFB3;NDUFV2,GO_Biological_Process_2023,3.964409192597112,17.747024638450426
Organelle Fission (GO:0048285),3/22,0.0128325414591942,0.3404514014641706,FIS1;SEC16B;UCP2,GO_Biological_Process_2023,6.867541905989919,29.91344010022985
Proteasomal Protein Catabolic Process (GO:0010498),11/220,0.0117423708138938,0.3404514014641706,PSMA6;PSMB7;PSMA3;PSMB4;PSMB5;PSMA1;UBE2B;PSMA2;UBXN7;UBE2A;PSMA7,GO_Biological_Process_2023,2.308031984723714,10.258167116015512
Peroxisome Fission (GO:0016559),2/8,0.0130385643113937,0.3404514014641706,FIS1;SEC16B,GO_Biological_Process_2023,14.475555555555555,62.821650425448894
Negative Regulation Of Smooth Muscle Cell Differentiation (GO:0051151),2/8,0.0130385643113937,0.3404514014641706,PDCD4;FOXO4,GO_Biological_Process_2023,14.475555555555555,62.821650425448894
Positive Regulation Of Respiratory Burst (GO:0060267),2/8,0.0130385643113937,0.3404514014641706,CLEC7A;INSR,GO_Biological_Process_2023,14.475555555555555,62.821650425448894
"Regulation Of Complement Activation, Classical Pathway (GO:0030450)",2/8,0.0130385643113937,0.3404514014641706,CR1L;TREM2,GO_Biological_Process_2023,14.475555555555555,62.821650425448894
Positive Regulation Of ATP Biosynthetic Process (GO:2001171),2/8,0.0130385643113937,0.3404514014641706,TMSB4X;TREM2,GO_Biological_Process_2023,14.475555555555555,62.821650425448894
M Phase R-HSA-68886,12/380,0.1544670590281269,0.347379408855225,PSMD10;PSMA6;PSMB7;PSMA3;PSMB4;TUBB2A;PSMB5;PSMA1;SUMO1;PSMA2;CDC26;PSMA7,Reactome_2022,1.4214426877470356,2.654934285345668
Transferrin Endocytosis And Recycling R-HSA-917977,2/31,0.1547072230694035,0.347379408855225,ATP6V1E1;ATP6V1F,Reactome_2022,2.991417624521073,5.582645887123993
Pyruvate Metabolism R-HSA-70268,2/31,0.1547072230694035,0.347379408855225,MPC2;HAGH,Reactome_2022,2.991417624521073,5.582645887123993
Endosome Transport Via Multivesicular Body Sorting Pathway (GO:0032509),3/24,0.0163148507769745,0.3488612232857276,TMEM50A;VTA1;CHMP1B,GO_Biological_Process_2023,6.212853961183583,25.570115655638688
Oxidative Phosphorylation (GO:0006119),5/63,0.0138577398474974,0.3488612232857276,NDUFB9;NDUFB6;NDUFS4;NDUFB3;NDUFV2,GO_Biological_Process_2023,3.758774974928643,16.083464972546697
Positive Regulation Of Transcription Elongation By RNA Polymerase II (GO:0032968),4/43,0.0158579892920813,0.3488612232857276,MED11;MED10;MED21;MED31,GO_Biological_Process_2023,4.466346153846154,18.508904029156497
Autophagosome Assembly (GO:0000045),5/65,0.0157034179798394,0.3488612232857276,GABARAPL2;MAP1LC3B;GABARAPL1;LRBA;ATG12,GO_Biological_Process_2023,3.6331096196868007,15.09149006843516
Positive Regulation Of Protein Targeting To Membrane (GO:0090314),3/23,0.0145143110913275,0.3488612232857276,FIS1;CIB1;ITGB1BP1,GO_Biological_Process_2023,6.523830734966593,27.612897387973632
Positive Regulation Of T Cell Proliferation (GO:0042102),5/65,0.0157034179798394,0.3488612232857276,IL6;PNP;IL15;IL18;RPS3,GO_Biological_Process_2023,3.6331096196868007,15.09149006843516
Positive Regulation Of Tissue Remodeling (GO:0034105),2/9,0.0165152387619307,0.3488612232857276,IL15;IL18,GO_Biological_Process_2023,12.406984126984128,50.91170902865697
Regulation Of RNA Polymerase II Regulatory Region Sequence-Specific DNA Binding (GO:1903025),2/9,0.0165152387619307,0.3488612232857276,TMSB4X;LAMTOR5,GO_Biological_Process_2023,12.406984126984128,50.91170902865697
Golgi Lumen Acidification (GO:0061795),2/9,0.0165152387619307,0.3488612232857276,ATP6AP2;ATP6V1F,GO_Biological_Process_2023,12.406984126984128,50.91170902865697
Negative Regulation Of Delayed Rectifier Potassium Channel Activity (GO:1902260),2/9,0.0165152387619307,0.3488612232857276,KCNE3;SUMO1,GO_Biological_Process_2023,12.406984126984128,50.91170902865697
Histone Ubiquitination (GO:0016574),2/9,0.0165152387619307,0.3488612232857276,UBE2B;UBE2A,GO_Biological_Process_2023,12.406984126984128,50.91170902865697
Positive Regulation Of ATP Metabolic Process (GO:1903580),2/9,0.0165152387619307,0.3488612232857276,TMSB4X;TREM2,GO_Biological_Process_2023,12.406984126984128,50.91170902865697
Peroxisome Organization (GO:0007031),3/24,0.0163148507769745,0.3488612232857276,FIS1;SEC16B;PEX7,GO_Biological_Process_2023,6.212853961183583,25.570115655638688
Positive Regulation Of Interleukin-17 Production (GO:0032740),3/24,0.0163148507769745,0.3488612232857276,IL6;IL15;IL18,GO_Biological_Process_2023,6.212853961183583,25.570115655638688
ESCRT III Complex Disassembly (GO:1904903),2/9,0.0165152387619307,0.3488612232857276,CHMP1B;VTA1,GO_Biological_Process_2023,12.406984126984128,50.91170902865697
ESCRT Complex Disassembly (GO:1904896),2/9,0.0165152387619307,0.3488612232857276,CHMP1B;VTA1,GO_Biological_Process_2023,12.406984126984128,50.91170902865697
Ether Lipid Biosynthetic Process (GO:0008611),2/9,0.0165152387619307,0.3488612232857276,PEX7;DHRS7B,GO_Biological_Process_2023,12.406984126984128,50.91170902865697
Regulation Of PTEN Gene Transcription R-HSA-8943724,3/61,0.1593935480637637,0.3568075754821868,MAF1;LAMTOR3;LAMTOR5,Reactome_2022,2.2452192611934567,4.12307347882436
"SMAC, XIAP-regulated Apoptotic Response R-HSA-111469",1/8,0.1671537834175771,0.3598722631225483,DIABLO,Reactome_2022,6.189737092176117,11.07245568473065
Synthesis Of PG R-HSA-1483148,1/8,0.1671537834175771,0.3598722631225483,PTPMT1,Reactome_2022,6.189737092176117,11.07245568473065
Histidine Catabolism R-HSA-70921,1/8,0.1671537834175771,0.3598722631225483,HNMT,Reactome_2022,6.189737092176117,11.07245568473065
Synthesis Of diphthamide-EEF2 R-HSA-5358493,1/8,0.1671537834175771,0.3598722631225483,DNAJC24,Reactome_2022,6.189737092176117,11.07245568473065
rRNA Processing R-HSA-72312,7/199,0.1654215116562687,0.3598722631225483,RCL1;RPL5;NIP7;FCF1;RPS3;RPS27L;HSD17B10,Reactome_2022,1.585814606741573,2.853290325712253
G-protein Beta:Gamma Signaling R-HSA-397795,2/32,0.1626852042544191,0.3598722631225483,GNG10;GNGT2,Reactome_2022,2.891555555555556,5.250886213048489
DNA Damage Reversal R-HSA-73942,1/8,0.1671537834175771,0.3598722631225483,ALKBH3,Reactome_2022,6.189737092176117,11.07245568473065
Coenzyme A Biosynthesis R-HSA-196783,1/8,0.1671537834175771,0.3598722631225483,PPCDC,Reactome_2022,6.189737092176117,11.07245568473065
"Metabolism Of Ingested SeMet, Sec, MeSec Into H2Se R-HSA-2408508",1/8,0.1671537834175771,0.3598722631225483,HNMT,Reactome_2022,6.189737092176117,11.07245568473065
Interleukin-18 Signaling R-HSA-9012546,1/8,0.1671537834175771,0.3598722631225483,IL18,Reactome_2022,6.189737092176117,11.07245568473065
Thrombin Signaling Thru Proteinase Activated Receptors (PARs) R-HSA-456926,2/32,0.1626852042544191,0.3598722631225483,GNG10;GNGT2,Reactome_2022,2.891555555555556,5.250886213048489
GPVI-mediated Activation Cascade R-HSA-114604,2/32,0.1626852042544191,0.3598722631225483,FCER1G;CLEC1B,Reactome_2022,2.891555555555556,5.250886213048489
Defective Factor IX Causes Hemophilia B R-HSA-9668250,1/8,0.1671537834175771,0.3598722631225483,GP9,Reactome_2022,6.189737092176117,11.07245568473065
Sialic Acid Metabolism R-HSA-4085001,2/33,0.1707349479941369,0.3621599412934568,NANP;ST3GAL6,Reactome_2022,2.7981362007168458,4.946105691179396
Cooperation Of Prefoldin And TriC/CCT In Actin And Tubulin Folding R-HSA-389958,2/33,0.1707349479941369,0.3621599412934568,TUBB2A;VBP1,Reactome_2022,2.7981362007168458,4.946105691179396
Keratan Sulfate/Keratin Metabolism R-HSA-1638074,2/33,0.1707349479941369,0.3621599412934568,HEXB;ST3GAL6,Reactome_2022,2.7981362007168458,4.946105691179396
Signal Amplification R-HSA-392518,2/33,0.1707349479941369,0.3621599412934568,GNG10;GNGT2,Reactome_2022,2.7981362007168458,4.946105691179396
Anti-inflammatory Response Favoring Leishmania Infection R-HSA-9662851,6/165,0.1711848902835192,0.3621599412934568,POMC;GNG10;CD163;IL6;GNGT2;RAMP1,Reactome_2022,1.6404941196378713,2.895490292683157
Glucagon-type Ligand Receptors R-HSA-420092,2/33,0.1707349479941369,0.3621599412934568,GNG10;GNGT2,Reactome_2022,2.7981362007168458,4.946105691179396
Protein Folding R-HSA-391251,4/96,0.1724358555467783,0.3637551765424834,GNG10;GNGT2;TUBB2A;VBP1,Reactome_2022,1.8881987577639752,3.318943533692708
Semaphorin Interactions R-HSA-373755,3/64,0.1760129701781348,0.3691733357317898,MYL6;TYROBP;TREM2,Reactome_2022,2.1344700427178798,3.707996219398851
ADORA2B Mediated Anti-Inflammatory Cytokine Production R-HSA-9660821,5/131,0.1755901634520738,0.3691733357317898,POMC;GNG10;IL6;GNGT2;RAMP1,Reactome_2022,1.7241930329178652,2.99941071079058
Activation Of Protein Kinase B Activity (GO:0032148),3/25,0.0182349266776529,0.3726267625433436,INSR;IL18;ITGB1BP1,GO_Biological_Process_2023,5.930147803199028,23.74678156645053
Positive Regulation Of Interleukin-2 Production (GO:0032743),3/25,0.0182349266776529,0.3726267625433436,PNP;CLEC7A;RPS3,GO_Biological_Process_2023,5.930147803199028,23.74678156645053
Regulation Of Lysosomal Lumen pH (GO:0035751),3/25,0.0182349266776529,0.3726267625433436,CCDC115;ATP6AP2;ATP6V1F,GO_Biological_Process_2023,5.930147803199028,23.74678156645053
GABA Receptor Binding (GO:0050811),2/11,0.0244908507389231,0.3751553045007772,GABARAPL2;GABARAPL1,GO_Molecular_Function_2023,9.648888888888887,35.79212560199549
Formation Of A Pool Of Free 40S Subunits R-HSA-72689,4/98,0.1813758397613941,0.3792200693801056,RPL5;EIF3M;RPS3;RPS27L,Reactome_2022,1.8478343465045592,3.1545931160959717
Chylomicron Assembly R-HSA-8963888,1/9,0.1859836132615545,0.3792200693801056,SAR1B,Reactome_2022,5.415742793791575,9.109803135070925
MAPK1 (ERK2) Activation R-HSA-112411,1/9,0.1859836132615545,0.3792200693801056,IL6,Reactome_2022,5.415742793791575,9.109803135070925
tRNA Modification In Mitochondrion R-HSA-6787450,1/9,0.1859836132615545,0.3792200693801056,HSD17B10,Reactome_2022,5.415742793791575,9.109803135070925
Interleukin-1 Processing R-HSA-448706,1/9,0.1859836132615545,0.3792200693801056,IL18,Reactome_2022,5.415742793791575,9.109803135070925
GP1b-IX-V Activation Signaling R-HSA-430116,1/9,0.1859836132615545,0.3792200693801056,GP9,Reactome_2022,5.415742793791575,9.109803135070925
Synthesis Of 5-Eicosatetraenoic Acids R-HSA-2142688,1/9,0.1859836132615545,0.3792200693801056,GPX4,Reactome_2022,5.415742793791575,9.109803135070925
Serine Biosynthesis R-HSA-977347,1/9,0.1859836132615545,0.3792200693801056,SRR,Reactome_2022,5.415742793791575,9.109803135070925
Processing And Activation Of SUMO R-HSA-3215018,1/9,0.1859836132615545,0.3792200693801056,SUMO1,Reactome_2022,5.415742793791575,9.109803135070925
Phase 3 - Rapid Repolarisation R-HSA-5576890,1/9,0.1859836132615545,0.3792200693801056,KCNE3,Reactome_2022,5.415742793791575,9.109803135070925
Inwardly Rectifying K+ Channels R-HSA-1296065,2/35,0.1870208321945931,0.3792222968599505,GNG10;GNGT2,Reactome_2022,2.628282828282828,4.406408851222339
Metabolism Of Steroid Hormones R-HSA-196071,2/35,0.1870208321945931,0.3792222968599505,POMC;STARD3NL,Reactome_2022,2.628282828282828,4.406408851222339
Asparagine N-linked Glycosylation R-HSA-446203,9/282,0.1900698170714266,0.3843400720891832,NANP;SEC16B;MCFD2;TRAPPC2L;SAR1B;TRAPPC6B;ST3GAL6;SEC22B;BET1L,Reactome_2022,1.4344008136333193,2.3816272086654844
Regulation Of Low-Density Lipoprotein Particle Clearance (GO:0010988),2/10,0.0203384568535998,0.3916437405408475,CNPY2;TREM2,GO_Biological_Process_2023,10.855555555555556,42.28501331509392
TORC1 Signaling (GO:0038202),2/10,0.0203384568535998,0.3916437405408475,LAMTOR3;LAMTOR5,GO_Biological_Process_2023,10.855555555555556,42.28501331509392
Vesicle Organization (GO:0016050),6/94,0.0198032280974549,0.3916437405408475,SRGN;TRAPPC2L;TRAPPC6B;SAR1B;SQSTM1;S100A10,GO_Biological_Process_2023,2.974928658785161,11.667403406206036
Ubiquitin-Dependent Protein Catabolic Process (GO:0006511),15/367,0.0204154715813846,0.3916437405408475,PPP1R11;UBE2B;UBE2A;RNF7;PSMA7;PSMA6;PSMB7;PSMA3;PSMB4;PSMB5;PSMA1;PSMA2;CHMP1B;UBXN7;SQSTM1,GO_Biological_Process_2023,1.8718795506552943,7.28434861677222
Regulation Of Respiratory Burst (GO:0060263),2/10,0.0203384568535998,0.3916437405408475,CLEC7A;INSR,GO_Biological_Process_2023,10.855555555555556,42.28501331509392
Mitochondrial Protein Processing (GO:0034982),2/10,0.0203384568535998,0.3916437405408475,IMMP1L;IMMP2L,GO_Biological_Process_2023,10.855555555555556,42.28501331509392
Aberrant Regulation Of Mitotic Cell Cycle Due To RB1 Defects R-HSA-9687139,2/36,0.1952432471696387,0.3926320245279548,CDKN1C;CDC26,Reactome_2022,2.5508496732026145,4.166836093757585
ROS And RNS Production In Phagocytes R-HSA-1222556,2/36,0.1952432471696387,0.3926320245279548,ATP6V1E1;ATP6V1F,Reactome_2022,2.5508496732026145,4.166836093757585
Regulation Of FOXO Transcriptional Activity By Acetylation R-HSA-9617629,1/10,0.204388639977025,0.3947558956812199,FOXO4,Reactome_2022,4.813747228381375,7.642940512529682
Abacavir ADME R-HSA-2161522,1/10,0.204388639977025,0.3947558956812199,GUK1,Reactome_2022,4.813747228381375,7.642940512529682
Calcitonin-like Ligand Receptors R-HSA-419812,1/10,0.204388639977025,0.3947558956812199,RAMP1,Reactome_2022,4.813747228381375,7.642940512529682
rRNA Processing In Mitochondrion R-HSA-8868766,1/10,0.204388639977025,0.3947558956812199,HSD17B10,Reactome_2022,4.813747228381375,7.642940512529682
Signal Attenuation R-HSA-74749,1/10,0.204388639977025,0.3947558956812199,INSR,Reactome_2022,4.813747228381375,7.642940512529682
Glucocorticoid Biosynthesis R-HSA-194002,1/10,0.204388639977025,0.3947558956812199,POMC,Reactome_2022,4.813747228381375,7.642940512529682
Formation Of Fibrin Clot (Clotting Cascade) R-HSA-140877,2/37,0.2035099551935874,0.3947558956812199,GP9;PF4,Reactome_2022,2.47784126984127,3.944823295926852
Axon Guidance R-HSA-422475,15/519,0.1991863347350986,0.3947558956812199,PSMD10;RPL5;RPS27L;TREM2;PSMA7;PSMA6;PSMB7;MYL6;PSMA3;PSMB4;PSMB5;TYROBP;PSMA1;PSMA2;RPS3,Reactome_2022,1.2969924812030076,2.0927162226868674
AKT Phosphorylates Targets In Nucleus R-HSA-198693,1/10,0.204388639977025,0.3947558956812199,FOXO4,Reactome_2022,4.813747228381375,7.642940512529682
Leishmania Infection R-HSA-9658195,8/247,0.1975753377910706,0.3947558956812199,POMC;GNG10;CD163;IL6;GNGT2;IL18;BRK1;RAMP1,Reactome_2022,1.455689999623054,2.360598304104355
Cooperation Of PDCL (PhLP1) And TRiC/CCT In G-protein Beta Folding R-HSA-6814122,2/37,0.2035099551935874,0.3947558956812199,GNG10;GNGT2,Reactome_2022,2.47784126984127,3.944823295926852
"Tetrahydrobiopterin (BH4) Synthesis, Recycling, Salvage And Regulation R-HSA-1474151",1/10,0.204388639977025,0.3947558956812199,PTS,Reactome_2022,4.813747228381375,7.642940512529682
Nef Mediated Downregulation Of MHC Class I Complex Cell Surface Expression R-HSA-164940,1/10,0.204388639977025,0.3947558956812199,B2M,Reactome_2022,4.813747228381375,7.642940512529682
MAPK3 (ERK1) Activation R-HSA-110056,1/10,0.204388639977025,0.3947558956812199,IL6,Reactome_2022,4.813747228381375,7.642940512529682
Negative Regulation Of Activity Of TFAP2 (AP-2) Family Transcription Factors R-HSA-8866904,1/10,0.204388639977025,0.3947558956812199,SUMO1,Reactome_2022,4.813747228381375,7.642940512529682
Fatty Acid Metabolic Process (GO:0006631),7/122,0.0209237907835217,0.3973406734648572,GPX4;HPGD;ACOT2;ACADM;ALKBH7;HSD17B10;CBR4,GO_Biological_Process_2023,2.6581533952125063,10.278729505586156
7 Oxo C And 7 Beta HC Pathways WP5064,3/27,0.0224355096093204,0.4038391729677676,CYP27A1;ACOT2;ACOT13,WikiPathway_2023_Human,5.435412026726058,20.638859126702734
Diseases Of Mitotic Cell Cycle R-HSA-9675126,2/38,0.211814772294039,0.4080221403137805,CDKN1C;CDC26,Reactome_2022,2.408888888888889,3.738699383041741
Polyamine Metabolic Process (GO:0006595),2/11,0.0244908507389231,0.4112100609054419,SAT1;OAZ2,GO_Biological_Process_2023,9.648888888888887,35.79212560199549
Endosomal Lumen Acidification (GO:0048388),2/11,0.0244908507389231,0.4112100609054419,ATP6AP2;ATP6V1F,GO_Biological_Process_2023,9.648888888888887,35.79212560199549
Regulation Of Protein Exit From Endoplasmic Reticulum (GO:0070861),2/11,0.0244908507389231,0.4112100609054419,SEC16B;SAR1B,GO_Biological_Process_2023,9.648888888888887,35.79212560199549
Positive Regulation Of Intracellular Protein Transport (GO:0090316),7/126,0.0244569877146465,0.4112100609054419,FIS1;SEC16B;SAR1B;CIB1;ITGB1BP1;CAMK1;OAZ2,GO_Biological_Process_2023,2.56827495042961,9.530455639274615
Mitochondrial Translation (GO:0032543),6/98,0.0237716586424881,0.4112100609054419,MRPS17;MRPS22;MRPL14;CHCHD1;MRPS6;MRPS18C,GO_Biological_Process_2023,2.8449990251511017,10.63819452917648
Neutrophil Activation Involved In Immune Response (GO:0002283),2/11,0.0244908507389231,0.4112100609054419,FCER1G;TYROBP,GO_Biological_Process_2023,9.648888888888887,35.79212560199549
Negative Regulation Of Voltage-Gated Potassium Channel Activity (GO:1903817),2/11,0.0244908507389231,0.4112100609054419,KCNE3;SUMO1,GO_Biological_Process_2023,9.648888888888887,35.79212560199549
Negative Regulation Of Amyloid Fibril Formation (GO:1905907),2/11,0.0244908507389231,0.4112100609054419,VBP1;TREM2,GO_Biological_Process_2023,9.648888888888887,35.79212560199549
Macrophage Activation Involved In Immune Response (GO:0002281),2/11,0.0244908507389231,0.4112100609054419,TYROBP;TREM2,GO_Biological_Process_2023,9.648888888888887,35.79212560199549
Positive Regulation Of Protein Exit From Endoplasmic Reticulum (GO:0070863),2/11,0.0244908507389231,0.4112100609054419,SEC16B;SAR1B,GO_Biological_Process_2023,9.648888888888887,35.79212560199549
Regulation Of Protein Targeting To Membrane (GO:0090313),3/28,0.0247163494054866,0.4112100609054419,FIS1;CIB1;ITGB1BP1,GO_Biological_Process_2023,5.217728285077951,19.30710954429352
Apoptotic Cell Clearance (GO:0043277),3/28,0.0247163494054866,0.4112100609054419,TYROBP;RAC3;TREM2,GO_Biological_Process_2023,5.217728285077951,19.30710954429352
Proton Transmembrane Transport (GO:1902600),4/49,0.0245131396128271,0.4112100609054419,ATP6AP2;UCP2;ATP6V1E1;ATP6V1F,GO_Biological_Process_2023,3.869642857142857,14.350748517875047
Protein Insertion Into Mitochondrial Membrane (GO:0051204),3/28,0.0247163494054866,0.4112100609054419,TIMM10;TOMM20;TOMM5,GO_Biological_Process_2023,5.217728285077951,19.30710954429352
Major Pathway Of rRNA Processing In Nucleolus And Cytosol R-HSA-6791226,6/179,0.2195620120059601,0.4163197135144619,RCL1;RPL5;NIP7;FCF1;RPS3;RPS27L,Reactome_2022,1.5066486948858189,2.2842610803900074
SUMOylation Of Immune Response Proteins R-HSA-4755510,1/11,0.2223784262078615,0.4163197135144619,SUMO1,Reactome_2022,4.332150776053215,6.512845984951964
SARS-CoV-2 Modulates Autophagy R-HSA-9754560,1/11,0.2223784262078615,0.4163197135144619,MAP1LC3B,Reactome_2022,4.332150776053215,6.512845984951964
Interleukin-6 Signaling R-HSA-1059683,1/11,0.2223784262078615,0.4163197135144619,IL6,Reactome_2022,4.332150776053215,6.512845984951964
Mitochondrial Fatty Acid Beta-Oxidation Of Saturated Fatty Acids R-HSA-77286,1/11,0.2223784262078615,0.4163197135144619,ACADM,Reactome_2022,4.332150776053215,6.512845984951964
Activation Of Phototransduction Cascade R-HSA-2485179,1/11,0.2223784262078615,0.4163197135144619,RNF7,Reactome_2022,4.332150776053215,6.512845984951964
Androgen Biosynthesis R-HSA-193048,1/11,0.2223784262078615,0.4163197135144619,POMC,Reactome_2022,4.332150776053215,6.512845984951964
Pyrimidine Salvage R-HSA-73614,1/11,0.2223784262078615,0.4163197135144619,SCO2,Reactome_2022,4.332150776053215,6.512845984951964
Transcriptional Regulation By VENTX R-HSA-8853884,2/39,0.2201517701478481,0.4163197135144619,IL6;CDC26,Reactome_2022,2.343663663663664,3.5469898966307705
Endosomal/Vacuolar Pathway R-HSA-1236977,1/11,0.2223784262078615,0.4163197135144619,B2M,Reactome_2022,4.332150776053215,6.512845984951964
Formation Of Apoptosome R-HSA-111458,1/11,0.2223784262078615,0.4163197135144619,DIABLO,Reactome_2022,4.332150776053215,6.512845984951964
Phase II - Conjugation Of Compounds R-HSA-156580,4/107,0.2233301514332956,0.4170348746152357,N6AMT1;SULT1A1;MGST3;MAT2B,Reactome_2022,1.6855929264909848,2.52687927155158
Cell Cycle R-HSA-1640170,18/654,0.2276108422419379,0.4238593886642366,CDKN1C;PSMD10;PSMA7;PSMA6;PSMB7;PSMA3;PSMB4;TUBB2A;PSMB5;PSMA1;SUMO1;PSMA2;POLR2C;CDC26;POLR2E;POLR2H;POLR2J;POLR2K,Reactome_2022,1.233284062255456,1.825405866397532
L13a-mediated Translational Silencing Of Ceruloplasmin Expression R-HSA-156827,4/108,0.228142894991406,0.4238593886642366,RPL5;EIF3M;RPS3;RPS27L,Reactome_2022,1.6692994505494505,2.4668625401045734
GTP Hydrolysis And Joining Of 60S Ribosomal Subunit R-HSA-72706,4/109,0.2329816579178284,0.4317533508755706,RPL5;EIF3M;RPS3;RPS27L,Reactome_2022,1.6533163265306123,2.4085438670632366
MTOR Signaling R-HSA-165159,2/41,0.2368998238365741,0.4326414239768739,LAMTOR3;LAMTOR5,Reactome_2022,2.223247863247863,3.2017390694273558
Maturation Of Nucleoprotein R-HSA-9683610,1/12,0.2399623198560257,0.4326414239768739,SUMO1,Reactome_2022,3.938117315057448,5.620769966069832
Keratan Sulfate Degradation R-HSA-2022857,1/12,0.2399623198560257,0.4326414239768739,HEXB,Reactome_2022,3.938117315057448,5.620769966069832
Hyaluronan Uptake And Degradation R-HSA-2160916,1/12,0.2399623198560257,0.4326414239768739,HEXB,Reactome_2022,3.938117315057448,5.620769966069832
Translation Of Replicase And Assembly Of Replication Transcription Complex R-HSA-9679504,1/12,0.2399623198560257,0.4326414239768739,MAP1LC3B,Reactome_2022,3.938117315057448,5.620769966069832
NOTCH2 Intracellular Domain Regulates Transcription R-HSA-2197563,1/12,0.2399623198560257,0.4326414239768739,NOTCH2,Reactome_2022,3.938117315057448,5.620769966069832
Pregnenolone Biosynthesis R-HSA-196108,1/12,0.2399623198560257,0.4326414239768739,STARD3NL,Reactome_2022,3.938117315057448,5.620769966069832
Peptide Hormone Biosynthesis R-HSA-209952,1/12,0.2399623198560257,0.4326414239768739,POMC,Reactome_2022,3.938117315057448,5.620769966069832
Regulation Of Localization Of FOXO Transcription Factors R-HSA-9614399,1/12,0.2399623198560257,0.4326414239768739,FOXO4,Reactome_2022,3.938117315057448,5.620769966069832
Scavenging Of Heme From Plasma R-HSA-2168880,1/12,0.2399623198560257,0.4326414239768739,CD163,Reactome_2022,3.938117315057448,5.620769966069832
Pyrimidine Catabolism R-HSA-73621,1/12,0.2399623198560257,0.4326414239768739,SCO2,Reactome_2022,3.938117315057448,5.620769966069832
Cytokine Signaling In Immune System R-HSA-1280215,19/702,0.2413587616018436,0.4340899594411536,PSMD10;IL15;IL18;RNF7;PSMA7;POMC;PSMA6;PSMB7;PSMA3;PSMB4;IL6;PSMB5;PSMA1;SUMO1;PSMA2;PDCD4;TNFRSF17;SQSTM1;B2M,Reactome_2022,1.2119977412515766,1.722819417109716
Activation Of GABAB Receptors R-HSA-991365,2/42,0.2453002278261921,0.437950650655543,GNG10;GNGT2,Reactome_2022,2.1675555555555555,3.0460059954185126
Glucagon-like Peptide-1 (GLP1) Regulates Insulin Secretion R-HSA-381676,2/42,0.2453002278261921,0.437950650655543,GNG10;GNGT2,Reactome_2022,2.1675555555555555,3.0460059954185126
Vasopressin Regulates Renal Water Homeostasis Via Aquaporins R-HSA-432040,2/42,0.2453002278261921,0.437950650655543,GNG10;GNGT2,Reactome_2022,2.1675555555555555,3.0460059954185126
Vacuolar Acidification (GO:0007035),3/29,0.0271174179873346,0.443310833184253,CCDC115;ATP6AP2;ATP6V1F,GO_Biological_Process_2023,5.0167894466335445,18.098464392552312
Protein K11-linked Ubiquitination (GO:0070979),3/29,0.0271174179873346,0.443310833184253,UBE2B;CDC26;UBE2A,GO_Biological_Process_2023,5.0167894466335445,18.098464392552312
Protein Targeting (GO:0006605),7/129,0.0273615373268366,0.4434456049521796,FIS1;SPCS1;ZFAND6;TIMM10;SRP14;TOMM20;TOMM5,GO_Biological_Process_2023,2.504733836802357,9.01357776298715
Regulation Of Substrate Adhesion-Dependent Cell Spreading (GO:1900024),4/51,0.0279218527321909,0.4457609810570682,RAC3;CIB1;ITGB1BP1;S100A10,GO_Biological_Process_2023,3.70459726443769,13.25632948651914
Biogenic Amine Metabolic Process (GO:0006576),2/12,0.0289556575470613,0.4457609810570682,HNMT;OAZ2,GO_Biological_Process_2023,8.683555555555555,30.757064070458444
Positive Regulation Of Calcium-Mediated Signaling (GO:0050850),2/12,0.0289556575470613,0.4457609810570682,CLEC7A;TREM2,GO_Biological_Process_2023,8.683555555555555,30.757064070458444
Nucleotide Metabolic Process (GO:0009117),2/12,0.0289556575470613,0.4457609810570682,PNP;GUK1,GO_Biological_Process_2023,8.683555555555555,30.757064070458444
Positive Regulation Of Purine Nucleotide Biosynthetic Process (GO:1900373),2/12,0.0289556575470613,0.4457609810570682,TMSB4X;TREM2,GO_Biological_Process_2023,8.683555555555555,30.757064070458444
Mitochondrial Gene Expression (GO:0140053),6/103,0.0294386065756488,0.4457609810570682,MRPS17;MRPS22;MRPL14;CHCHD1;MRPS6;MRPS18C,GO_Biological_Process_2023,2.69765614164856,9.510447305044934
Cytoplasmic Translational Initiation (GO:0002183),3/30,0.0296383631021986,0.4457609810570682,MCTS1;MCTS2;EIF3M,GO_Biological_Process_2023,4.830734966592428,16.997838076669364
Cellular Component Maintenance (GO:0043954),2/12,0.0289556575470613,0.4457609810570682,INSR;TREM2,GO_Biological_Process_2023,8.683555555555555,30.757064070458444
Innate Immune Response Activating Cell Surface Receptor Signaling Pathway (GO:0002220),3/30,0.0296383631021986,0.4457609810570682,TYROBP;CLEC7A;KLRD1,GO_Biological_Process_2023,4.830734966592428,16.997838076669364
Signal Regulatory Protein Family Interactions R-HSA-391160,1/13,0.2571494589092296,0.4481747712418002,TYROBP,Reactome_2022,3.609756097560976,4.902401854149645
Cytochrome C-Mediated Apoptotic Response R-HSA-111461,1/13,0.2571494589092296,0.4481747712418002,DIABLO,Reactome_2022,3.609756097560976,4.902401854149645
Dissolution Of Fibrin Clot R-HSA-75205,1/13,0.2571494589092296,0.4481747712418002,S100A10,Reactome_2022,3.609756097560976,4.902401854149645
Mitochondrial Iron-Sulfur Cluster Biogenesis R-HSA-1362409,1/13,0.2571494589092296,0.4481747712418002,LYRM4,Reactome_2022,3.609756097560976,4.902401854149645
NF-kB Is Activated And Signals Survival R-HSA-209560,1/13,0.2571494589092296,0.4481747712418002,SQSTM1,Reactome_2022,3.609756097560976,4.902401854149645
Signaling By Insulin Receptor R-HSA-74752,3/77,0.2524702305577955,0.4481747712418002,INSR;ATP6V1E1;ATP6V1F,Reactome_2022,1.7583217961837116,2.4202630236831064
p75NTR Recruits Signaling Complexes R-HSA-209543,1/13,0.2571494589092296,0.4481747712418002,SQSTM1,Reactome_2022,3.609756097560976,4.902401854149645
GPER1 Signaling R-HSA-9634597,2/43,0.253711493316693,0.4481747712418002,GNG10;GNGT2,Reactome_2022,2.114579945799458,2.9002680064623823
rRNA Processing In Nucleus And Cytosol R-HSA-8868773,6/189,0.2566028222094793,0.4481747712418002,RCL1;RPL5;NIP7;FCF1;RPS3;RPS27L,Reactome_2022,1.4235830331544512,1.9363944105444808
Nervous System Development R-HSA-9675108,15/545,0.2532708824708745,0.4481747712418002,PSMD10;RPL5;RPS27L;TREM2;PSMA7;PSMA6;PSMB7;MYL6;PSMA3;PSMB4;PSMB5;TYROBP;PSMA1;PSMA2;RPS3,Reactome_2022,1.2316825698372265,1.691464353917551
Pre-NOTCH Expression And Processing R-HSA-1912422,3/78,0.2585613874708931,0.4495651677641182,NOTCH2;MFNG;ST3GAL6,Reactome_2022,1.7347884187082403,2.3465132190530413
Proteasome-Mediated Ubiquitin-Dependent Protein Catabolic Process (GO:0043161),13/319,0.0301594452132347,0.4499980714355661,UBE2B;UBE2A;PSMA7;PSMA6;PSMB7;PSMA3;PSMB4;PSMB5;PSMA1;PSMA2;CDC26;UBXN7;DNAJB9,GO_Biological_Process_2023,1.8621197909687792,6.5197601965299175
Negative Regulation Of Protein Modification By Small Protein Conjugation Or Removal (GO:1903321),4/54,0.033539205190077,0.4527671284147551,RPL5;SUMO1;RPS3;SQSTM1,GO_Biological_Process_2023,3.4817857142857145,11.820802538263433
Peptidyl-Methionine Modification (GO:0018206),2/13,0.0337167010521626,0.4527671284147551,LSM8;NAA20,GO_Biological_Process_2023,7.893737373737374,26.757890862755723
Outer Mitochondrial Membrane Organization (GO:0007008),2/13,0.0337167010521626,0.4527671284147551,TOMM20;TOMM5,GO_Biological_Process_2023,7.893737373737374,26.757890862755723
Positive Regulation Of Superoxide Anion Generation (GO:0032930),2/13,0.0337167010521626,0.4527671284147551,TYROBP;CLEC7A,GO_Biological_Process_2023,7.893737373737374,26.757890862755723
Positive Regulation Of Type 2 Immune Response (GO:0002830),2/13,0.0337167010521626,0.4527671284147551,IL6;IL18,GO_Biological_Process_2023,7.893737373737374,26.757890862755723
Protein Insertion Into Mitochondrial Outer Membrane (GO:0045040),2/13,0.0337167010521626,0.4527671284147551,TOMM20;TOMM5,GO_Biological_Process_2023,7.893737373737374,26.757890862755723
Positive Regulation Of Protein Localization To Membrane (GO:1905477),5/79,0.0332665198558329,0.4527671284147551,FIS1;CIB1;TREM2;ITGB1BP1;SQSTM1,GO_Biological_Process_2023,2.94364834633291,10.017835230726735
Protein Homotetramerization (GO:0051289),4/53,0.0315990813381536,0.4527671284147551,ACOT13;B2M;HSD17B10;CBR4,GO_Biological_Process_2023,3.553024781341108,12.274376159868885
Glutamine Metabolic Process (GO:0006541),2/13,0.0337167010521626,0.4527671284147551,UCP2;NIT2,GO_Biological_Process_2023,7.893737373737374,26.757890862755723
Mitochondrial Fission (GO:0000266),2/13,0.0337167010521626,0.4527671284147551,FIS1;UCP2,GO_Biological_Process_2023,7.893737373737374,26.757890862755723
Mitochondrial Transport (GO:0006839),4/53,0.0315990813381536,0.4527671284147551,FIS1;TIMM10;TOMM20;TOMM5,GO_Biological_Process_2023,3.553024781341108,12.274376159868885
Cytoplasmic Sequestering Of Transcription Factor (GO:0042994),2/13,0.0337167010521626,0.4527671284147551,PSMD10;TMSB4X,GO_Biological_Process_2023,7.893737373737374,26.757890862755723
Ether Lipid Metabolic Process (GO:0046485),2/13,0.0337167010521626,0.4527671284147551,PEX7;DHRS7B,GO_Biological_Process_2023,7.893737373737374,26.757890862755723
Positive Regulation Of Endocytosis (GO:0045807),5/79,0.0332665198558329,0.4527671284147551,FCER1G;IL15;CLEC7A;TREM2;B2M,GO_Biological_Process_2023,2.94364834633291,10.017835230726735
Ubiquitination-Like Modification-Dependent Protein Binding (GO:0140035),2/13,0.0337167010521626,0.4545011301831521,FAAP20;SQSTM1,GO_Molecular_Function_2023,7.893737373737374,26.757890862755723
Ubiquitin-Like Protein Ligase Binding (GO:0044389),12/289,0.0321616013814513,0.4545011301831521,RPL5;GABARAPL2;PER1;GABARAPL1;MAP1LC3B;PSMA3;TUBB2A;UBE2B;SUMO1;UBXN7;UBE2A;SQSTM1,GO_Molecular_Function_2023,1.897374466688546,6.521241968410851
Amyloid-Beta Binding (GO:0001540),5/79,0.0332665198558329,0.4545011301831521,CST3;VBP1;TM2D1;INSR;TREM2,GO_Molecular_Function_2023,2.94364834633291,10.017835230726735
TP53 Regulates Transcription Of Cell Death Genes R-HSA-5633008,2/44,0.2621288501616047,0.4546879581002243,BNIP3L;TRIAP1,Reactome_2022,2.0641269841269843,2.7636990471805407
Cap-dependent Translation Initiation R-HSA-72737,4/116,0.2674864520687894,0.4628843567715221,RPL5;EIF3M;RPS3;RPS27L,Reactome_2022,1.5494260204081634,2.0432069595618207
Interleukin-10 Signaling R-HSA-6783783,2/45,0.2705477373297945,0.4637961211367906,IL6;IL18,Reactome_2022,2.0160206718346254,2.6355573682230937
Glycosphingolipid Metabolism R-HSA-1660662,2/45,0.2705477373297945,0.4637961211367906,B3GALNT1;HEXB,Reactome_2022,2.0160206718346254,2.6355573682230937
TBC/RABGAPs R-HSA-8854214,2/45,0.2705477373297945,0.4637961211367906,GABARAPL2;MAP1LC3B,Reactome_2022,2.0160206718346254,2.6355573682230937
DNA Repair R-HSA-73894,9/310,0.2691423324952657,0.4637961211367906,ALKBH3;UBE2B;SUMO1;POLR2C;POLR2E;POLR2H;FAAP20;POLR2J;POLR2K,Reactome_2022,1.2990783168220303,1.7050596759751395
Vesicle Budding From Membrane (GO:0006900),3/32,0.0350375602335344,0.4638775580214422,TRAPPC2L;TRAPPC6B;S100A10,GO_Biological_Process_2023,4.497120036863528,15.071354174963302
Protein Transmembrane Import Into Intracellular Organelle (GO:0044743),3/32,0.0350375602335344,0.4638775580214422,PEX7;DNAJC15;TOMM20,GO_Biological_Process_2023,4.497120036863528,15.071354174963302
Triglyceride Biosynthesis R-HSA-75109,1/14,0.2739487760453591,0.464190981632414,AGMO,Reactome_2022,3.331911990448576,4.314206754505804
Regulation Of IFNG Signaling R-HSA-877312,1/14,0.2739487760453591,0.464190981632414,SUMO1,Reactome_2022,3.331911990448576,4.314206754505804
Synthesis Of Bile Acids And Bile Salts Via 24-Hydroxycholesterol R-HSA-193775,1/14,0.2739487760453591,0.464190981632414,CYP27A1,Reactome_2022,3.331911990448576,4.314206754505804
Interleukin-15 Signaling R-HSA-8983432,1/14,0.2739487760453591,0.464190981632414,IL15,Reactome_2022,3.331911990448576,4.314206754505804
CS/DS Degradation R-HSA-2024101,1/14,0.2739487760453591,0.464190981632414,HEXB,Reactome_2022,3.331911990448576,4.314206754505804
XBP1(S) Activates Chaperone Genes R-HSA-381038,2/46,0.2789637960207963,0.4715969946587133,DNAJB9;YIF1A,Reactome_2022,1.97010101010101,2.5151752967216146
SARS-CoV-2-host Interactions R-HSA-9705683,6/196,0.2834710682825338,0.4781124930479603,MAP1LC3B;SAR1B;CNBP;RPS3;RPS27L;B2M,Reactome_2022,1.3706396034930377,1.72789025480323
Synthesis Of Bile Acids And Bile Salts Via 27-Hydroxycholesterol R-HSA-193807,1/15,0.2903690032661203,0.4797970889182846,CYP27A1,Reactome_2022,3.0937598986379475,3.825751966916572
G Alpha (Z) Signaling Events R-HSA-418597,2/47,0.287372862730716,0.4797970889182846,GNG10;GNGT2,Reactome_2022,1.9262222222222225,2.401950441524157
Phase 2 - Plateau Phase R-HSA-5576893,1/15,0.2903690032661203,0.4797970889182846,KCNE3,Reactome_2022,3.0937598986379475,3.825751966916572
mRNA Decay By 5 To 3 Exoribonuclease R-HSA-430039,1/15,0.2903690032661203,0.4797970889182846,LSM1,Reactome_2022,3.0937598986379475,3.825751966916572
Synthesis Of Prostaglandins (PG) And Thromboxanes (TX) R-HSA-2162123,1/15,0.2903690032661203,0.4797970889182846,HPGD,Reactome_2022,3.0937598986379475,3.825751966916572
Disease R-HSA-1643685,43/1736,0.28523596809232,0.4797970889182846,CDKN1C;NOTCH2;PSMD10;RPL5;GTF2A2;SAR1B;HEXB;RPS27L;BRK1;FOXO4;PSMA7;PRDX2;PSMB7;PSMB4;GNG10;MAP1LC3B;PSMB5;GNGT2;SUMO1;POLR2C;CDC26;RPS3;POLR2E;POLR2H;POLR2J;B2M;POLR2K;CD163;TAF13;CNBP;VTA1;IL18;CYP27A1;POMC;GP9;PSMA6;PSMA3;IL6;PSMA1;PSMA2;CD9;SQSTM1;RAMP1,Reactome_2022,1.1087867921558208,1.3909048215924045
SARS-CoV-2 Modulates Host Translation Machinery R-HSA-9754678,2/47,0.287372862730716,0.4797970889182846,RPS3;RPS27L,Reactome_2022,1.9262222222222225,2.401950441524157
EPHA-mediated Growth Cone Collapse R-HSA-3928663,1/15,0.2903690032661203,0.4797970889182846,MYL6,Reactome_2022,3.0937598986379475,3.825751966916572
Defects Of Contact Activation System (CAS) And Kallikrein/Kinin System (KKS) R-HSA-9651496,1/15,0.2903690032661203,0.4797970889182846,GP9,Reactome_2022,3.0937598986379475,3.825751966916572
Regulation Of Cell Adhesion Mediated By Integrin (GO:0033628),3/33,0.0379142284249938,0.4825545874189973,RAC3;CIB1;ITGB1BP1,GO_Biological_Process_2023,4.346993318485524,14.2252262034216
Copper Ion Homeostasis (GO:0055070),2/14,0.0387583737767386,0.4825545874189973,COX19;COMMD1,GO_Biological_Process_2023,7.235555555555556,23.51851091145157
DNA-templated Transcription (GO:0006351),9/199,0.0375090574249903,0.4825545874189973,GTF2A2;POLR3GL;TAF13;POLR2C;POLR2E;POLR2H;POLR2J;POLR2K;THAP1,GO_Biological_Process_2023,2.0698823808958062,6.795781622893145
Positive Regulation Of Cysteine-Type Endopeptidase Activity Involved In Apoptotic Process (GO:0043280),6/109,0.0373266809396792,0.4825545874189973,FIS1;DIABLO;CLEC7A;PDCD6;RPS3;RPS27L,GO_Biological_Process_2023,2.5397274587487484,8.350743001008405
Regulation Of Extracellular Matrix Disassembly (GO:0010715),2/14,0.0387583737767386,0.4825545874189973,CST3;IL6,GO_Biological_Process_2023,7.235555555555556,23.51851091145157
Regulation Of ATP Biosynthetic Process (GO:2001169),2/14,0.0387583737767386,0.4825545874189973,TMSB4X;TREM2,GO_Biological_Process_2023,7.235555555555556,23.51851091145157
Regulation Of Microglial Cell Activation (GO:1903978),2/14,0.0387583737767386,0.4825545874189973,IL6;TREM2,GO_Biological_Process_2023,7.235555555555556,23.51851091145157
Regulation Of Superoxide Anion Generation (GO:0032928),2/14,0.0387583737767386,0.4825545874189973,TYROBP;CLEC7A,GO_Biological_Process_2023,7.235555555555556,23.51851091145157
"Positive Regulation Of DNA-templated Transcription, Elongation (GO:0032786)",4/56,0.037623568614431,0.4825545874189973,MED11;MED10;MED21;MED31,GO_Biological_Process_2023,3.3475274725274726,10.980307212171503
IRE1alpha Activates Chaperones R-HSA-381070,2/48,0.2957709627967983,0.4876223981244513,DNAJB9;YIF1A,Reactome_2022,1.8842512077294689,2.295338102489214
Rab Regulation Of Trafficking R-HSA-9007101,4/122,0.297742736771433,0.489770074868964,GABARAPL2;MAP1LC3B;TRAPPC2L;TRAPPC6B,Reactome_2022,1.4701876513317191,1.7811697775626176
p75NTR Signals Via NF-kB R-HSA-193639,1/16,0.3064186765053858,0.4973358563235974,SQSTM1,Reactome_2022,2.887361419068736,3.415179426102039
Hyaluronan Metabolism R-HSA-2142845,1/16,0.3064186765053858,0.4973358563235974,HEXB,Reactome_2022,2.887361419068736,3.415179426102039
SUMOylation Of DNA Methylation Proteins R-HSA-4655427,1/16,0.3064186765053858,0.4973358563235974,SUMO1,Reactome_2022,2.887361419068736,3.415179426102039
NRIF Signals Cell Death From Nucleus R-HSA-205043,1/16,0.3064186765053858,0.4973358563235974,SQSTM1,Reactome_2022,2.887361419068736,3.415179426102039
Plasma Lipoprotein Assembly R-HSA-8963898,1/16,0.3064186765053858,0.4973358563235974,SAR1B,Reactome_2022,2.887361419068736,3.415179426102039
FOXO-mediated Transcription Of Cell Death Genes R-HSA-9614657,1/16,0.3064186765053858,0.4973358563235974,FOXO4,Reactome_2022,2.887361419068736,3.415179426102039
Peptide Chain Elongation R-HSA-156902,3/86,0.307826536419437,0.4985155412810352,RPL5;RPS3;RPS27L,Reactome_2022,1.5669358950277723,1.8461934052939168
Platelet Degranulation R-HSA-114608,4/125,0.3130293308987554,0.5047080841803723,SRGN;TMSB4X;CD9;PF4,Reactome_2022,1.4335153482880756,1.6649684197051562
Aquaporin-mediated Transport R-HSA-445717,2/50,0.3125192705158425,0.5047080841803723,GNG10;GNGT2,Reactome_2022,1.805555555555556,2.100022069268198
Regulation Of Interleukin-17 Production (GO:0032660),3/34,0.0409076272489427,0.505962758079029,IL6;IL15;IL18,GO_Biological_Process_2023,4.206552194841583,13.445986431140778
Positive Regulation Of Protein Ubiquitination (GO:0031398),5/84,0.0416553660963077,0.508520053643237,PSMD10;SUMO1;PEF1;PDCD6;COMMD1,GO_Biological_Process_2023,2.7566335343924333,8.761477500993484
Regulation Of Cysteine-Type Endopeptidase Activity Involved In Apoptotic Process (GO:0043281),5/84,0.0416553660963077,0.508520053643237,FIS1;CLEC7A;PDCD6;TRIAP1;LAMTOR5,GO_Biological_Process_2023,2.7566335343924333,8.761477500993484
Regulation Of Phagocytosis (GO:0050764),4/58,0.0419808565167833,0.5091871629132427,FCER1G;IL15;CLEC7A;TREM2,GO_Biological_Process_2023,3.2232142857142856,10.219334855526322
FOXO-mediated Transcription Of Cell Cycle Genes R-HSA-9617828,1/17,0.3221061398204446,0.5136856086025392,FOXO4,Reactome_2022,2.706762749445676,3.066421578753248
Vitamin B5 (Pantothenate) Metabolism R-HSA-199220,1/17,0.3221061398204446,0.5136856086025392,PPCDC,Reactome_2022,2.706762749445676,3.066421578753248
Protein Methylation R-HSA-8876725,1/17,0.3221061398204446,0.5136856086025392,METTL21A,Reactome_2022,2.706762749445676,3.066421578753248
Opioid Signaling R-HSA-111885,3/88,0.3202236908383596,0.5136856086025392,POMC;GNG10;GNGT2,Reactome_2022,1.529909603039434,1.7421623668716613
Aberrant Regulation Of Mitotic G1/S Transition In Cancer Due To RB1 Defects R-HSA-9659787,1/17,0.3221061398204446,0.5136856086025392,CDKN1C,Reactome_2022,2.706762749445676,3.066421578753248
Defense Response To Protozoan (GO:0042832),2/15,0.0440656196848278,0.5145550621582382,CLEC7A;PF4,GO_Biological_Process_2023,6.678632478632479,20.851194164228552
Coenzyme A Metabolic Process (GO:0015936),2/15,0.0440656196848278,0.5145550621582382,NUDT7;PPCDC,GO_Biological_Process_2023,6.678632478632479,20.851194164228552
Stem Cell Development (GO:0048864),2/15,0.0440656196848278,0.5145550621582382,PEF1;PDCD6,GO_Biological_Process_2023,6.678632478632479,20.851194164228552
Positive Regulation Of Substrate Adhesion-Dependent Cell Spreading (GO:1900026),3/35,0.0440165904823085,0.5145550621582382,RAC3;CIB1;S100A10,GO_Biological_Process_2023,4.07488864142539,12.72664599450401
N-terminal Protein Amino Acid Acetylation (GO:0006474),2/15,0.0440656196848278,0.5145550621582382,LSM8;NAA20,GO_Biological_Process_2023,6.678632478632479,20.851194164228552
Regulation Of Amyloid Fibril Formation (GO:1905906),2/15,0.0440656196848278,0.5145550621582382,VBP1;TREM2,GO_Biological_Process_2023,6.678632478632479,20.851194164228552
Sphingolipid Metabolism R-HSA-428157,3/89,0.3264247944743693,0.5194411946853007,B3GALNT1;HEXB;ORMDL2,Reactome_2022,1.512042264463666,1.6928155287359583
SARS-CoV-1 Infection R-HSA-9678108,2/52,0.3291804606600687,0.5226900156250983,MAP1LC3B;SUMO1,Reactome_2022,1.7331555555555556,1.925794350017603
Thermogenesis,10/232,0.0387378303227324,0.5253818237520587,COX19;NDUFB9;COX7B;NDUFB6;COX4I1;NDUFAF5;NDUFS4;NDUFB3;COX14;NDUFV2,KEGG_2021_Human,1.9695487342546163,6.402882061288244
Eukaryotic Translation Elongation R-HSA-156842,3/90,0.3326254006038507,0.5258786031145113,RPL5;RPS3;RPS27L,Reactome_2022,1.494585669303433,1.6451477565593302
Viral mRNA Translation R-HSA-192823,3/90,0.3326254006038507,0.5258786031145113,RPL5;RPS3;RPS27L,Reactome_2022,1.494585669303433,1.6451477565593302
Sensory Processing Of Sound By Outer Hair Cells Of Cochlea R-HSA-9662361,2/53,0.3374702806479745,0.5301035309749299,CIB2;TWF1,Reactome_2022,1.6990849673202617,1.8456783310928548
Metabolism Of Angiotensinogen To Angiotensins R-HSA-2022377,1/18,0.337439549883382,0.5301035309749299,ATP6AP2,Reactome_2022,2.547410982131212,2.76742805674558
Lewis Blood Group Biosynthesis R-HSA-9037629,1/18,0.337439549883382,0.5301035309749299,ST3GAL6,Reactome_2022,2.547410982131212,2.76742805674558
Response To Elevated Platelet Cytosolic Ca2+ R-HSA-76005,4/130,0.3386466459891466,0.5308123016360928,SRGN;TMSB4X;CD9;PF4,Reactome_2022,1.3762755102040816,1.4902284489416306
Diabetic cardiomyopathy,9/203,0.0417011638265756,0.5323030911980533,NDUFB9;COX7B;NDUFB6;INSR;MPC2;COX4I1;NDUFS4;NDUFB3;NDUFV2,KEGG_2021_Human,2.0267855065043867,6.439556096259008
Class B/2 (Secretin Family Receptors) R-HSA-373080,3/92,0.345018795215073,0.5384941537258708,GNG10;GNGT2;RAMP1,Reactome_2022,1.4608493280948924,1.5545721393583831
Nonsense Mediated Decay (NMD) Independent Of Exon Junction Complex (EJC) R-HSA-975956,3/92,0.345018795215073,0.5384941537258708,RPL5;RPS3;RPS27L,Reactome_2022,1.4608493280948924,1.5545721393583831
Positive Regulation Of Phagocytosis (GO:0050766),4/60,0.0466111922643843,0.5409200089940904,FCER1G;IL15;CLEC7A;TREM2,GO_Biological_Process_2023,3.107780612244898,9.52818991955334
Lymphocyte Mediated Immunity (GO:0002449),2/16,0.0496239172798568,0.5427520769898424,CR1L;KLRD1,GO_Biological_Process_2023,6.201269841269841,18.624164313039373
Negative Regulation Of Release Of Cytochrome C From Mitochondria (GO:0090201),2/16,0.0496239172798568,0.5427520769898424,PSMD10;TRIAP1,GO_Biological_Process_2023,6.201269841269841,18.624164313039373
Autophagosome Organization (GO:1905037),4/61,0.0490285501128896,0.5427520769898424,GABARAPL2;MAP1LC3B;GABARAPL1;ATG12,GO_Biological_Process_2023,3.0531015037593985,9.206177237411376
"Mitochondrial Electron Transport, Cytochrome C To Oxygen (GO:0006123)",2/16,0.0496239172798568,0.5427520769898424,COX7B;COX4I1,GO_Biological_Process_2023,6.201269841269841,18.624164313039373
Protein Localization To Endoplasmic Reticulum (GO:0070972),2/16,0.0496239172798568,0.5427520769898424,GABARAPL2;SEC16B,GO_Biological_Process_2023,6.201269841269841,18.624164313039373
Protein Targeting To Peroxisome (GO:0006625),2/16,0.0496239172798568,0.5427520769898424,PEX7;ZFAND6,GO_Biological_Process_2023,6.201269841269841,18.624164313039373
Regulation Of Natural Killer Cell Activation (GO:0032814),2/16,0.0496239172798568,0.5427520769898424,TYROBP;KLRD1,GO_Biological_Process_2023,6.201269841269841,18.624164313039373
COPII-coated Vesicle Budding (GO:0090114),3/36,0.0472398201169139,0.5427520769898424,TRAPPC2L;PEF1;PDCD6,GO_Biological_Process_2023,3.9512046973071473,12.061123837616153
Negative Regulation Of Cytokine Production (GO:0001818),8/178,0.0496560410863047,0.5427520769898424,SRGN;IL6;TYROBP;PPP1R11;TMSB4X;PDCD4;TREM2;ATG12,GO_Biological_Process_2023,2.053842077371489,6.166938562870425
Establishment Of Protein Localization To Endoplasmic Reticulum (GO:0072599),2/16,0.0496239172798568,0.5427520769898424,SPCS1;SRP14,GO_Biological_Process_2023,6.201269841269841,18.624164313039373
Aflatoxin Activation And Detoxification R-HSA-5423646,1/19,0.3524268799934312,0.5442541691037799,MGST3,Reactome_2022,2.4057649667405765,2.509001419767876
RHO GTPases Activate ROCKs R-HSA-5627117,1/19,0.3524268799934312,0.5442541691037799,MYL6,Reactome_2022,2.4057649667405765,2.509001419767876
Metabolism Of Cofactors R-HSA-8978934,1/19,0.3524268799934312,0.5442541691037799,PTS,Reactome_2022,2.4057649667405765,2.509001419767876
SUMOylation Of Transcription Factors R-HSA-3232118,1/19,0.3524268799934312,0.5442541691037799,SUMO1,Reactome_2022,2.4057649667405765,2.509001419767876
RHO GTPases Activate CIT R-HSA-5625900,1/19,0.3524268799934312,0.5442541691037799,MYL6,Reactome_2022,2.4057649667405765,2.509001419767876
CoA Hydrolase Activity (GO:0016289),2/15,0.0440656196848278,0.5500042160661845,ACOT2;ACOT13,GO_Molecular_Function_2023,6.678632478632479,20.851194164228552
Ubiquitin-Like Protein Conjugating Enzyme Activity (GO:0061650),3/35,0.0440165904823085,0.5500042160661845,UBE2B;UFC1;UBE2A,GO_Molecular_Function_2023,4.07488864142539,12.72664599450401
Apoptotic Factor-Mediated Response R-HSA-111471,1/20,0.3670759243263146,0.5551644144769882,DIABLO,Reactome_2022,2.2790290582331663,2.284012324032437
Phosphorylation Of APC/C R-HSA-176412,1/20,0.3670759243263146,0.5551644144769882,CDC26,Reactome_2022,2.2790290582331663,2.284012324032437
E3 Ubiquitin Ligases Ubiquitinate Target Proteins R-HSA-8866654,2/56,0.3621414386634021,0.5551644144769882,UBE2B;UBE2A,Reactome_2022,1.6044444444444443,1.6296669992984565
Nef-mediated Downmodulation Of Cell Surface Receptors By Recruitment To Clathrin Adapters R-HSA-164938,1/20,0.3670759243263146,0.5551644144769882,B2M,Reactome_2022,2.2790290582331663,2.284012324032437
Sema4D Induced Cell Migration And Growth-Cone Collapse R-HSA-416572,1/20,0.3670759243263146,0.5551644144769882,MYL6,Reactome_2022,2.2790290582331663,2.284012324032437
Conversion From APC/C:Cdc20 To APC/C:Cdh1 In Late Anaphase R-HSA-176407,1/20,0.3670759243263146,0.5551644144769882,CDC26,Reactome_2022,2.2790290582331663,2.284012324032437
Aberrant Regulation Of Mitotic Exit In Cancer Due To RB1 Defects R-HSA-9687136,1/20,0.3670759243263146,0.5551644144769882,CDC26,Reactome_2022,2.2790290582331663,2.284012324032437
Processing Of Intronless Pre-mRNAs R-HSA-77595,1/20,0.3670759243263146,0.5551644144769882,CSTF3,Reactome_2022,2.2790290582331663,2.284012324032437
Class I Peroxisomal Membrane Protein Import R-HSA-9603798,1/20,0.3670759243263146,0.5551644144769882,FIS1,Reactome_2022,2.2790290582331663,2.284012324032437
NOTCH4 Intracellular Domain Regulates Transcription R-HSA-9013695,1/20,0.3670759243263146,0.5551644144769882,NOTCH2,Reactome_2022,2.2790290582331663,2.284012324032437
Biological Oxidations R-HSA-211859,6/218,0.3709458218326675,0.5598604981062116,CYP27A1;SULT1A1;N6AMT1;POMC;MGST3;MAT2B,Reactome_2022,1.227007361028852,1.2168222917438851
Intrinsic Pathway Of Fibrin Clot Formation R-HSA-140837,1/21,0.3813943019913599,0.5626667307772727,GP9,Reactome_2022,2.1649667405764967,2.086858043549189
Response Of EIF2AK4 (GCN2) To Amino Acid Deficiency R-HSA-9633012,3/98,0.3820291874266455,0.5626667307772727,RPL5;RPS3;RPS27L,Reactome_2022,1.368163169616692,1.3165263197728383
Mitochondrial tRNA Aminoacylation R-HSA-379726,1/21,0.3813943019913599,0.5626667307772727,PPA2,Reactome_2022,2.1649667405764967,2.086858043549189
Deregulated CDK5 Triggers Neurodegenerative Pathways In Alzheimers Disease Models R-HSA-8862803,1/21,0.3813943019913599,0.5626667307772727,PRDX2,Reactome_2022,2.1649667405764967,2.086858043549189
Inactivation Of APC/C Via Direct Inhibition Of APC/C Complex R-HSA-141430,1/21,0.3813943019913599,0.5626667307772727,CDC26,Reactome_2022,2.1649667405764967,2.086858043549189
RHO GTPases Activate PAKs R-HSA-5627123,1/21,0.3813943019913599,0.5626667307772727,MYL6,Reactome_2022,2.1649667405764967,2.086858043549189
Citric Acid Cycle (TCA Cycle) R-HSA-71403,1/21,0.3813943019913599,0.5626667307772727,IDH3G,Reactome_2022,2.1649667405764967,2.086858043549189
Azathioprine ADME R-HSA-9748787,1/21,0.3813943019913599,0.5626667307772727,GUK1,Reactome_2022,2.1649667405764967,2.086858043549189
NOTCH2 Activation And Transmission Of Signal To Nucleus R-HSA-2979096,1/21,0.3813943019913599,0.5626667307772727,NOTCH2,Reactome_2022,2.1649667405764967,2.086858043549189
Negative Regulation Of NMDA Receptor-Mediated Neuronal Transmission R-HSA-9617324,1/21,0.3813943019913599,0.5626667307772727,CAMK1,Reactome_2022,2.1649667405764967,2.086858043549189
mRNA 3-End Processing R-HSA-72187,2/58,0.3783971702109633,0.5626667307772727,CSTF3;THOC7,Reactome_2022,1.546984126984127,1.50337606787592
Branched-chain Amino Acid Catabolism R-HSA-70895,1/21,0.3813943019913599,0.5626667307772727,HSD17B10,Reactome_2022,2.1649667405764967,2.086858043549189
DNA-methyltransferase Activity (GO:0009008),1/5,0.1080165242282155,0.5627323254426596,N6AMT1,GO_Molecular_Function_2023,10.83370288248337,24.11009225329729
Ubiquitin Conjugating Enzyme Activity (GO:0061631),2/32,0.1626852042544191,0.5627323254426596,UBE2B;UBE2A,GO_Molecular_Function_2023,2.891555555555556,5.250886213048489
Ubiquitin-Like Protein Peptidase Activity (GO:0019783),2/32,0.1626852042544191,0.5627323254426596,SUMO1;SENP8,GO_Molecular_Function_2023,2.891555555555556,5.250886213048489
Beta-Tubulin Binding (GO:0048487),2/32,0.1626852042544191,0.5627323254426596,GABARAPL2;GABARAPL1,GO_Molecular_Function_2023,2.891555555555556,5.250886213048489
Oligosaccharyl Transferase Activity (GO:0004576),1/5,0.1080165242282155,0.5627323254426596,OSTC,GO_Molecular_Function_2023,10.83370288248337,24.11009225329729
Cyclase Activator Activity (GO:0010853),1/5,0.1080165242282155,0.5627323254426596,CALM2,GO_Molecular_Function_2023,10.83370288248337,24.11009225329729
Adenylate Cyclase Regulator Activity (GO:0010854),1/5,0.1080165242282155,0.5627323254426596,CALM2,GO_Molecular_Function_2023,10.83370288248337,24.11009225329729
NEDD8 Transferase Activity (GO:0019788),1/6,0.1281803606254961,0.5627323254426596,RNF7,GO_Molecular_Function_2023,8.666518847006651,17.80377647372595
snoRNA Binding (GO:0030515),2/31,0.1547072230694035,0.5627323254426596,NUDT7;NUDT16L1,GO_Molecular_Function_2023,2.991417624521073,5.582645887123993
"Proton-Transporting ATPase Activity, Rotational Mechanism (GO:0046961)",1/9,0.1859836132615545,0.5627323254426596,ATP6V1E1,GO_Molecular_Function_2023,5.415742793791575,9.109803135070925
"Phosphatidylinositol-4,5-Bisphosphate Phosphatase Activity (GO:0106019)",1/9,0.1859836132615545,0.5627323254426596,PTPMT1,GO_Molecular_Function_2023,5.415742793791575,9.109803135070925
Omega Peptidase Activity (GO:0008242),1/9,0.1859836132615545,0.5627323254426596,GGH,GO_Molecular_Function_2023,5.415742793791575,9.109803135070925
Tat Protein Binding (GO:0030957),1/9,0.1859836132615545,0.5627323254426596,GABARAPL1,GO_Molecular_Function_2023,5.415742793791575,9.109803135070925
STAT Family Protein Binding (GO:0097677),1/9,0.1859836132615545,0.5627323254426596,FAM220A,GO_Molecular_Function_2023,5.415742793791575,9.109803135070925
RNA Polymerase II General Transcription Initiation Factor Binding (GO:0001091),1/9,0.1859836132615545,0.5627323254426596,GTF2A2,GO_Molecular_Function_2023,5.415742793791575,9.109803135070925
NADP-retinol Dehydrogenase Activity (GO:0052650),1/9,0.1859836132615545,0.5627323254426596,RDH14,GO_Molecular_Function_2023,5.415742793791575,9.109803135070925
G-quadruplex DNA Binding (GO:0051880),1/9,0.1859836132615545,0.5627323254426596,CNBP,GO_Molecular_Function_2023,5.415742793791575,9.109803135070925
G Protein-Coupled Purinergic Nucleotide Receptor Activity (GO:0045028),1/9,0.1859836132615545,0.5627323254426596,GPR34,GO_Molecular_Function_2023,5.415742793791575,9.109803135070925
DNA N-glycosylase Activity (GO:0019104),1/9,0.1859836132615545,0.5627323254426596,RPS3,GO_Molecular_Function_2023,5.415742793791575,9.109803135070925
"ATPase Activity, Coupled To Transmembrane Movement Of Ions, Rotational Mechanism (GO:0044769)",1/9,0.1859836132615545,0.5627323254426596,ATP6V1E1,GO_Molecular_Function_2023,5.415742793791575,9.109803135070925
Glycine Binding (GO:0016594),1/9,0.1859836132615545,0.5627323254426596,SRR,GO_Molecular_Function_2023,5.415742793791575,9.109803135070925
MHC Protein Binding (GO:0042287),2/34,0.1788491586055883,0.5627323254426596,TUBB2A;CLEC7A,GO_Molecular_Function_2023,2.710555555555556,4.665442152300465
Protein Homodimerization Activity (GO:0042803),19/662,0.1717176220012159,0.5627323254426596,BNIP3L;GTF2A2;FCER1G;STARD3NL;PDCD6;CIB2;TIMM10;COMMD1;NUDT16L1;THAP1;GNPTG;PEX7;SRR;TYROBP;LYRM4;UCP2;CRYL1;B2M;S100A10,GO_Molecular_Function_2023,1.290123878039933,2.2730742713525527
RNA Polymerase Core Enzyme Binding (GO:0043175),2/33,0.1707349479941369,0.5627323254426596,ELOF1;MAF1,GO_Molecular_Function_2023,2.7981362007168458,4.946105691179396
Adenylate Cyclase Binding (GO:0008179),1/8,0.1671537834175771,0.5627323254426596,CALM2,GO_Molecular_Function_2023,6.189737092176117,11.07245568473065
Ion Channel Inhibitor Activity (GO:0008200),2/35,0.1870208321945931,0.5627323254426596,COMMD1;CALM2,GO_Molecular_Function_2023,2.628282828282828,4.406408851222339
Inorganic Cation Transmembrane Transporter Activity (GO:0022890),2/35,0.1870208321945931,0.5627323254426596,UCP2;ATP6V1F,GO_Molecular_Function_2023,2.628282828282828,4.406408851222339
Hsp70 Protein Binding (GO:0030544),2/34,0.1788491586055883,0.5627323254426596,RPS3;METTL21A,GO_Molecular_Function_2023,2.710555555555556,4.665442152300465
Adenyl Nucleotide Binding (GO:0030554),2/31,0.1547072230694035,0.5627323254426596,HPGD;NUDT6,GO_Molecular_Function_2023,2.991417624521073,5.582645887123993
Sodium Channel Inhibitor Activity (GO:0019871),1/7,0.1478893681798829,0.5627323254426596,COMMD1,GO_Molecular_Function_2023,7.221729490022173,13.802825113011512
Pyrophosphate Hydrolysis-Driven Proton Transmembrane Transporter Activity (GO:0009678),1/9,0.1859836132615545,0.5627323254426596,ATP6V1E1,GO_Molecular_Function_2023,5.415742793791575,9.109803135070925
Estradiol 17-Beta-Dehydrogenase [NAD(P)] Activity (GO:0004303),1/9,0.1859836132615545,0.5627323254426596,HSD17B10,GO_Molecular_Function_2023,5.415742793791575,9.109803135070925
Phosphatidic Acid Transfer Activity (GO:1990050),1/6,0.1281803606254961,0.5627323254426596,TRIAP1,GO_Molecular_Function_2023,8.666518847006651,17.80377647372595
General Transcription Initiation Factor Binding (GO:0140296),2/30,0.1468086015917311,0.5627323254426596,GTF2A2;TAF13,GO_Molecular_Function_2023,3.0984126984126985,5.944693831350787
"Beta-Galactoside (CMP) Alpha-2,3-Sialyltransferase Activity (GO:0003836)",1/6,0.1281803606254961,0.5627323254426596,ST3GAL6,GO_Molecular_Function_2023,8.666518847006651,17.80377647372595
Iron Ion Binding (GO:0005506),3/56,0.1328796575217155,0.5627323254426596,ALKBH3;AGMO;DNAJC24,GO_Molecular_Function_2023,2.4576627305962937,4.960328684473728
5S rRNA Binding (GO:0008097),1/8,0.1671537834175771,0.5627323254426596,RPL5,GO_Molecular_Function_2023,6.189737092176117,11.07245568473065
Guanylate Kinase Activity (GO:0004385),1/8,0.1671537834175771,0.5627323254426596,GUK1,GO_Molecular_Function_2023,6.189737092176117,11.07245568473065
Ubiquitin-Protein Transferase Inhibitor Activity (GO:0055105),1/8,0.1671537834175771,0.5627323254426596,RPL5,GO_Molecular_Function_2023,6.189737092176117,11.07245568473065
L-aspartate Transmembrane Transporter Activity (GO:0015183),1/8,0.1671537834175771,0.5627323254426596,UCP2,GO_Molecular_Function_2023,6.189737092176117,11.07245568473065
RAGE Receptor Binding (GO:0050786),1/8,0.1671537834175771,0.5627323254426596,S100A4,GO_Molecular_Function_2023,6.189737092176117,11.07245568473065
"Hydrolase Activity, Acting On Acid Anhydrides, In Phosphorus-Containing Anhydrides (GO:0016818)",1/5,0.1080165242282155,0.5627323254426596,NUDT13,GO_Molecular_Function_2023,10.83370288248337,24.11009225329729
Ubiquitin Ligase Inhibitor Activity (GO:1990948),1/7,0.1478893681798829,0.5627323254426596,RPL5,GO_Molecular_Function_2023,7.221729490022173,13.802825113011512
Glycogen Binding (GO:2001069),1/7,0.1478893681798829,0.5627323254426596,STBD1,GO_Molecular_Function_2023,7.221729490022173,13.802825113011512
Histone Ubiquitin Ligase Activity (GO:0140852),1/7,0.1478893681798829,0.5627323254426596,UBE2A,GO_Molecular_Function_2023,7.221729490022173,13.802825113011512
Magnesium Ion Binding (GO:0000287),6/155,0.1397203532042544,0.5627323254426596,SRR;NUDT7;IDH3G;PDCD6;CIB2;CIB1,GO_Molecular_Function_2023,1.7514972763114334,3.447143387402345
MHC Class Ib Protein Binding (GO:0023029),1/7,0.1478893681798829,0.5627323254426596,KLRD1,GO_Molecular_Function_2023,7.221729490022173,13.802825113011512
Mitochondrial Ribosome Binding (GO:0097177),1/7,0.1478893681798829,0.5627323254426596,TMEM223,GO_Molecular_Function_2023,7.221729490022173,13.802825113011512
NADH Dehydrogenase Activity (GO:0003954),1/7,0.1478893681798829,0.5627323254426596,NDUFV2,GO_Molecular_Function_2023,7.221729490022173,13.802825113011512
Phosphate Ion Binding (GO:0042301),1/9,0.1859836132615545,0.5627323254426596,PNP,GO_Molecular_Function_2023,5.415742793791575,9.109803135070925
Oxidized Purine DNA Binding (GO:0032357),1/9,0.1859836132615545,0.5627323254426596,RPS3,GO_Molecular_Function_2023,5.415742793791575,9.109803135070925
deSUMOylase Activity (GO:0016929),1/5,0.1080165242282155,0.5627323254426596,SUMO1,GO_Molecular_Function_2023,10.83370288248337,24.11009225329729
deNEDDylase Activity (GO:0019784),1/5,0.1080165242282155,0.5627323254426596,SENP8,GO_Molecular_Function_2023,10.83370288248337,24.11009225329729
Pyruvate Transmembrane Transporter Activity (GO:0050833),1/5,0.1080165242282155,0.5627323254426596,MPC2,GO_Molecular_Function_2023,10.83370288248337,24.11009225329729
"Phosphatidylinositol-4,5-Bisphosphate 5-Phosphatase Activity (GO:0004439)",1/7,0.1478893681798829,0.5627323254426596,PTPMT1,GO_Molecular_Function_2023,7.221729490022173,13.802825113011512
Phosphatidylethanolamine Binding (GO:0008429),1/7,0.1478893681798829,0.5627323254426596,TREM2,GO_Molecular_Function_2023,7.221729490022173,13.802825113011512
RNA Polymerase III Cis-Regulatory Region Sequence-Specific DNA Binding (GO:0000992),1/7,0.1478893681798829,0.5627323254426596,MAF1,GO_Molecular_Function_2023,7.221729490022173,13.802825113011512
Protein-Lysine N-methyltransferase Activity (GO:0016279),3/54,0.1227459568380059,0.5627323254426596,N6AMT1;ECE2;METTL21A,GO_Molecular_Function_2023,2.5543036813834665,5.358005617685697
Ferrous Iron Binding (GO:0008198),2/25,0.108794174782965,0.5627323254426596,ALKBH3;DNAJC24,GO_Molecular_Function_2023,3.7729468599033815,8.369518536366554
NF-kappaB Binding (GO:0051059),2/26,0.1161707738249227,0.5627323254426596,PSMA6;COMMD6,GO_Molecular_Function_2023,3.6155555555555554,7.783184687247571
Polyubiquitin Modification-Dependent Protein Binding (GO:0031593),3/53,0.1177900236050035,0.5627323254426596,ZFAND6;SQSTM1;FAAP20,GO_Molecular_Function_2023,2.605523385300668,5.572828123635761
Insulin-Like Growth Factor II Binding (GO:0031995),1/6,0.1281803606254961,0.5627323254426596,INSR,GO_Molecular_Function_2023,8.666518847006651,17.80377647372595
N-methyltransferase Activity (GO:0008170),2/27,0.1236696002437905,0.5627323254426596,N6AMT1;HNMT,GO_Molecular_Function_2023,3.470755555555556,7.25437120759319
Diphosphotransferase Activity (GO:0016778),1/5,0.1080165242282155,0.5627323254426596,PRPSAP2,GO_Molecular_Function_2023,10.83370288248337,24.11009225329729
Lysine N-methyltransferase Activity (GO:0016278),2/25,0.108794174782965,0.5627323254426596,ECE2;METTL21A,GO_Molecular_Function_2023,3.7729468599033815,8.369518536366554
Interleukin-6 Receptor Binding (GO:0005138),1/6,0.1281803606254961,0.5627323254426596,IL6,GO_Molecular_Function_2023,8.666518847006651,17.80377647372595
TBP-class Protein Binding (GO:0017025),2/18,0.0614381565611453,0.5627323254426596,GTF2A2;TAF13,GO_Molecular_Function_2023,5.425555555555556,15.135803601831176
Acetylglucosaminyltransferase Activity (GO:0008375),3/40,0.0612453413084945,0.5627323254426596,HEXB;MFNG;PIGP,GO_Molecular_Function_2023,3.523325106844038,9.8401801571872
"Oxidoreductase Activity, Acting On The CH-CH Group Of Donors, With A Flavin As Acceptor (GO:0052890)",1/6,0.1281803606254961,0.5627323254426596,ACADM,GO_Molecular_Function_2023,8.666518847006651,17.80377647372595
Ubiquitin-Dependent Protein Binding (GO:0140036),2/16,0.0496239172798568,0.5627323254426596,FAAP20;SQSTM1,GO_Molecular_Function_2023,6.201269841269841,18.624164313039373
Acid-Amino Acid Ligase Activity (GO:0016881),1/6,0.1281803606254961,0.5627323254426596,GHDC,GO_Molecular_Function_2023,8.666518847006651,17.80377647372595
pre-mRNA Intronic Binding (GO:0097157),1/8,0.1671537834175771,0.5627323254426596,RBM7,GO_Molecular_Function_2023,6.189737092176117,11.07245568473065
Peptide N-acetyltransferase Activity (GO:0034212),1/8,0.1671537834175771,0.5627323254426596,NAA20,GO_Molecular_Function_2023,6.189737092176117,11.07245568473065
acyl-CoA Hydrolase Activity (GO:0047617),2/20,0.0740949998934753,0.5627323254426596,ACOT2;ACOT13,GO_Molecular_Function_2023,4.822222222222222,12.549385960238991
Oxidized DNA Binding (GO:0032356),1/7,0.1478893681798829,0.5627323254426596,RPS3,GO_Molecular_Function_2023,7.221729490022173,13.802825113011512
Peptide alpha-N-acetyltransferase Activity (GO:0004596),1/7,0.1478893681798829,0.5627323254426596,NAA20,GO_Molecular_Function_2023,7.221729490022173,13.802825113011512
Myosin Heavy Chain Binding (GO:0032036),1/6,0.1281803606254961,0.5627323254426596,MYL2,GO_Molecular_Function_2023,8.666518847006651,17.80377647372595
Supercoiled DNA Binding (GO:0097100),1/5,0.1080165242282155,0.5627323254426596,RPS3,GO_Molecular_Function_2023,10.83370288248337,24.11009225329729
3-hydroxyacyl-CoA Dehydrogenase Activity (GO:0003857),1/5,0.1080165242282155,0.5627323254426596,HSD17B10,GO_Molecular_Function_2023,10.83370288248337,24.11009225329729
Testosterone Dehydrogenase [NAD(P)] Activity (GO:0030283),1/5,0.1080165242282155,0.5627323254426596,HSD17B10,GO_Molecular_Function_2023,10.83370288248337,24.11009225329729
"Oxidoreductase Activity, Acting On The CH-OH Group Of Donors, NAD Or NADP As Acceptor (GO:0016616)",5/95,0.0642394405475253,0.5627323254426596,HPGD;DHRS7B;CRYL1;HSD17B10;CBR4,GO_Molecular_Function_2023,2.41834451901566,6.638689238344896
High-Density Lipoprotein Particle Binding (GO:0008035),1/5,0.1080165242282155,0.5627323254426596,TREM2,GO_Molecular_Function_2023,10.83370288248337,24.11009225329729
Copper Ion Binding (GO:0005507),3/45,0.0811227835663482,0.5627323254426596,SCO2;RNF7;COMMD1,GO_Molecular_Function_2023,3.103086223353484,7.794305368552803
K63-linked Polyubiquitin Modification-Dependent Protein Binding (GO:0070530),2/23,0.0944465420828477,0.5627323254426596,FAAP20;SQSTM1,GO_Molecular_Function_2023,4.132698412698413,9.752016457661547
Sulfatide Binding (GO:0120146),1/5,0.1080165242282155,0.5627323254426596,TREM2,GO_Molecular_Function_2023,10.83370288248337,24.11009225329729
Purine Metabolism WP4792,2/13,0.0337167010521626,0.5642891279716603,DGUOK;PNP,WikiPathway_2023_Human,7.893737373737374,26.757890862755723
Development And Heterogeneity Of The ILC Family WP3893,3/32,0.0350375602335344,0.5642891279716603,IL6;IL15;IL18,WikiPathway_2023_Human,4.497120036863528,15.071354174963302
6Q16 Copy Number Variation WP5400,2/14,0.0387583737767386,0.564764875032477,POMC;INSR,WikiPathway_2023_Human,7.235555555555556,23.51851091145157
CAMKK2 Pathway WP4874,3/33,0.0379142284249938,0.564764875032477,FIS1;CAMK1;SQSTM1,WikiPathway_2023_Human,4.346993318485524,14.2252262034216
Arachidonic Acid Metabolism R-HSA-2142753,2/59,0.3864602960201719,0.5657778733735317,GPX4;HPGD,Reactome_2022,1.519766081871345,1.4448813456091958
Iron Uptake And Transport R-HSA-917937,2/59,0.3864602960201719,0.5657778733735317,ATP6V1E1;ATP6V1F,Reactome_2022,1.519766081871345,1.4448813456091958
GABA Receptor Activation R-HSA-977443,2/59,0.3864602960201719,0.5657778733735317,GNG10;GNGT2,Reactome_2022,1.519766081871345,1.4448813456091958
Negative Regulation Of Programmed Cell Death (GO:0043069),14/381,0.0520884147721683,0.5660475131310778,NOTCH2;PSMD10;BNIP3L;GPX4;ZFAND6;CIB1;TREM2;TRIAP1;PRDX2;LSM8;IL6;MIEN1;TMBIM4;CLEC5A,GO_Biological_Process_2023,1.6705485673049407,4.936158156329605
Methyltransferase Activity (GO:0008168),2/37,0.2035099551935874,0.5692476997707228,N6AMT1;ECE2,GO_Molecular_Function_2023,2.47784126984127,3.944823295926852
Basal RNA Polymerase II Transcription Machinery Binding (GO:0001099),2/36,0.1952432471696387,0.5692476997707228,GTF2A2;ELOF1,GO_Molecular_Function_2023,2.5508496732026145,4.166836093757585
FMN Binding (GO:0010181),1/10,0.204388639977025,0.5692476997707228,PPCDC,GO_Molecular_Function_2023,4.813747228381375,7.642940512529682
Monoatomic Cation Transmembrane Transporter Activity (GO:0008324),2/37,0.2035099551935874,0.5692476997707228,UCP2;ATP6V1F,GO_Molecular_Function_2023,2.47784126984127,3.944823295926852
acyl-CoA Dehydrogenase Activity (GO:0003995),1/10,0.204388639977025,0.5692476997707228,ACADM,GO_Molecular_Function_2023,4.813747228381375,7.642940512529682
Calcium Channel Inhibitor Activity (GO:0019855),1/10,0.204388639977025,0.5692476997707228,CALM2,GO_Molecular_Function_2023,4.813747228381375,7.642940512529682
Protein-Arginine N-methyltransferase Activity (GO:0016274),1/10,0.204388639977025,0.5692476997707228,METTL23,GO_Molecular_Function_2023,4.813747228381375,7.642940512529682
Diacylglycerol Kinase Activity (GO:0004143),1/10,0.204388639977025,0.5692476997707228,DGKA,GO_Molecular_Function_2023,4.813747228381375,7.642940512529682
Protein Serine/Threonine Phosphatase Inhibitor Activity (GO:0004865),1/10,0.204388639977025,0.5692476997707228,PPP1R11,GO_Molecular_Function_2023,4.813747228381375,7.642940512529682
Blood Group Systems Biosynthesis R-HSA-9033658,1/22,0.3953894606992335,0.5719863344502746,ST3GAL6,Reactome_2022,2.061767500791891,1.913081123914626
Cytosolic Sulfonation Of Small Molecules R-HSA-156584,1/22,0.3953894606992335,0.5719863344502746,SULT1A1,Reactome_2022,2.061767500791891,1.913081123914626
Common Pathway Of Fibrin Clot Formation R-HSA-140875,1/22,0.3953894606992335,0.5719863344502746,PF4,Reactome_2022,2.061767500791891,1.913081123914626
RA Biosynthesis Pathway R-HSA-5365859,1/22,0.3953894606992335,0.5719863344502746,RDH14,Reactome_2022,2.061767500791891,1.913081123914626
rRNA Modification In Nucleus And Cytosol R-HSA-6790901,2/60,0.3944773469522966,0.5719863344502746,RCL1;FCF1,Reactome_2022,1.493486590038314,1.389231611762208
Insertion Of Tail-Anchored Proteins Into Endoplasmic Reticulum Membrane R-HSA-9609523,1/22,0.3953894606992335,0.5719863344502746,CYB5A,Reactome_2022,2.061767500791891,1.913081123914626
Cellular Response To Tumor Necrosis Factor (GO:0071356),6/119,0.0532401444138546,0.5724627193081254,CCL24;ZFAND6;TMSB4X;RPS3;CIB1;TXNDC17,GO_Biological_Process_2023,2.3137822929481326,6.786190591530638
Purine-Containing Compound Biosynthetic Process (GO:0072522),2/17,0.0554192632521695,0.5724627193081254,PNP;PRPSAP2,GO_Biological_Process_2023,5.787555555555556,16.74240295674498
Rac Protein Signal Transduction (GO:0016601),2/17,0.0554192632521695,0.5724627193081254,BRK1;RAC3,GO_Biological_Process_2023,5.787555555555556,16.74240295674498
Positive Regulation Of Cell Adhesion Mediated By Integrin (GO:0033630),2/17,0.0554192632521695,0.5724627193081254,RAC3;CIB1,GO_Biological_Process_2023,5.787555555555556,16.74240295674498
Myeloid Cell Activation Involved In Immune Response (GO:0002275),2/17,0.0554192632521695,0.5724627193081254,FCER1G;TYROBP,GO_Biological_Process_2023,5.787555555555556,16.74240295674498
Membrane Lipid Metabolic Process (GO:0006643),2/17,0.0554192632521695,0.5724627193081254,AGMO;ST3GAL6,GO_Biological_Process_2023,5.787555555555556,16.74240295674498
protein-RNA Complex Assembly (GO:0022618),7/150,0.0543346808116256,0.5724627193081254,MCTS1;RPL5;MCTS2;SRPK3;EIF3M;CLNS1A;RPS27L,GO_Biological_Process_2023,2.1345957413373142,6.217207689634511
Regulation Of Delayed Rectifier Potassium Channel Activity (GO:1902259),2/17,0.0554192632521695,0.5724627193081254,KCNE3;SUMO1,GO_Biological_Process_2023,5.787555555555556,16.74240295674498
Positive Regulation Of Macrophage Derived Foam Cell Differentiation (GO:0010744),2/17,0.0554192632521695,0.5724627193081254,IL18;PF4,GO_Biological_Process_2023,5.787555555555556,16.74240295674498
Ca2+ Pathway R-HSA-4086398,2/61,0.4024462870738195,0.5805174614507903,GNG10;GNGT2,Reactome_2022,1.4680979284369116,1.336253396321528
"Cell Cycle, Mitotic R-HSA-69278",13/523,0.4028727737937178,0.5805174614507903,CDKN1C;PSMD10;PSMA7;PSMA6;PSMB7;PSMA3;PSMB4;TUBB2A;PSMB5;PSMA1;SUMO1;PSMA2;CDC26,Reactome_2022,1.1054267720755728,1.0049815766526724
DNA-(apurinic Or Apyrimidinic Site) Endonuclease Activity (GO:0003906),1/11,0.2223784262078615,0.5854807002503853,RPS3,GO_Molecular_Function_2023,4.332150776053215,6.512845984951964
3'-5'-DNA Exonuclease Activity (GO:0008296),1/11,0.2223784262078615,0.5854807002503853,TATDN1,GO_Molecular_Function_2023,4.332150776053215,6.512845984951964
Voltage-Gated Potassium Channel Activity Involved In Ventricular Cardiac Muscle Cell Action Potential Repolarization (GO:1902282),1/11,0.2223784262078615,0.5854807002503853,KCNE3,GO_Molecular_Function_2023,4.332150776053215,6.512845984951964
Pseudouridine Synthase Activity (GO:0009982),1/11,0.2223784262078615,0.5854807002503853,PUS3,GO_Molecular_Function_2023,4.332150776053215,6.512845984951964
Ionotropic Glutamate Receptor Binding (GO:0035255),1/11,0.2223784262078615,0.5854807002503853,SQSTM1,GO_Molecular_Function_2023,4.332150776053215,6.512845984951964
Hexosaminidase Activity (GO:0015929),1/11,0.2223784262078615,0.5854807002503853,HEXB,GO_Molecular_Function_2023,4.332150776053215,6.512845984951964
Phosphatidylinositol Phosphate 5-Phosphatase Activity (GO:0034595),1/11,0.2223784262078615,0.5854807002503853,PTPMT1,GO_Molecular_Function_2023,4.332150776053215,6.512845984951964
RHOBTB2 GTPase Cycle R-HSA-9013418,1/23,0.4090686808997726,0.5859848814454668,TWF1,Reactome_2022,1.9679500100786127,1.7590958307332074
BBSome-mediated Cargo-Targeting To Cilium R-HSA-5620922,1/23,0.4090686808997726,0.5859848814454668,BBS9,Reactome_2022,1.9679500100786127,1.7590958307332074
Post-chaperonin Tubulin Folding Pathway R-HSA-389977,1/23,0.4090686808997726,0.5859848814454668,TUBB2A,Reactome_2022,1.9679500100786127,1.7590958307332074
ATPase Binding (GO:0051117),3/73,0.2283405017762808,0.588030175333032,GABARAPL2;ATP6V1E1;METTL21A,GO_Molecular_Function_2023,1.8591791282214445,2.7458538837869706
"Phosphatidylinositol-4,5-Bisphosphate Binding (GO:0005546)",3/73,0.2283405017762808,0.588030175333032,TWF1;CAPG;COMMD1,GO_Molecular_Function_2023,1.8591791282214445,2.7458538837869706
Single-Stranded RNA Binding (GO:0003727),2/43,0.253711493316693,0.588030175333032,CNBP;RBM7,GO_Molecular_Function_2023,2.114579945799458,2.9002680064623823
GTPase Activity (GO:0003924),8/265,0.2519435987121316,0.588030175333032,GNG10;RIT1;RGS2;GNGT2;SAR1B;RGS1;RGS10;RAC3,GO_Molecular_Function_2023,1.3524730956637572,1.8644518281640383
snRNA Binding (GO:0017069),2/43,0.253711493316693,0.588030175333032,LSM8;RBM7,GO_Molecular_Function_2023,2.114579945799458,2.9002680064623823
Sulfate Transmembrane Transporter Activity (GO:0015116),1/13,0.2571494589092296,0.588030175333032,UCP2,GO_Molecular_Function_2023,3.609756097560976,4.902401854149645
Insulin-Like Growth Factor I Binding (GO:0031994),1/12,0.2399623198560257,0.588030175333032,INSR,GO_Molecular_Function_2023,3.938117315057448,5.620769966069832
GDP-dissociation Inhibitor Activity (GO:0005092),1/12,0.2399623198560257,0.588030175333032,ITGB1BP1,GO_Molecular_Function_2023,3.938117315057448,5.620769966069832
"DNA Exonuclease Activity, Producing 5'-Phosphomonoesters (GO:0016895)",1/12,0.2399623198560257,0.588030175333032,TATDN1,GO_Molecular_Function_2023,3.938117315057448,5.620769966069832
Titin Binding (GO:0031432),1/12,0.2399623198560257,0.588030175333032,CALM2,GO_Molecular_Function_2023,3.938117315057448,5.620769966069832
C4-dicarboxylate Transmembrane Transporter Activity (GO:0015556),1/14,0.2739487760453591,0.588030175333032,UCP2,GO_Molecular_Function_2023,3.331911990448576,4.314206754505804
Voltage-Gated Potassium Channel Activity Involved In Cardiac Muscle Cell Action Potential Repolarization (GO:0086008),1/14,0.2739487760453591,0.588030175333032,KCNE3,GO_Molecular_Function_2023,3.331911990448576,4.314206754505804
Acetylgalactosaminyltransferase Activity (GO:0008376),1/14,0.2739487760453591,0.588030175333032,B3GALNT1,GO_Molecular_Function_2023,3.331911990448576,4.314206754505804
NAD+ Binding (GO:0070403),1/12,0.2399623198560257,0.588030175333032,HPGD,GO_Molecular_Function_2023,3.938117315057448,5.620769966069832
NADPH Binding (GO:0070402),1/13,0.2571494589092296,0.588030175333032,CBR4,GO_Molecular_Function_2023,3.609756097560976,4.902401854149645
MHC Class I Protein Binding (GO:0042288),1/13,0.2571494589092296,0.588030175333032,TUBB2A,GO_Molecular_Function_2023,3.609756097560976,4.902401854149645
U6 snRNA Binding (GO:0017070),1/13,0.2571494589092296,0.588030175333032,LSM8,GO_Molecular_Function_2023,3.609756097560976,4.902401854149645
CCR Chemokine Receptor Binding (GO:0048020),2/44,0.2621288501616047,0.588030175333032,CCL24;CNIH4,GO_Molecular_Function_2023,2.0641269841269843,2.7636990471805407
Kinase Activator Activity (GO:0019209),2/44,0.2621288501616047,0.588030175333032,TYROBP;TREM2,GO_Molecular_Function_2023,2.0641269841269843,2.7636990471805407
Ubiquitin Ligase-Substrate Adaptor Activity (GO:1990756),2/44,0.2621288501616047,0.588030175333032,PEF1;PDCD6,GO_Molecular_Function_2023,2.0641269841269843,2.7636990471805407
Insulin-Like Growth Factor Receptor Binding (GO:0005159),1/13,0.2571494589092296,0.588030175333032,INSR,GO_Molecular_Function_2023,3.609756097560976,4.902401854149645
Histone H4 Methyltransferase Activity (GO:0140939),1/13,0.2571494589092296,0.588030175333032,N6AMT1,GO_Molecular_Function_2023,3.609756097560976,4.902401854149645
Purinergic Nucleotide Receptor Activity (GO:0001614),1/14,0.2739487760453591,0.588030175333032,GPR34,GO_Molecular_Function_2023,3.331911990448576,4.314206754505804
Nucleoside Diphosphate Kinase Activity (GO:0004550),1/14,0.2739487760453591,0.588030175333032,NME3,GO_Molecular_Function_2023,3.331911990448576,4.314206754505804
Potassium Channel Regulator Activity (GO:0015459),2/45,0.2705477373297945,0.588030175333032,KCNE3;SUMO1,GO_Molecular_Function_2023,2.0160206718346254,2.6355573682230937
Ribonucleoside Triphosphate Phosphatase Activity (GO:0017111),8/270,0.2678395207867921,0.588030175333032,GNG10;RIT1;RGS2;GNGT2;SAR1B;RGS1;RGS10;RAC3,GO_Molecular_Function_2023,1.326318685097311,1.74724883974016
Ubiquitin Binding (GO:0043130),3/80,0.2707999120932149,0.588030175333032,UBXN7;UBE2A;SQSTM1,GO_Molecular_Function_2023,1.689555433430712,2.2071930850515704
Protein Kinase Inhibitor Activity (GO:0004860),2/45,0.2705477373297945,0.588030175333032,CDKN1C;CIB1,GO_Molecular_Function_2023,2.0160206718346254,2.6355573682230937
LRR Domain Binding (GO:0030275),1/12,0.2399623198560257,0.588030175333032,POLR2J,GO_Molecular_Function_2023,3.938117315057448,5.620769966069832
Neural Crest Cell Differentiation (GO:0014033),2/18,0.0614381565611453,0.5893047670150674,PEF1;PDCD6,GO_Biological_Process_2023,5.425555555555556,15.135803601831176
Actin Filament Capping (GO:0051693),2/18,0.0614381565611453,0.5893047670150674,TWF1;CAPG,GO_Biological_Process_2023,5.425555555555556,15.135803601831176
Negative Regulation Of Nervous System Development (GO:0051961),2/18,0.0614381565611453,0.5893047670150674,IL6;B2M,GO_Biological_Process_2023,5.425555555555556,15.135803601831176
Endothelial Cell Proliferation (GO:0001935),2/18,0.0614381565611453,0.5893047670150674,ITGB1BP1;THAP1,GO_Biological_Process_2023,5.425555555555556,15.135803601831176
Negative Regulation Of Lipid Storage (GO:0010888),2/18,0.0614381565611453,0.5893047670150674,IL6;TREM2,GO_Biological_Process_2023,5.425555555555556,15.135803601831176
Barbed-End Actin Filament Capping (GO:0051016),2/18,0.0614381565611453,0.5893047670150674,TWF1;CAPG,GO_Biological_Process_2023,5.425555555555556,15.135803601831176
Regulation Of Lymphocyte Activation (GO:0051249),2/18,0.0614381565611453,0.5893047670150674,CLEC7A;KLRD1,GO_Biological_Process_2023,5.425555555555556,15.135803601831176
Regulation Of cAMP-mediated Signaling (GO:0043949),2/18,0.0614381565611453,0.5893047670150674,POMC;UBE2B,GO_Biological_Process_2023,5.425555555555556,15.135803601831176
Positive Regulation Of Cytokine Production Involved In Inflammatory Response (GO:1900017),2/18,0.0614381565611453,0.5893047670150674,IL6;CLEC7A,GO_Biological_Process_2023,5.425555555555556,15.135803601831176
Positive Regulation Of Natural Killer Cell Activation (GO:0032816),2/18,0.0614381565611453,0.5893047670150674,TYROBP;IL18,GO_Biological_Process_2023,5.425555555555556,15.135803601831176
Response To Axon Injury (GO:0048678),2/18,0.0614381565611453,0.5893047670150674,TYROBP;TREM2,GO_Biological_Process_2023,5.425555555555556,15.135803601831176
Monocarboxylic Acid Biosynthetic Process (GO:0072330),4/65,0.0593746077957715,0.5893047670150674,CYP27A1;SRR;HSD17B10;CBR4,GO_Biological_Process_2023,2.8523126463700232,8.054613229024506
Cellular Response To Heat (GO:0034605),3/40,0.0612453413084945,0.5893047670150674,SUMO1;HSBP1;PDCD6,GO_Biological_Process_2023,3.523325106844038,9.8401801571872
Positive Regulation Of NF-kappaB Transcription Factor Activity (GO:0051092),7/152,0.0575431931107686,0.5893047670150674,PSMA6;IL6;CLEC7A;IL18;RPS3;CIB1;LAMTOR5,GO_Biological_Process_2023,2.1049360712901977,6.010054366796323
Chemokine Activity (GO:0008009),2/46,0.2789637960207963,0.5950050586013186,CCL24;PF4,GO_Molecular_Function_2023,1.97010101010101,2.5151752967216146
Acidic Amino Acid Transmembrane Transporter Activity (GO:0015172),1/15,0.2903690032661203,0.5966728908578205,UCP2,GO_Molecular_Function_2023,3.0937598986379475,3.825751966916572
Insulin-Like Growth Factor Binding (GO:0005520),1/15,0.2903690032661203,0.5966728908578205,INSR,GO_Molecular_Function_2023,3.0937598986379475,3.825751966916572
Phosphatase Activity (GO:0016791),3/83,0.2892689468604313,0.5966728908578205,DUSP12;NANP;PTPMT1,GO_Molecular_Function_2023,1.625946547884187,2.01682151541807
Protein Phosphatase Activator Activity (GO:0072542),1/15,0.2903690032661203,0.5966728908578205,CALM2,GO_Molecular_Function_2023,3.0937598986379475,3.825751966916572
"Oxidoreductase Activity, Acting On NAD(P)H, Quinone Or Similar Compound As Acceptor (GO:0016655)",1/15,0.2903690032661203,0.5966728908578205,CBR4,GO_Molecular_Function_2023,3.0937598986379475,3.825751966916572
DNA Nuclease Activity (GO:0004536),1/15,0.2903690032661203,0.5966728908578205,RPS3,GO_Molecular_Function_2023,3.0937598986379475,3.825751966916572
Synthesis Of Substrates In N-glycan Biosythesis R-HSA-446219,2/63,0.4182322629775563,0.5979414384757251,NANP;ST3GAL6,Reactome_2022,1.4198178506375227,1.2376812708197162
Synthesis Of Bile Acids And Bile Salts Via 7Alpha-Hydroxycholesterol R-HSA-193368,1/24,0.4224390794026658,0.5981149054598672,CYP27A1,Reactome_2022,1.882290562036055,1.6219886629757825
APC/C:Cdc20 Mediated Degradation Of Cyclin B R-HSA-174048,1/24,0.4224390794026658,0.5981149054598672,CDC26,Reactome_2022,1.882290562036055,1.6219886629757825
Defective Intrinsic Pathway For Apoptosis R-HSA-9734009,1/24,0.4224390794026658,0.5981149054598672,PRDX2,Reactome_2022,1.882290562036055,1.6219886629757825
Interleukin-6 Family Signaling R-HSA-6783589,1/24,0.4224390794026658,0.5981149054598672,IL6,Reactome_2022,1.882290562036055,1.6219886629757825
Sema4D In Semaphorin Signaling R-HSA-400685,1/24,0.4224390794026658,0.5981149054598672,MYL6,Reactome_2022,1.882290562036055,1.6219886629757825
Fertilization R-HSA-1187000,1/25,0.4355076130355699,0.6107118251763165,CD9,Reactome_2022,1.8037694013303769,1.4993706915444824
Inactivation Of CSF3 (G-CSF) Signaling R-HSA-9705462,1/25,0.4355076130355699,0.6107118251763165,RNF7,Reactome_2022,1.8037694013303769,1.4993706915444824
Cytochrome P450 - Arranged By Substrate Type R-HSA-211897,2/65,0.433804165085015,0.6107118251763165,CYP27A1;POMC,Reactome_2022,1.3746031746031746,1.14801644543255
Cell Recruitment (Pro-Inflammatory Response) R-HSA-9664424,1/25,0.4355076130355699,0.6107118251763165,IL18,Reactome_2022,1.8037694013303769,1.4993706915444824
FOXO-mediated Transcription R-HSA-9614085,2/65,0.433804165085015,0.6107118251763165,POMC;FOXO4,Reactome_2022,1.3746031746031746,1.14801644543255
Interleukin-4 And Interleukin-13 Signaling R-HSA-6785807,3/107,0.4365595073648432,0.6110163659484995,POMC;IL6;IL18,Reactome_2022,1.2491862258009252,1.0353637497455912
Sensory Processing Of Sound By Inner Hair Cells Of Cochlea R-HSA-9662360,2/67,0.4491495846790334,0.6168433320545075,CIB2;TWF1,Reactome_2022,1.33217094017094,1.0662686826504266
Constitutive Signaling By AKT1 E17K In Cancer R-HSA-5674400,1/26,0.4482810821729101,0.6168433320545075,FOXO4,Reactome_2022,1.731529933481153,1.389266770915738
Formation Of Tubulin Folding Intermediates By CCT/TriC R-HSA-389960,1/26,0.4482810821729101,0.6168433320545075,TUBB2A,Reactome_2022,1.731529933481153,1.389266770915738
Infection With Mycobacterium Tuberculosis R-HSA-9635486,1/26,0.4482810821729101,0.6168433320545075,B2M,Reactome_2022,1.731529933481153,1.389266770915738
APC-Cdc20 Mediated Degradation Of Nek2A R-HSA-179409,1/26,0.4482810821729101,0.6168433320545075,CDC26,Reactome_2022,1.731529933481153,1.389266770915738
RNA Polymerase II Transcription Termination R-HSA-73856,2/67,0.4491495846790334,0.6168433320545075,CSTF3;THOC7,Reactome_2022,1.33217094017094,1.0662686826504266
Pyroptosis R-HSA-5620971,1/26,0.4482810821729101,0.6168433320545075,IL18,Reactome_2022,1.731529933481153,1.389266770915738
Sulfur Amino Acid Metabolism R-HSA-1614635,1/26,0.4482810821729101,0.6168433320545075,ADI1,Reactome_2022,1.731529933481153,1.389266770915738
WNT Ligand Biogenesis And Trafficking R-HSA-3238698,1/26,0.4482810821729101,0.6168433320545075,VPS29,Reactome_2022,1.731529933481153,1.389266770915738
Attenuation Phase R-HSA-3371568,1/26,0.4482810821729101,0.6168433320545075,HSBP1,Reactome_2022,1.731529933481153,1.389266770915738
Retrograde endocannabinoid signaling,7/148,0.0512405396326327,0.6177331722378506,NDUFB9;GNG10;GNGT2;NDUFB6;NDUFS4;NDUFB3;NDUFV2,KEGG_2021_Human,2.165096820463782,6.43298822102429
Fatty Acid Beta-Oxidation Using acyl-CoA Dehydrogenase (GO:0033539),1/10,0.204388639977025,0.6196692824307878,ACADM,GO_Biological_Process_2023,4.813747228381375,7.642940512529682
Positive Regulation Of Toll-Like Receptor 4 Signaling Pathway (GO:0034145),1/10,0.204388639977025,0.6196692824307878,NINJ1,GO_Biological_Process_2023,4.813747228381375,7.642940512529682
Positive Regulation Of Voltage-Gated Potassium Channel Activity (GO:1903818),1/10,0.204388639977025,0.6196692824307878,TREM2,GO_Biological_Process_2023,4.813747228381375,7.642940512529682
"Regulation Of Phagocytosis, Engulfment (GO:0060099)",1/10,0.204388639977025,0.6196692824307878,TREM2,GO_Biological_Process_2023,4.813747228381375,7.642940512529682
Regulation Of Phospholipase Activity (GO:0010517),1/10,0.204388639977025,0.6196692824307878,RGS2,GO_Biological_Process_2023,4.813747228381375,7.642940512529682
Cellular Response To Increased Oxygen Levels (GO:0036295),1/10,0.204388639977025,0.6196692824307878,CCDC115,GO_Biological_Process_2023,4.813747228381375,7.642940512529682
Cellular Response To Interleukin-15 (GO:0071350),1/10,0.204388639977025,0.6196692824307878,IL15,GO_Biological_Process_2023,4.813747228381375,7.642940512529682
Regulation Of Toll-Like Receptor 2 Signaling Pathway (GO:0034135),1/10,0.204388639977025,0.6196692824307878,TREM2,GO_Biological_Process_2023,4.813747228381375,7.642940512529682
Removal Of Superoxide Radicals (GO:0019430),1/10,0.204388639977025,0.6196692824307878,PRDX2,GO_Biological_Process_2023,4.813747228381375,7.642940512529682
Coenzyme A Biosynthetic Process (GO:0015937),1/10,0.204388639977025,0.6196692824307878,PPCDC,GO_Biological_Process_2023,4.813747228381375,7.642940512529682
Response To Corticosteroid (GO:0031960),1/10,0.204388639977025,0.6196692824307878,IL6,GO_Biological_Process_2023,4.813747228381375,7.642940512529682
Ribonucleoside Bisphosphate Biosynthetic Process (GO:0034030),1/10,0.204388639977025,0.6196692824307878,PPCDC,GO_Biological_Process_2023,4.813747228381375,7.642940512529682
Serine Family Amino Acid Biosynthetic Process (GO:0009070),1/10,0.204388639977025,0.6196692824307878,SRR,GO_Biological_Process_2023,4.813747228381375,7.642940512529682
Small Nucleolar Ribonucleoprotein Complex Assembly (GO:0000491),1/10,0.204388639977025,0.6196692824307878,ZNHIT3,GO_Biological_Process_2023,4.813747228381375,7.642940512529682
Engulfment Of Apoptotic Cell (GO:0043652),1/10,0.204388639977025,0.6196692824307878,RAC3,GO_Biological_Process_2023,4.813747228381375,7.642940512529682
Interleukin-15-Mediated Signaling Pathway (GO:0035723),1/10,0.204388639977025,0.6196692824307878,IL15,GO_Biological_Process_2023,4.813747228381375,7.642940512529682
Vacuole Fusion (GO:0097576),1/10,0.204388639977025,0.6196692824307878,CHMP1B,GO_Biological_Process_2023,4.813747228381375,7.642940512529682
tRNA 3'-End Processing (GO:0042780),1/6,0.1281803606254961,0.6196692824307878,HSD17B10,GO_Biological_Process_2023,8.666518847006651,17.80377647372595
Ganglioside Catabolic Process (GO:0006689),1/6,0.1281803606254961,0.6196692824307878,HEXB,GO_Biological_Process_2023,8.666518847006651,17.80377647372595
Glucan Catabolic Process (GO:0009251),1/6,0.1281803606254961,0.6196692824307878,STBD1,GO_Biological_Process_2023,8.666518847006651,17.80377647372595
Glutathione Biosynthetic Process (GO:0006750),1/6,0.1281803606254961,0.6196692824307878,HAGH,GO_Biological_Process_2023,8.666518847006651,17.80377647372595
Tubulin Complex Assembly (GO:0007021),1/6,0.1281803606254961,0.6196692824307878,VBP1,GO_Biological_Process_2023,8.666518847006651,17.80377647372595
Glycogen Catabolic Process (GO:0005980),1/6,0.1281803606254961,0.6196692824307878,STBD1,GO_Biological_Process_2023,8.666518847006651,17.80377647372595
Histidine Catabolic Process (GO:0006548),1/6,0.1281803606254961,0.6196692824307878,HNMT,GO_Biological_Process_2023,8.666518847006651,17.80377647372595
Histidine Metabolic Process (GO:0006547),1/6,0.1281803606254961,0.6196692824307878,HNMT,GO_Biological_Process_2023,8.666518847006651,17.80377647372595
Histone H2A-K119 Monoubiquitination (GO:0036353),1/6,0.1281803606254961,0.6196692824307878,PCGF1,GO_Biological_Process_2023,8.666518847006651,17.80377647372595
Interleukin-3-Mediated Signaling Pathway (GO:0038156),1/6,0.1281803606254961,0.6196692824307878,FCER1G,GO_Biological_Process_2023,8.666518847006651,17.80377647372595
Keratinocyte Proliferation (GO:0043616),1/6,0.1281803606254961,0.6196692824307878,KLK8,GO_Biological_Process_2023,8.666518847006651,17.80377647372595
Mitochondrial tRNA Processing (GO:0090646),1/6,0.1281803606254961,0.6196692824307878,HSD17B10,GO_Biological_Process_2023,8.666518847006651,17.80377647372595
Negative Regulation Of Double-Strand Break Repair Via Nonhomologous End Joining (GO:2001033),1/6,0.1281803606254961,0.6196692824307878,NUDT16L1,GO_Biological_Process_2023,8.666518847006651,17.80377647372595
Negative Regulation Of miRNA Processing (GO:1903799),1/6,0.1281803606254961,0.6196692824307878,IL6,GO_Biological_Process_2023,8.666518847006651,17.80377647372595
Positive Regulation Of Interleukin-13 Production (GO:0032736),1/10,0.204388639977025,0.6196692824307878,IL18,GO_Biological_Process_2023,4.813747228381375,7.642940512529682
Regulation Of Glial Cell Apoptotic Process (GO:0034350),1/6,0.1281803606254961,0.6196692824307878,TREM2,GO_Biological_Process_2023,8.666518847006651,17.80377647372595
Regulation Of Glucocorticoid Receptor Signaling Pathway (GO:2000322),1/6,0.1281803606254961,0.6196692824307878,PER1,GO_Biological_Process_2023,8.666518847006651,17.80377647372595
Aggrephagy (GO:0035973),1/6,0.1281803606254961,0.6196692824307878,SQSTM1,GO_Biological_Process_2023,8.666518847006651,17.80377647372595
Regulation Of Microglial Cell Migration (GO:1904139),1/6,0.1281803606254961,0.6196692824307878,TREM2,GO_Biological_Process_2023,8.666518847006651,17.80377647372595
Antigen Processing And Presentation Of Exogenous Peptide Antigen Via MHC Class I (GO:0042590),1/6,0.1281803606254961,0.6196692824307878,FCER1G,GO_Biological_Process_2023,8.666518847006651,17.80377647372595
Regulation Of Oxidative Stress-Induced Neuron Intrinsic Apoptotic Signaling Pathway (GO:1903376),1/6,0.1281803606254961,0.6196692824307878,TREM2,GO_Biological_Process_2023,8.666518847006651,17.80377647372595
Regulation Of Phospholipid Transport (GO:2001138),1/6,0.1281803606254961,0.6196692824307878,TRIAP1,GO_Biological_Process_2023,8.666518847006651,17.80377647372595
Calcitonin Family Receptor Signaling Pathway (GO:0097646),1/6,0.1281803606254961,0.6196692824307878,RAMP1,GO_Biological_Process_2023,8.666518847006651,17.80377647372595
Regulation Of Potassium Ion Export Across Plasma Membrane (GO:1903764),1/6,0.1281803606254961,0.6196692824307878,KCNE3,GO_Biological_Process_2023,8.666518847006651,17.80377647372595
Regulation Of Smooth Muscle Cell Differentiation (GO:0051150),1/6,0.1281803606254961,0.6196692824307878,FOXO4,GO_Biological_Process_2023,8.666518847006651,17.80377647372595
Regulation Of Transforming Growth Factor Beta1 Production (GO:0032908),1/6,0.1281803606254961,0.6196692824307878,TYROBP,GO_Biological_Process_2023,8.666518847006651,17.80377647372595
Regulation Of Vascular Associated Smooth Muscle Cell Apoptotic Process (GO:1905459),1/6,0.1281803606254961,0.6196692824307878,PDCD4,GO_Biological_Process_2023,8.666518847006651,17.80377647372595
Regulation Of Vascular Associated Smooth Muscle Cell Differentiation (GO:1905063),1/6,0.1281803606254961,0.6196692824307878,PDCD4,GO_Biological_Process_2023,8.666518847006651,17.80377647372595
Cholesterol Catabolic Process (GO:0006707),1/6,0.1281803606254961,0.6196692824307878,CYP27A1,GO_Biological_Process_2023,8.666518847006651,17.80377647372595
Response To Increased Oxygen Levels (GO:0036296),1/6,0.1281803606254961,0.6196692824307878,CCDC115,GO_Biological_Process_2023,8.666518847006651,17.80377647372595
Positive Regulation Of Chemokine Production (GO:0032722),3/53,0.1177900236050035,0.6196692824307878,IL6;CLEC7A;IL18,GO_Biological_Process_2023,2.605523385300668,5.572828123635761
Negative Regulation Of Protein Catabolic Process (GO:0042177),3/54,0.1227459568380059,0.6196692824307878,CST3;GABARAPL2;ATRAID,GO_Biological_Process_2023,2.5543036813834665,5.358005617685697
Negative Regulation Of Protein Ubiquitination (GO:0031397),3/54,0.1227459568380059,0.6196692824307878,SUMO1;RPS3;SQSTM1,GO_Biological_Process_2023,2.5543036813834665,5.358005617685697
GPI Anchor Metabolic Process (GO:0006505),2/27,0.1236696002437905,0.6196692824307878,PIGC;PIGP,GO_Biological_Process_2023,3.470755555555556,7.25437120759319
Regulation Of Immunoglobulin Production (GO:0002637),2/27,0.1236696002437905,0.6196692824307878,IL6;DNAJB9,GO_Biological_Process_2023,3.470755555555556,7.25437120759319
Regulation Of Peptidase Activity (GO:0052547),2/27,0.1236696002437905,0.6196692824307878,CST3;PSMA3,GO_Biological_Process_2023,3.470755555555556,7.25437120759319
Cellular Response To Acid Chemical (GO:0071229),2/27,0.1236696002437905,0.6196692824307878,LAMTOR3;LAMTOR5,GO_Biological_Process_2023,3.470755555555556,7.25437120759319
Iron-Sulfur Cluster Assembly (GO:0016226),2/27,0.1236696002437905,0.6196692824307878,LYRM4;BOLA1,GO_Biological_Process_2023,3.470755555555556,7.25437120759319
mRNA Modification (GO:0016556),2/27,0.1236696002437905,0.6196692824307878,PUS3;WTAP,GO_Biological_Process_2023,3.470755555555556,7.25437120759319
Metallo-Sulfur Cluster Assembly (GO:0031163),2/27,0.1236696002437905,0.6196692824307878,LYRM4;BOLA1,GO_Biological_Process_2023,3.470755555555556,7.25437120759319
Negative Regulation Of Neurogenesis (GO:0050768),2/27,0.1236696002437905,0.6196692824307878,IL6;B2M,GO_Biological_Process_2023,3.470755555555556,7.25437120759319
Positive Regulation Of Nitric Oxide Biosynthetic Process (GO:0045429),2/27,0.1236696002437905,0.6196692824307878,CLEC7A;INSR,GO_Biological_Process_2023,3.470755555555556,7.25437120759319
Cellular Response To Oxidative Stress (GO:0034599),5/117,0.1260571763493808,0.6196692824307878,PRDX2;CHCHD2;RPS3;MPV17;SQSTM1,GO_Biological_Process_2023,1.941115372323426,4.020088165198525
Positive Regulation Of Protein Serine/Threonine Kinase Activity (GO:0071902),5/117,0.1260571763493808,0.6196692824307878,PSMD10;INSR;CIB1;CAMK1;CALM2,GO_Biological_Process_2023,1.941115372323426,4.020088165198525
Defense Response To Gram-positive Bacterium (GO:0050830),4/85,0.1263509621899288,0.6196692824307878,IL6;PPP1R11;IL18;RNASE6,GO_Biological_Process_2023,2.145833333333333,4.439067884999036
Positive Regulation Of Tyrosine Phosphorylation Of STAT Protein (GO:0042531),3/55,0.1277766503644855,0.6196692824307878,IL6;IL15;IL18,GO_Biological_Process_2023,2.505053966078465,5.154077036543444
Late Endosome To Vacuole Transport Via Multivesicular Body Sorting Pathway (GO:0032511),2/25,0.108794174782965,0.6196692824307878,TMEM50A;VTA1,GO_Biological_Process_2023,3.7729468599033815,8.369518536366554
Negative Regulation Of Intracellular Protein Transport (GO:0090317),2/25,0.108794174782965,0.6196692824307878,SUMO1;ITGB1BP1,GO_Biological_Process_2023,3.7729468599033815,8.369518536366554
Negative Regulation Of Proteolysis Involved In Protein Catabolic Process (GO:1903051),2/25,0.108794174782965,0.6196692824307878,RPL5;GABARAPL2,GO_Biological_Process_2023,3.7729468599033815,8.369518536366554
Osteoclast Differentiation (GO:0030316),2/25,0.108794174782965,0.6196692824307878,TYROBP;TREM2,GO_Biological_Process_2023,3.7729468599033815,8.369518536366554
Purine Ribonucleotide Catabolic Process (GO:0009154),2/25,0.108794174782965,0.6196692824307878,NUDT7;PNP,GO_Biological_Process_2023,3.7729468599033815,8.369518536366554
Regulation Of Interleukin-8 Production (GO:0032677),4/81,0.1110707568606876,0.6196692824307878,IL6;CLEC7A;TMSB4X;LAMTOR5,GO_Biological_Process_2023,2.2577690166975883,4.961645717565228
Negative Regulation Of NF-kappaB Transcription Factor Activity (GO:0032088),4/81,0.1110707568606876,0.6196692824307878,PSMD10;TMSB4X;COMMD1;COMMD6,GO_Biological_Process_2023,2.2577690166975883,4.961645717565228
Positive Regulation Of Growth (GO:0045927),4/81,0.1110707568606876,0.6196692824307878,N6AMT1;PSMD10;INSR;CIB1,GO_Biological_Process_2023,2.2577690166975883,4.961645717565228
Regulation Of Protein Ubiquitination (GO:0031396),5/113,0.1132595521247452,0.6196692824307878,PSMD10;SUMO1;RPS3;COMMD1;SQSTM1,GO_Biological_Process_2023,2.0134228187919465,4.385382226919818
Positive Regulation Of Tumor Necrosis Factor Superfamily Cytokine Production (GO:1903557),4/82,0.1148097350736681,0.6196692824307878,IL6;TYROBP;CLEC7A;PF4,GO_Biological_Process_2023,2.228708791208791,4.8239933721180615
Dendritic Spine Organization (GO:0097061),2/26,0.1161707738249227,0.6196692824307878,INSR;TREM2,GO_Biological_Process_2023,3.6155555555555554,7.783184687247571
Mitotic G1 DNA Damage Checkpoint Signaling (GO:0031571),2/26,0.1161707738249227,0.6196692824307878,RPS27L;TRIAP1,GO_Biological_Process_2023,3.6155555555555554,7.783184687247571
Negative Regulation Of Protein Metabolic Process (GO:0051248),6/147,0.1167021025661628,0.6196692824307878,CST3;VBP1;RPS3;TREM2;PAIP2;ATRAID,GO_Biological_Process_2023,1.851636294246732,3.977556811500528
Regulation Of Proteasomal Protein Catabolic Process (GO:0061136),3/53,0.1177900236050035,0.6196692824307878,GABARAPL2;TREM2;COMMD1,GO_Biological_Process_2023,2.605523385300668,5.572828123635761
Endosome Organization (GO:0007032),3/53,0.1177900236050035,0.6196692824307878,ATP6AP2;SQSTM1;ATP6V1F,GO_Biological_Process_2023,2.605523385300668,5.572828123635761
Negative Regulation Of Cysteine-Type Endopeptidase Activity (GO:2000117),3/53,0.1177900236050035,0.6196692824307878,CST3;TRIAP1;LAMTOR5,GO_Biological_Process_2023,2.605523385300668,5.572828123635761
Positive Regulation Of Lipoprotein Particle Clearance (GO:0010986),1/5,0.1080165242282155,0.6196692824307878,TREM2,GO_Biological_Process_2023,10.83370288248337,24.11009225329729
Positive Regulation Of Microglial Cell Activation (GO:1903980),1/5,0.1080165242282155,0.6196692824307878,TREM2,GO_Biological_Process_2023,10.83370288248337,24.11009225329729
Positive Regulation Of Microglial Cell Migration (GO:1904141),1/5,0.1080165242282155,0.6196692824307878,TREM2,GO_Biological_Process_2023,10.83370288248337,24.11009225329729
Positive Regulation Of Receptor Binding (GO:1900122),1/5,0.1080165242282155,0.6196692824307878,B2M,GO_Biological_Process_2023,10.83370288248337,24.11009225329729
Protein Targeting To Vacuole Involved In Autophagy (GO:0071211),1/5,0.1080165242282155,0.6196692824307878,SQSTM1,GO_Biological_Process_2023,10.83370288248337,24.11009225329729
Protein Ufmylation (GO:0071569),1/5,0.1080165242282155,0.6196692824307878,UFC1,GO_Biological_Process_2023,10.83370288248337,24.11009225329729
Purine Deoxyribonucleotide Catabolic Process (GO:0009155),1/5,0.1080165242282155,0.6196692824307878,PNP,GO_Biological_Process_2023,10.83370288248337,24.11009225329729
Purine Ribonucleoside Catabolic Process (GO:0046130),1/5,0.1080165242282155,0.6196692824307878,PNP,GO_Biological_Process_2023,10.83370288248337,24.11009225329729
Regulation Of Apoptotic DNA Fragmentation (GO:1902510),1/5,0.1080165242282155,0.6196692824307878,IL6,GO_Biological_Process_2023,10.83370288248337,24.11009225329729
Regulation Of Blood Vessel Remodeling (GO:0060312),1/5,0.1080165242282155,0.6196692824307878,CST3,GO_Biological_Process_2023,10.83370288248337,24.11009225329729
Positive Regulation Of Protein Localization To Cell Periphery (GO:1904377),3/51,0.10811217607897,0.6196692824307878,CIB1;TREM2;SQSTM1,GO_Biological_Process_2023,2.714365256124722,6.038338740017425
Positive Regulation Of Protein Localization To Plasma Membrane (GO:1903078),3/51,0.10811217607897,0.6196692824307878,CIB1;TREM2;SQSTM1,GO_Biological_Process_2023,2.714365256124722,6.038338740017425
Receptor Internalization (GO:0031623),3/51,0.10811217607897,0.6196692824307878,FCER1G;CD9;RAMP1,GO_Biological_Process_2023,2.714365256124722,6.038338740017425
RNA Polyadenylation (GO:0043631),2/25,0.108794174782965,0.6196692824307878,CSTF3;SSU72,GO_Biological_Process_2023,3.7729468599033815,8.369518536366554
Bile Acid Biosynthetic Process (GO:0006699),2/25,0.108794174782965,0.6196692824307878,CYP27A1;HSD17B10,GO_Biological_Process_2023,3.7729468599033815,8.369518536366554
Regulation Of Platelet Aggregation (GO:0090330),2/25,0.108794174782965,0.6196692824307878,IL6;CD9,GO_Biological_Process_2023,3.7729468599033815,8.369518536366554
Leukocyte Chemotaxis Involved In Inflammatory Response (GO:0002232),1/5,0.1080165242282155,0.6196692824307878,NINJ1,GO_Biological_Process_2023,10.83370288248337,24.11009225329729
Medium-Chain fatty-acyl-CoA Metabolic Process (GO:0036112),1/5,0.1080165242282155,0.6196692824307878,NUDT7,GO_Biological_Process_2023,10.83370288248337,24.11009225329729
Mitochondrial RNA 3'-End Processing (GO:0000965),1/5,0.1080165242282155,0.6196692824307878,HSD17B10,GO_Biological_Process_2023,10.83370288248337,24.11009225329729
Mitochondrial Protein Catabolic Process (GO:0035694),1/5,0.1080165242282155,0.6196692824307878,BNIP3L,GO_Biological_Process_2023,10.83370288248337,24.11009225329729
Multinuclear Osteoclast Differentiation (GO:0072674),1/5,0.1080165242282155,0.6196692824307878,TCTA,GO_Biological_Process_2023,10.83370288248337,24.11009225329729
Negative Regulation Of B Cell Receptor Signaling Pathway (GO:0050859),1/5,0.1080165242282155,0.6196692824307878,LPXN,GO_Biological_Process_2023,10.83370288248337,24.11009225329729
Negative Regulation Of Astrocyte Differentiation (GO:0048712),1/5,0.1080165242282155,0.6196692824307878,TREM2,GO_Biological_Process_2023,10.83370288248337,24.11009225329729
Negative Regulation Of Endoplasmic Reticulum Calcium Ion Concentration (GO:0032471),1/5,0.1080165242282155,0.6196692824307878,FIS1,GO_Biological_Process_2023,10.83370288248337,24.11009225329729
Negative Regulation Of Fibroblast Migration (GO:0010764),1/5,0.1080165242282155,0.6196692824307878,ITGB1BP1,GO_Biological_Process_2023,10.83370288248337,24.11009225329729
Negative Regulation Of Glucocorticoid Receptor Signaling Pathway (GO:2000323),1/5,0.1080165242282155,0.6196692824307878,PER1,GO_Biological_Process_2023,10.83370288248337,24.11009225329729
Negative Regulation Of Protein Targeting To Membrane (GO:0090315),1/5,0.1080165242282155,0.6196692824307878,ITGB1BP1,GO_Biological_Process_2023,10.83370288248337,24.11009225329729
Negative Regulation Of Sequestering Of Triglyceride (GO:0010891),1/5,0.1080165242282155,0.6196692824307878,TREM2,GO_Biological_Process_2023,10.83370288248337,24.11009225329729
Negative Regulation Of Toll-Like Receptor 2 Signaling Pathway (GO:0034136),1/5,0.1080165242282155,0.6196692824307878,TREM2,GO_Biological_Process_2023,10.83370288248337,24.11009225329729
Pexophagy (GO:0000425),1/5,0.1080165242282155,0.6196692824307878,SQSTM1,GO_Biological_Process_2023,10.83370288248337,24.11009225329729
Positive Regulation Of NK T Cell Proliferation (GO:0051142),1/5,0.1080165242282155,0.6196692824307878,IL18,GO_Biological_Process_2023,10.83370288248337,24.11009225329729
Positive Regulation Of T-helper 2 Cell Differentiation (GO:0045630),1/5,0.1080165242282155,0.6196692824307878,IL18,GO_Biological_Process_2023,10.83370288248337,24.11009225329729
Blood Vessel Endothelial Cell Proliferation Involved In Sprouting Angiogenesis (GO:0002043),1/5,0.1080165242282155,0.6196692824307878,ITGB1BP1,GO_Biological_Process_2023,10.83370288248337,24.11009225329729
Regulation Of Plasma Membrane Repair (GO:1905684),1/5,0.1080165242282155,0.6196692824307878,S100A10,GO_Biological_Process_2023,10.83370288248337,24.11009225329729
Regulation Of Resting Membrane Potential (GO:0060075),1/5,0.1080165242282155,0.6196692824307878,TREM2,GO_Biological_Process_2023,10.83370288248337,24.11009225329729
Regulation Of Tetrapyrrole Biosynthetic Process (GO:1901463),1/5,0.1080165242282155,0.6196692824307878,TMEM14C,GO_Biological_Process_2023,10.83370288248337,24.11009225329729
Chemokine (C-X-C Motif) Ligand 12 Signaling Pathway (GO:0038146),1/5,0.1080165242282155,0.6196692824307878,TREM2,GO_Biological_Process_2023,10.83370288248337,24.11009225329729
Response To Peptidoglycan (GO:0032494),1/5,0.1080165242282155,0.6196692824307878,IL6,GO_Biological_Process_2023,10.83370288248337,24.11009225329729
snoRNA Localization (GO:0048254),1/5,0.1080165242282155,0.6196692824307878,ZNHIT3,GO_Biological_Process_2023,10.83370288248337,24.11009225329729
succinyl-CoA Catabolic Process (GO:1901289),1/5,0.1080165242282155,0.6196692824307878,NUDT7,GO_Biological_Process_2023,10.83370288248337,24.11009225329729
fatty-acyl-CoA Catabolic Process (GO:0036115),1/5,0.1080165242282155,0.6196692824307878,NUDT7,GO_Biological_Process_2023,10.83370288248337,24.11009225329729
tRNA Pseudouridine Synthesis (GO:0031119),1/5,0.1080165242282155,0.6196692824307878,PUS3,GO_Biological_Process_2023,10.83370288248337,24.11009225329729
tRNA Transport (GO:0051031),1/5,0.1080165242282155,0.6196692824307878,TOMM20,GO_Biological_Process_2023,10.83370288248337,24.11009225329729
Vascular Endothelial Growth Factor Receptor-2 Signaling Pathway (GO:0036324),1/5,0.1080165242282155,0.6196692824307878,PDCD6,GO_Biological_Process_2023,10.83370288248337,24.11009225329729
Histamine Metabolic Process (GO:0001692),1/5,0.1080165242282155,0.6196692824307878,HNMT,GO_Biological_Process_2023,10.83370288248337,24.11009225329729
Inflammatory Response To Wounding (GO:0090594),1/5,0.1080165242282155,0.6196692824307878,IL6,GO_Biological_Process_2023,10.83370288248337,24.11009225329729
Isoleucine Metabolic Process (GO:0006549),1/5,0.1080165242282155,0.6196692824307878,HSD17B10,GO_Biological_Process_2023,10.83370288248337,24.11009225329729
Leukocyte Apoptotic Process (GO:0071887),1/5,0.1080165242282155,0.6196692824307878,IL6,GO_Biological_Process_2023,10.83370288248337,24.11009225329729
Negative Regulation Of Actin Filament Polymerization (GO:0030837),2/23,0.0944465420828477,0.6196692824307878,TMSB4X;TWF1,GO_Biological_Process_2023,4.132698412698413,9.752016457661547
Positive Regulation Of Epithelial Cell Apoptotic Process (GO:1904037),2/23,0.0944465420828477,0.6196692824307878,IL6;PDCD4,GO_Biological_Process_2023,4.132698412698413,9.752016457661547
Protein Targeting To ER (GO:0045047),2/23,0.0944465420828477,0.6196692824307878,SPCS1;SRP14,GO_Biological_Process_2023,4.132698412698413,9.752016457661547
Regulation Of Transcription Elongation By RNA Polymerase II (GO:0034243),4/77,0.0966803157052099,0.6196692824307878,MED11;MED10;MED21;MED31,GO_Biological_Process_2023,2.3819716242661446,5.565108584692652
Positive Regulation Of Translation (GO:0045727),5/108,0.0981988295883687,0.6196692824307878,RPL5;NGRN;IL6;CNBP;RPS27L,GO_Biological_Process_2023,2.111704784865663,4.900762070947038
Positive Regulation Of Tumor Necrosis Factor Production (GO:0032760),4/78,0.1001913124081856,0.6196692824307878,IL6;TYROBP;CLEC7A;PF4,GO_Biological_Process_2023,2.3496621621621623,5.405806167356905
Regulation Of TOR Signaling (GO:0032006),4/78,0.1001913124081856,0.6196692824307878,PDCD6;TREM2;LAMTOR3;LAMTOR5,GO_Biological_Process_2023,2.3496621621621623,5.405806167356905
mRNA Polyadenylation (GO:0006378),2/24,0.1015494294508058,0.6196692824307878,CSTF3;SSU72,GO_Biological_Process_2023,3.944646464646465,9.022233299539
Multivesicular Body Sorting Pathway (GO:0071985),2/24,0.1015494294508058,0.6196692824307878,VTA1;CHMP1B,GO_Biological_Process_2023,3.944646464646465,9.022233299539
Regulation Of Mitochondrion Organization (GO:0010821),3/50,0.1033950953498601,0.6196692824307878,FIS1;TREM2;SQSTM1,GO_Biological_Process_2023,2.772259868265176,6.290805860435539
Ribosome Assembly (GO:0042255),3/50,0.1033950953498601,0.6196692824307878,RPL5;NGRN;RPS27L,GO_Biological_Process_2023,2.772259868265176,6.290805860435539
Regulation Of Fat Cell Proliferation (GO:0070344),1/5,0.1080165242282155,0.6196692824307878,TREM2,GO_Biological_Process_2023,10.83370288248337,24.11009225329729
Regulation Of Glucagon Secretion (GO:0070092),1/5,0.1080165242282155,0.6196692824307878,IL6,GO_Biological_Process_2023,10.83370288248337,24.11009225329729
Regulation Of Interleukin-1-Mediated Signaling Pathway (GO:2000659),1/5,0.1080165242282155,0.6196692824307878,IL6,GO_Biological_Process_2023,10.83370288248337,24.11009225329729
Activation Of Cysteine-Type Endopeptidase Activity Involved In Apoptotic Process By Cytochrome C (GO:0008635),1/5,0.1080165242282155,0.6196692824307878,DIABLO,GO_Biological_Process_2023,10.83370288248337,24.11009225329729
Amylin Receptor Signaling Pathway (GO:0097647),1/5,0.1080165242282155,0.6196692824307878,RAMP1,GO_Biological_Process_2023,10.83370288248337,24.11009225329729
Regulation Of Interleukin-10 Production (GO:0032653),3/46,0.085394450130521,0.6196692824307878,IL6;TYROBP;CLEC7A,GO_Biological_Process_2023,3.030766043403947,7.457121556202278
Intracellular Protein Transmembrane Transport (GO:0065002),3/46,0.085394450130521,0.6196692824307878,PEX7;DNAJC15;TOMM20,GO_Biological_Process_2023,3.030766043403947,7.457121556202278
Positive Regulation Of Lymphocyte Proliferation (GO:0050671),4/74,0.0865055992975715,0.6196692824307878,IL6;PNP;IL15;IL18,GO_Biological_Process_2023,2.484438775510204,6.080778523576992
Positive Regulation Of Inflammatory Response (GO:0050729),5/104,0.0869323669875359,0.6196692824307878,IL6;IL15;NINJ1;IL18;PDCD4,GO_Biological_Process_2023,2.1974781370754526,5.367614712864121
Regulation Of Vascular Endothelial Growth Factor Receptor Signaling Pathway (GO:0030947),2/22,0.0874959072084773,0.6196692824307878,TMEM204;PDCD6,GO_Biological_Process_2023,4.339555555555555,10.571865815564632
Natural Killer Cell Mediated Immunity (GO:0002228),2/22,0.0874959072084773,0.6196692824307878,TUBB2A;KLRD1,GO_Biological_Process_2023,4.339555555555555,10.571865815564632
Negative Regulation Of Cell Development (GO:0010721),2/22,0.0874959072084773,0.6196692824307878,IL6;B2M,GO_Biological_Process_2023,4.339555555555555,10.571865815564632
Negative Regulation Of Myeloid Cell Differentiation (GO:0045638),2/22,0.0874959072084773,0.6196692824307878,CIB1;PF4,GO_Biological_Process_2023,4.339555555555555,10.571865815564632
Oxoacid Metabolic Process (GO:0043436),2/22,0.0874959072084773,0.6196692824307878,SULT1A1;PPA2,GO_Biological_Process_2023,4.339555555555555,10.571865815564632
Peptidyl-Glutamic Acid Modification (GO:0018200),2/22,0.0874959072084773,0.6196692824307878,VKORC1;NAA20,GO_Biological_Process_2023,4.339555555555555,10.571865815564632
Regulation Of Interleukin-2 Production (GO:0032663),3/47,0.0897597946090966,0.6196692824307878,PNP;CLEC7A;RPS3,GO_Biological_Process_2023,2.9617331443612067,7.139607600494117
Positive Regulation Of TOR Signaling (GO:0032008),3/47,0.0897597946090966,0.6196692824307878,TREM2;LAMTOR3;LAMTOR5,GO_Biological_Process_2023,2.9617331443612067,7.139607600494117
Positive Regulation Of Lymphocyte Activation (GO:0051251),3/47,0.0897597946090966,0.6196692824307878,IL6;TYROBP;CLEC7A,GO_Biological_Process_2023,2.9617331443612067,7.139607600494117
Adaptive Immune Response Based On Somatic Recombination Of Immune Receptors Built From Immunoglobulin Superfamily Domains (GO:0002460),2/23,0.0944465420828477,0.6196692824307878,CR1L;IL18,GO_Biological_Process_2023,4.132698412698413,9.752016457661547
Cellular Response To Interleukin-6 (GO:0071354),2/23,0.0944465420828477,0.6196692824307878,IL6;ST3GAL6,GO_Biological_Process_2023,4.132698412698413,9.752016457661547
Regulation Of Toll-Like Receptor 4 Signaling Pathway (GO:0034143),2/23,0.0944465420828477,0.6196692824307878,NINJ1;TREM2,GO_Biological_Process_2023,4.132698412698413,9.752016457661547
Positive Regulation Of Protein-Containing Complex Assembly (GO:0031334),5/98,0.0713874159510391,0.6196692824307878,SUMO1;CLEC7A;RPS3;BRK1;CAPG,GO_Biological_Process_2023,2.339972577036877,6.176670406732169
Protein Homooligomerization (GO:0051260),6/129,0.0727209634171228,0.6196692824307878,NINJ1;ACOT13;B2M;HSD17B10;TMEM70;CBR4,GO_Biological_Process_2023,2.124576178497211,5.568780970009412
Energy Derivation By Oxidation Of Organic Compounds (GO:0015980),3/43,0.0728693015152338,0.6196692824307878,COX7B;COX4I1;NDUFS4,GO_Biological_Process_2023,3.258574610244989,8.534493113638328
Glycolipid Biosynthetic Process (GO:0009247),3/43,0.0728693015152338,0.6196692824307878,PIGC;PIGP;ST3GAL6,GO_Biological_Process_2023,3.258574610244989,8.534493113638328
Cell Projection Organization (GO:0030030),2/20,0.0740949998934753,0.6196692824307878,RAC3;CAPG,GO_Biological_Process_2023,4.822222222222222,12.549385960238991
Microglial Cell Activation (GO:0001774),2/20,0.0740949998934753,0.6196692824307878,TYROBP;TREM2,GO_Biological_Process_2023,4.822222222222222,12.549385960238991
Negative Regulation Of Cytokine Production Involved In Inflammatory Response (GO:1900016),2/20,0.0740949998934753,0.6196692824307878,PDCD4;TREM2,GO_Biological_Process_2023,4.822222222222222,12.549385960238991
Myeloid Leukocyte Differentiation (GO:0002573),4/71,0.0768844933181299,0.6196692824307878,TYROBP;IL15;UCP2;TREM2,GO_Biological_Process_2023,2.596082089552239,6.660121574871801
Negative Regulation Of Supramolecular Fiber Organization (GO:1902904),4/71,0.0768844933181299,0.6196692824307878,VBP1;TWF1;CIB1;TREM2,GO_Biological_Process_2023,2.596082089552239,6.660121574871801
Positive Regulation Of Chemotaxis (GO:0050921),3/44,0.0769470116886616,0.6196692824307878,IL6;TMSB4X;TREM2,GO_Biological_Process_2023,3.178934216959096,8.152816299466128
Macrophage Differentiation (GO:0030225),2/21,0.0807083221036271,0.6196692824307878,IL15;UCP2,GO_Biological_Process_2023,4.568187134502924,11.497732257937963
Positive Regulation Of T Cell Cytokine Production (GO:0002726),2/21,0.0807083221036271,0.6196692824307878,IL6;IL18,GO_Biological_Process_2023,4.568187134502924,11.497732257937963
Cellular Response To Reactive Oxygen Species (GO:0034614),4/73,0.0832360754344352,0.6196692824307878,IL6;RPS3;MPV17;SQSTM1,GO_Biological_Process_2023,2.5205745341614905,6.266335888609707
Protein Tetramerization (GO:0051262),4/73,0.0832360754344352,0.6196692824307878,ACOT13;B2M;HSD17B10;CBR4,GO_Biological_Process_2023,2.5205745341614905,6.266335888609707
Regulation Of Chemokine Production (GO:0032642),3/41,0.065016450537996,0.6196692824307878,IL6;IL18;TREM2,GO_Biological_Process_2023,3.430430195756652,9.375760073218231
Nucleotide Biosynthetic Process (GO:0009165),2/19,0.0676675829437487,0.6196692824307878,PNP;PRPSAP2,GO_Biological_Process_2023,5.106143790849673,13.75160118139556
Positive Regulation Of Activated T Cell Proliferation (GO:0042104),2/19,0.0676675829437487,0.6196692824307878,IL18;RPS3,GO_Biological_Process_2023,5.106143790849673,13.75160118139556
Regulation Of Ubiquitin-Dependent Protein Catabolic Process (GO:2000058),3/42,0.0688917645341141,0.6196692824307878,RPL5;MAGEF1;COMMD1,GO_Biological_Process_2023,3.342299126263492,8.941380909376841
Positive Regulation Of Phosphatidylinositol 3-Kinase Signaling (GO:0014068),4/69,0.0707872940728165,0.6196692824307878,INSR;IL18;TREM2;HCST,GO_Biological_Process_2023,2.676236263736264,7.086876369030356
Negative Regulation Of p38MAPK Cascade (GO:1903753),1/6,0.1281803606254961,0.6196692824307878,TREM2,GO_Biological_Process_2023,8.666518847006651,17.80377647372595
Peptidyl-Arginine Modification (GO:0018195),1/6,0.1281803606254961,0.6196692824307878,NDUFAF5,GO_Biological_Process_2023,8.666518847006651,17.80377647372595
Polyamine Biosynthetic Process (GO:0006596),1/6,0.1281803606254961,0.6196692824307878,SAT1,GO_Biological_Process_2023,8.666518847006651,17.80377647372595
Positive Regulation Of Amyloid-Beta Clearance (GO:1900223),1/6,0.1281803606254961,0.6196692824307878,TREM2,GO_Biological_Process_2023,8.666518847006651,17.80377647372595
Positive Regulation Of cAMP-mediated Signaling (GO:0043950),1/6,0.1281803606254961,0.6196692824307878,POMC,GO_Biological_Process_2023,8.666518847006651,17.80377647372595
Positive Regulation Of Fibroblast Apoptotic Process (GO:2000271),1/6,0.1281803606254961,0.6196692824307878,STK17B,GO_Biological_Process_2023,8.666518847006651,17.80377647372595
Positive Regulation Of Gliogenesis (GO:0014015),1/6,0.1281803606254961,0.6196692824307878,IL6,GO_Biological_Process_2023,8.666518847006651,17.80377647372595
Positive Regulation Of Striated Muscle Contraction (GO:0045989),1/6,0.1281803606254961,0.6196692824307878,RGS2,GO_Biological_Process_2023,8.666518847006651,17.80377647372595
Protein Localization To Endoplasmic Reticulum Exit Site (GO:0070973),1/6,0.1281803606254961,0.6196692824307878,SEC16B,GO_Biological_Process_2023,8.666518847006651,17.80377647372595
Regulation Of NK T Cell Proliferation (GO:0051140),1/6,0.1281803606254961,0.6196692824307878,IL18,GO_Biological_Process_2023,8.666518847006651,17.80377647372595
RNA Phosphodiester Bond Hydrolysis (GO:0090501),2/28,0.1312813937039186,0.6196692824307878,CSTF3;RNASE6,GO_Biological_Process_2023,3.337094017094017,6.7756764582038445
Regulation Of Platelet Activation (GO:0010543),2/28,0.1312813937039186,0.6196692824307878,GP9;FCER1G,GO_Biological_Process_2023,3.337094017094017,6.7756764582038445
Transcription By RNA Polymerase III (GO:0006383),2/28,0.1312813937039186,0.6196692824307878,POLR3GL;POLR2K,GO_Biological_Process_2023,3.337094017094017,6.7756764582038445
Negative Regulation Of Cation Channel Activity (GO:2001258),2/28,0.1312813937039186,0.6196692824307878,KCNE3;CALM2,GO_Biological_Process_2023,3.337094017094017,6.7756764582038445
Positive Regulation Of Nitric Oxide Metabolic Process (GO:1904407),2/28,0.1312813937039186,0.6196692824307878,CLEC7A;INSR,GO_Biological_Process_2023,3.337094017094017,6.7756764582038445
Regulation Of Protein-Containing Complex Assembly (GO:0043254),5/119,0.1326950765822083,0.6196692824307878,SUMO1;SAR1B;CLEC7A;RPS3;BRK1,GO_Biological_Process_2023,1.9068644766278111,3.851296929710597
Regulation Of Intracellular Signal Transduction (GO:1902531),10/297,0.1375212324653225,0.6196692824307878,RPL5;TMBIM4;CLEC7A;PTPMT1;TMSB4X;ZFAND6;ATP6AP2;TREM2;CALM2;SQSTM1,GO_Biological_Process_2023,1.5183596890913964,3.0123906338748863
Chemokine-Mediated Signaling Pathway (GO:0070098),3/57,0.1380525259970032,0.6196692824307878,CCL24;CIB1;PF4,GO_Biological_Process_2023,2.4120267260579062,4.776104876731054
Positive Regulation Of Interleukin-1 Beta Production (GO:0032731),3/57,0.1380525259970032,0.6196692824307878,IL6;TYROBP;CLEC7A,GO_Biological_Process_2023,2.4120267260579062,4.776104876731054
TOR Signaling (GO:0031929),2/29,0.1389972483620936,0.6196692824307878,LAMTOR3;LAMTOR5,GO_Biological_Process_2023,3.2133333333333334,6.340874336304736
Carbohydrate Derivative Biosynthetic Process (GO:1901137),2/29,0.1389972483620936,0.6196692824307878,PDCD6;ST3GAL6,GO_Biological_Process_2023,3.2133333333333334,6.340874336304736
Regulation Of Striated Muscle Contraction (GO:0006942),2/29,0.1389972483620936,0.6196692824307878,MYL2;CALM2,GO_Biological_Process_2023,3.2133333333333334,6.340874336304736
Multivesicular Body Assembly (GO:0036258),2/29,0.1389972483620936,0.6196692824307878,CHMP1B;VTA1,GO_Biological_Process_2023,3.2133333333333334,6.340874336304736
Memory (GO:0007613),3/58,0.1432928011714159,0.6196692824307878,INSR;TREM2;KLK8,GO_Biological_Process_2023,2.3680502125936425,4.600802306040145
Regulation Of Phosphatidylinositol 3-Kinase Signaling (GO:0014066),4/90,0.146607192105306,0.6196692824307878,INSR;IL18;TREM2;HCST,GO_Biological_Process_2023,2.020556478405316,3.8794652689955353
GPI Anchor Biosynthetic Process (GO:0006506),2/30,0.1468086015917311,0.6196692824307878,PIGC;PIGP,GO_Biological_Process_2023,3.0984126984126985,5.944693831350787
Regulation Of Macrophage Derived Foam Cell Differentiation (GO:0010743),2/30,0.1468086015917311,0.6196692824307878,IL18;PF4,GO_Biological_Process_2023,3.0984126984126985,5.944693831350787
Response To Amino Acid (GO:0043200),2/30,0.1468086015917311,0.6196692824307878,LAMTOR3;LAMTOR5,GO_Biological_Process_2023,3.0984126984126985,5.944693831350787
Multivesicular Body Organization (GO:0036257),2/30,0.1468086015917311,0.6196692824307878,CHMP1B;VTA1,GO_Biological_Process_2023,3.0984126984126985,5.944693831350787
Positive Regulation Of Interleukin-10 Production (GO:0032733),2/30,0.1468086015917311,0.6196692824307878,IL6;CLEC7A,GO_Biological_Process_2023,3.0984126984126985,5.944693831350787
Regulation Of Cell Migration Involved In Sprouting Angiogenesis (GO:0090049),2/30,0.1468086015917311,0.6196692824307878,CIB1;ITGB1BP1,GO_Biological_Process_2023,3.0984126984126985,5.944693831350787
ATP Synthesis Coupled Electron Transport (GO:0042773),1/7,0.1478893681798829,0.6196692824307878,NDUFB6,GO_Biological_Process_2023,7.221729490022173,13.802825113011512
Regulation Of Cyclic-Nucleotide Phosphodiesterase Activity (GO:0051342),1/7,0.1478893681798829,0.6196692824307878,CALM2,GO_Biological_Process_2023,7.221729490022173,13.802825113011512
DNA Dealkylation (GO:0035510),1/7,0.1478893681798829,0.6196692824307878,ALKBH3,GO_Biological_Process_2023,7.221729490022173,13.802825113011512
DNA Dealkylation Involved In DNA Repair (GO:0006307),1/7,0.1478893681798829,0.6196692824307878,ALKBH3,GO_Biological_Process_2023,7.221729490022173,13.802825113011512
Regulation Of Endodeoxyribonuclease Activity (GO:0032071),1/7,0.1478893681798829,0.6196692824307878,RPS3,GO_Biological_Process_2023,7.221729490022173,13.802825113011512
N-terminal Peptidyl-Methionine Acetylation (GO:0017196),1/7,0.1478893681798829,0.6196692824307878,NAA20,GO_Biological_Process_2023,7.221729490022173,13.802825113011512
NADH Metabolic Process (GO:0006734),1/7,0.1478893681798829,0.6196692824307878,NUDT13,GO_Biological_Process_2023,7.221729490022173,13.802825113011512
T-helper 17 Cell Lineage Commitment (GO:0072540),1/7,0.1478893681798829,0.6196692824307878,IL6,GO_Biological_Process_2023,7.221729490022173,13.802825113011512
"Blood Coagulation, Intrinsic Pathway (GO:0007597)",1/7,0.1478893681798829,0.6196692824307878,GP9,GO_Biological_Process_2023,7.221729490022173,13.802825113011512
Regulation Of Protein Glycosylation (GO:0060049),1/7,0.1478893681798829,0.6196692824307878,RAMP1,GO_Biological_Process_2023,7.221729490022173,13.802825113011512
Cardiolipin Biosynthetic Process (GO:0032049),1/7,0.1478893681798829,0.6196692824307878,PTPMT1,GO_Biological_Process_2023,7.221729490022173,13.802825113011512
Cellular Biogenic Amine Catabolic Process (GO:0042402),1/7,0.1478893681798829,0.6196692824307878,HNMT,GO_Biological_Process_2023,7.221729490022173,13.802825113011512
Deadenylation-Dependent Decapping Of Nuclear-Transcribed mRNA (GO:0000290),1/7,0.1478893681798829,0.6196692824307878,LSM1,GO_Biological_Process_2023,7.221729490022173,13.802825113011512
Spermidine Metabolic Process (GO:0008216),1/7,0.1478893681798829,0.6196692824307878,SAT1,GO_Biological_Process_2023,7.221729490022173,13.802825113011512
Establishment Of Protein Localization To Peroxisome (GO:0072663),1/7,0.1478893681798829,0.6196692824307878,ZFAND6,GO_Biological_Process_2023,7.221729490022173,13.802825113011512
Termination Of RNA Polymerase II Transcription (GO:0006369),1/7,0.1478893681798829,0.6196692824307878,SSU72,GO_Biological_Process_2023,7.221729490022173,13.802825113011512
Translocation Of Molecules Into Host (GO:0044417),1/7,0.1478893681798829,0.6196692824307878,THOC7,GO_Biological_Process_2023,7.221729490022173,13.802825113011512
Ribose Phosphate Biosynthetic Process (GO:0046390),1/6,0.1281803606254961,0.6196692824307878,PRPSAP2,GO_Biological_Process_2023,8.666518847006651,17.80377647372595
Regulation Of Cellular Response To Hypoxia (GO:1900037),1/6,0.1281803606254961,0.6196692824307878,CHCHD2,GO_Biological_Process_2023,8.666518847006651,17.80377647372595
Viral mRNA Export From Host Cell Nucleus (GO:0046784),1/7,0.1478893681798829,0.6196692824307878,THOC7,GO_Biological_Process_2023,7.221729490022173,13.802825113011512
Mitochondrial Outer Membrane Permeabilization (GO:0097345),1/7,0.1478893681798829,0.6196692824307878,BNIP3L,GO_Biological_Process_2023,7.221729490022173,13.802825113011512
Mitochondrial Proton-Transporting ATP Synthase Complex Assembly (GO:0033615),1/7,0.1478893681798829,0.6196692824307878,TMEM70,GO_Biological_Process_2023,7.221729490022173,13.802825113011512
Myeloid Leukocyte Mediated Immunity (GO:0002444),1/7,0.1478893681798829,0.6196692824307878,IL6,GO_Biological_Process_2023,7.221729490022173,13.802825113011512
Myoblast Migration (GO:0051451),1/7,0.1478893681798829,0.6196692824307878,ITGB1BP1,GO_Biological_Process_2023,7.221729490022173,13.802825113011512
Negative Regulation Of T Cell Mediated Cytotoxicity (GO:0001915),1/7,0.1478893681798829,0.6196692824307878,KLRD1,GO_Biological_Process_2023,7.221729490022173,13.802825113011512
"Negative Regulation Of Complement Activation, Classical Pathway (GO:0045959)",1/7,0.1478893681798829,0.6196692824307878,CR1L,GO_Biological_Process_2023,7.221729490022173,13.802825113011512
Negative Regulation Of Glial Cell Apoptotic Process (GO:0034351),1/7,0.1478893681798829,0.6196692824307878,TREM2,GO_Biological_Process_2023,7.221729490022173,13.802825113011512
Negative Regulation Of Muscle Cell Differentiation (GO:0051148),1/7,0.1478893681798829,0.6196692824307878,FOXO4,GO_Biological_Process_2023,7.221729490022173,13.802825113011512
Negative Regulation Of Muscle Hypertrophy (GO:0014741),1/7,0.1478893681798829,0.6196692824307878,RGS2,GO_Biological_Process_2023,7.221729490022173,13.802825113011512
Negative Regulation Of Phospholipase Activity (GO:0010519),1/7,0.1478893681798829,0.6196692824307878,RGS2,GO_Biological_Process_2023,7.221729490022173,13.802825113011512
Negative Regulation Of Vascular Associated Smooth Muscle Cell Differentiation (GO:1905064),1/7,0.1478893681798829,0.6196692824307878,PDCD4,GO_Biological_Process_2023,7.221729490022173,13.802825113011512
Neuroepithelial Cell Differentiation (GO:0060563),1/7,0.1478893681798829,0.6196692824307878,TUBB2A,GO_Biological_Process_2023,7.221729490022173,13.802825113011512
Nonribosomal Peptide Biosynthetic Process (GO:0019184),1/7,0.1478893681798829,0.6196692824307878,HAGH,GO_Biological_Process_2023,7.221729490022173,13.802825113011512
Osteoblast Development (GO:0002076),1/7,0.1478893681798829,0.6196692824307878,CLEC5A,GO_Biological_Process_2023,7.221729490022173,13.802825113011512
Positive Regulation Of Arp2/3 Complex-Mediated Actin Nucleation (GO:2000601),1/7,0.1478893681798829,0.6196692824307878,BRK1,GO_Biological_Process_2023,7.221729490022173,13.802825113011512
Positive Regulation Of T-helper 2 Cell Cytokine Production (GO:2000553),1/7,0.1478893681798829,0.6196692824307878,IL6,GO_Biological_Process_2023,7.221729490022173,13.802825113011512
Positive Regulation Of Apoptotic Cell Clearance (GO:2000427),1/7,0.1478893681798829,0.6196692824307878,TREM2,GO_Biological_Process_2023,7.221729490022173,13.802825113011512
Positive Regulation Of Extracellular Matrix Disassembly (GO:0090091),1/7,0.1478893681798829,0.6196692824307878,IL6,GO_Biological_Process_2023,7.221729490022173,13.802825113011512
Positive Regulation Of Glial Cell Migration (GO:1903977),1/7,0.1478893681798829,0.6196692824307878,TREM2,GO_Biological_Process_2023,7.221729490022173,13.802825113011512
Positive Regulation Of Natural Killer Cell Proliferation (GO:0032819),1/7,0.1478893681798829,0.6196692824307878,IL18,GO_Biological_Process_2023,7.221729490022173,13.802825113011512
Positive Regulation Of Plasminogen Activation (GO:0010756),1/7,0.1478893681798829,0.6196692824307878,S100A10,GO_Biological_Process_2023,7.221729490022173,13.802825113011512
Positive Regulation Of Ryanodine-Sensitive Calcium-Release Channel Activity (GO:0060316),1/7,0.1478893681798829,0.6196692824307878,CALM2,GO_Biological_Process_2023,7.221729490022173,13.802825113011512
Protein Desumoylation (GO:0016926),1/7,0.1478893681798829,0.6196692824307878,SUMO1,GO_Biological_Process_2023,7.221729490022173,13.802825113011512
Proton-Transporting ATP Synthase Complex Assembly (GO:0043461),1/7,0.1478893681798829,0.6196692824307878,TMEM70,GO_Biological_Process_2023,7.221729490022173,13.802825113011512
Purine Nucleotide Catabolic Process (GO:0006195),1/7,0.1478893681798829,0.6196692824307878,NUDT13,GO_Biological_Process_2023,7.221729490022173,13.802825113011512
Purine Ribonucleoside Monophosphate Catabolic Process (GO:0009169),1/7,0.1478893681798829,0.6196692824307878,PNP,GO_Biological_Process_2023,7.221729490022173,13.802825113011512
Purine-Containing Compound Metabolic Process (GO:0072521),1/7,0.1478893681798829,0.6196692824307878,GUK1,GO_Biological_Process_2023,7.221729490022173,13.802825113011512
Regulation Of T-helper 2 Cell Differentiation (GO:0045628),1/7,0.1478893681798829,0.6196692824307878,IL18,GO_Biological_Process_2023,7.221729490022173,13.802825113011512
Regulation Of Alpha-Beta T Cell Differentiation (GO:0046637),1/7,0.1478893681798829,0.6196692824307878,PNP,GO_Biological_Process_2023,7.221729490022173,13.802825113011512
Peptide Biosynthetic Process (GO:0043043),6/158,0.1488593160278256,0.6196692824307878,MRPS17;RPL5;RPS3;MRPL14;MRPS6;MRPS18C,GO_Biological_Process_2023,1.7166627330658484,3.2698195324584343
Regulation Of Long-Term Synaptic Potentiation (GO:1900271),2/31,0.1547072230694035,0.6196692824307878,TYROBP;SQSTM1,GO_Biological_Process_2023,2.991417624521073,5.582645887123993
Bile Acid Metabolic Process (GO:0008206),2/31,0.1547072230694035,0.6196692824307878,CYP27A1;HSD17B10,GO_Biological_Process_2023,2.991417624521073,5.582645887123993
Regulation Of Protein Localization To Cell Surface (GO:2000008),2/31,0.1547072230694035,0.6196692824307878,TYROBP;COMMD1,GO_Biological_Process_2023,2.991417624521073,5.582645887123993
Glutamine Family Amino Acid Metabolic Process (GO:0009064),2/31,0.1547072230694035,0.6196692824307878,UCP2;NIT2,GO_Biological_Process_2023,2.991417624521073,5.582645887123993
Positive Regulation Of Proteolysis Involved In Protein Catabolic Process (GO:1903052),2/31,0.1547072230694035,0.6196692824307878,MAGEF1;TREM2,GO_Biological_Process_2023,2.991417624521073,5.582645887123993
Positive Regulation Of Cellular Component Biogenesis (GO:0044089),4/93,0.1593272243401149,0.6196692824307878,SUMO1;CLEC7A;RPS3;BRK1,GO_Biological_Process_2023,1.9521468699839488,3.585693955299972
Fatty Acid Catabolic Process (GO:0009062),3/61,0.1593935480637637,0.6196692824307878,NUDT7;ACADM;HSD17B10,GO_Biological_Process_2023,2.2452192611934567,4.12307347882436
Positive Regulation Of Interleukin-8 Production (GO:0032757),3/61,0.1593935480637637,0.6196692824307878,IL6;CLEC7A;LAMTOR5,GO_Biological_Process_2023,2.2452192611934567,4.12307347882436
Regulation Of Tumor Necrosis Factor Production (GO:0032680),5/127,0.1607390908864714,0.6196692824307878,POMC;IL6;TYROBP;CLEC7A;PF4,GO_Biological_Process_2023,1.7810906957127663,3.255785314063152
Translation (GO:0006412),8/234,0.1617062997290871,0.6196692824307878,MRPS17;RPL5;MRPS22;RPS3;MRPL14;MRPS6;CHCHD1;MRPS18C,GO_Biological_Process_2023,1.540460814797098,2.806678865216909
Regulation Of Transcription By RNA Polymerase I (GO:0006356),2/32,0.1626852042544191,0.6196692824307878,MAF1;POLR2K,GO_Biological_Process_2023,2.891555555555556,5.250886213048489
Intracellular pH Reduction (GO:0051452),2/32,0.1626852042544191,0.6196692824307878,ATP6AP2;ATP6V1F,GO_Biological_Process_2023,2.891555555555556,5.250886213048489
Protein Lipidation (GO:0006497),3/62,0.1648789598302041,0.6196692824307878,PIGC;PIGP;ATG12,GO_Biological_Process_2023,2.207051451436337,3.9783065813654592
"DNA Damage Response, Signal Transduction By P53 Class Mediator Resulting In Transcription Of P21 Class Mediator (GO:0006978)",1/8,0.1671537834175771,0.6196692824307878,RPS27L,GO_Biological_Process_2023,6.189737092176117,11.07245568473065
GMP Metabolic Process (GO:0046037),1/8,0.1671537834175771,0.6196692824307878,GMPR2,GO_Biological_Process_2023,6.189737092176117,11.07245568473065
Regulation Of Fibroblast Apoptotic Process (GO:2000269),1/8,0.1671537834175771,0.6196692824307878,STK17B,GO_Biological_Process_2023,6.189737092176117,11.07245568473065
Regulation Of Glial Cell Proliferation (GO:0060251),1/8,0.1671537834175771,0.6196692824307878,IL6,GO_Biological_Process_2023,6.189737092176117,11.07245568473065
Regulation Of Heme Biosynthetic Process (GO:0070453),1/8,0.1671537834175771,0.6196692824307878,TMEM14C,GO_Biological_Process_2023,6.189737092176117,11.07245568473065
T-helper 17 Cell Differentiation (GO:0072539),1/8,0.1671537834175771,0.6196692824307878,IL6,GO_Biological_Process_2023,6.189737092176117,11.07245568473065
Alcohol Catabolic Process (GO:0046164),1/8,0.1671537834175771,0.6196692824307878,CYP27A1,GO_Biological_Process_2023,6.189737092176117,11.07245568473065
Angiotensin Maturation (GO:0002003),1/8,0.1671537834175771,0.6196692824307878,ATP6AP2,GO_Biological_Process_2023,6.189737092176117,11.07245568473065
Regulation Of Pattern Recognition Receptor Signaling Pathway (GO:0062207),1/8,0.1671537834175771,0.6196692824307878,TREM2,GO_Biological_Process_2023,6.189737092176117,11.07245568473065
Box C/D snoRNP Assembly (GO:0000492),1/8,0.1671537834175771,0.6196692824307878,ZNHIT3,GO_Biological_Process_2023,6.189737092176117,11.07245568473065
Ribonucleoside Bisphosphate Catabolic Process (GO:0034031),1/8,0.1671537834175771,0.6196692824307878,NUDT7,GO_Biological_Process_2023,6.189737092176117,11.07245568473065
succinyl-CoA Metabolic Process (GO:0006104),1/8,0.1671537834175771,0.6196692824307878,NUDT7,GO_Biological_Process_2023,6.189737092176117,11.07245568473065
Synapse Pruning (GO:0098883),1/8,0.1671537834175771,0.6196692824307878,TREM2,GO_Biological_Process_2023,6.189737092176117,11.07245568473065
Tricarboxylic Acid Metabolic Process (GO:0072350),1/8,0.1671537834175771,0.6196692824307878,IDH3G,GO_Biological_Process_2023,6.189737092176117,11.07245568473065
Tyrosine Phosphorylation Of STAT Protein (GO:0007260),1/8,0.1671537834175771,0.6196692824307878,IL15,GO_Biological_Process_2023,6.189737092176117,11.07245568473065
Vitamin K Metabolic Process (GO:0042373),1/8,0.1671537834175771,0.6196692824307878,VKORC1,GO_Biological_Process_2023,6.189737092176117,11.07245568473065
Integrin Activation (GO:0033622),1/8,0.1671537834175771,0.6196692824307878,ITGB1BP1,GO_Biological_Process_2023,6.189737092176117,11.07245568473065
mRNA Pseudouridine Synthesis (GO:1990481),1/8,0.1671537834175771,0.6196692824307878,PUS3,GO_Biological_Process_2023,6.189737092176117,11.07245568473065
Mitochondrial Fragmentation Involved In Apoptotic Process (GO:0043653),1/8,0.1671537834175771,0.6196692824307878,FIS1,GO_Biological_Process_2023,6.189737092176117,11.07245568473065
Multi-Pass Transmembrane Protein Insertion Into ER Membrane (GO:0160063),1/8,0.1671537834175771,0.6196692824307878,TMEM147,GO_Biological_Process_2023,6.189737092176117,11.07245568473065
Negative Regulation Of cAMP-mediated Signaling (GO:0043951),1/8,0.1671537834175771,0.6196692824307878,UBE2B,GO_Biological_Process_2023,6.189737092176117,11.07245568473065
Negative Regulation Of Cholesterol Storage (GO:0010887),1/8,0.1671537834175771,0.6196692824307878,TREM2,GO_Biological_Process_2023,6.189737092176117,11.07245568473065
Negative Regulation Of Lipase Activity (GO:0060192),1/8,0.1671537834175771,0.6196692824307878,RGS2,GO_Biological_Process_2023,6.189737092176117,11.07245568473065
Negative Regulation Of Long-Term Synaptic Potentiation (GO:1900272),1/8,0.1671537834175771,0.6196692824307878,TYROBP,GO_Biological_Process_2023,6.189737092176117,11.07245568473065
Negative Regulation Of Platelet Aggregation (GO:0090331),1/8,0.1671537834175771,0.6196692824307878,CD9,GO_Biological_Process_2023,6.189737092176117,11.07245568473065
Negative Regulation Of Protein Import Into Nucleus (GO:0042308),1/8,0.1671537834175771,0.6196692824307878,SUMO1,GO_Biological_Process_2023,6.189737092176117,11.07245568473065
Negative Regulation Of Ubiquitin Protein Ligase Activity (GO:1904667),1/8,0.1671537834175771,0.6196692824307878,RPL5,GO_Biological_Process_2023,6.189737092176117,11.07245568473065
Peroxisomal Transport (GO:0043574),1/8,0.1671537834175771,0.6196692824307878,ZFAND6,GO_Biological_Process_2023,6.189737092176117,11.07245568473065
Positive Regulation Of NK T Cell Activation (GO:0051135),1/8,0.1671537834175771,0.6196692824307878,IL18,GO_Biological_Process_2023,6.189737092176117,11.07245568473065
Positive Regulation Of Dendritic Cell Cytokine Production (GO:0002732),1/8,0.1671537834175771,0.6196692824307878,CLEC7A,GO_Biological_Process_2023,6.189737092176117,11.07245568473065
Positive Regulation Of Ligase Activity (GO:0051351),1/8,0.1671537834175771,0.6196692824307878,TMSB4X,GO_Biological_Process_2023,6.189737092176117,11.07245568473065
Positive Regulation Of Membrane Invagination (GO:1905155),1/8,0.1671537834175771,0.6196692824307878,TREM2,GO_Biological_Process_2023,6.189737092176117,11.07245568473065
Positive Regulation Of Mitochondrial Calcium Ion Concentration (GO:0051561),1/8,0.1671537834175771,0.6196692824307878,FIS1,GO_Biological_Process_2023,6.189737092176117,11.07245568473065
Positive Regulation Of Mitochondrial Membrane Permeability Involved In Apoptotic Process (GO:1902110),1/8,0.1671537834175771,0.6196692824307878,BNIP3L,GO_Biological_Process_2023,6.189737092176117,11.07245568473065
Positive Regulation Of Monocyte Chemotactic Protein-1 Production (GO:0071639),1/8,0.1671537834175771,0.6196692824307878,CLEC7A,GO_Biological_Process_2023,6.189737092176117,11.07245568473065
Positive Regulation Of Smooth Muscle Cell Apoptotic Process (GO:0034393),1/8,0.1671537834175771,0.6196692824307878,PDCD4,GO_Biological_Process_2023,6.189737092176117,11.07245568473065
Proteasome Assembly (GO:0043248),1/8,0.1671537834175771,0.6196692824307878,PSMD10,GO_Biological_Process_2023,6.189737092176117,11.07245568473065
Protein Localization To Perinuclear Region Of Cytoplasm (GO:1905719),1/8,0.1671537834175771,0.6196692824307878,SQSTM1,GO_Biological_Process_2023,6.189737092176117,11.07245568473065
Purine Nucleoside Bisphosphate Catabolic Process (GO:0034034),1/8,0.1671537834175771,0.6196692824307878,NUDT7,GO_Biological_Process_2023,6.189737092176117,11.07245568473065
Regulation Of Angiotensin Levels In Blood (GO:0002002),1/8,0.1671537834175771,0.6196692824307878,ATP6AP2,GO_Biological_Process_2023,6.189737092176117,11.07245568473065
Regulation Of Cell Killing (GO:0031341),1/8,0.1671537834175771,0.6196692824307878,CR1L,GO_Biological_Process_2023,6.189737092176117,11.07245568473065
Regulation Of Lamellipodium Assembly (GO:0010591),2/33,0.1707349479941369,0.6196692824307878,BRK1;TWF1,GO_Biological_Process_2023,2.7981362007168458,4.946105691179396
Glycolipid Metabolic Process (GO:0006664),2/33,0.1707349479941369,0.6196692824307878,B3GALNT1;ST3GAL6,GO_Biological_Process_2023,2.7981362007168458,4.946105691179396
ncRNA Catabolic Process (GO:0034661),2/33,0.1707349479941369,0.6196692824307878,RBM7;NUDT16L1,GO_Biological_Process_2023,2.7981362007168458,4.946105691179396
Negative Regulation Of Double-Strand Break Repair (GO:2000780),2/33,0.1707349479941369,0.6196692824307878,MAGEF1;NUDT16L1,GO_Biological_Process_2023,2.7981362007168458,4.946105691179396
Regulation Of Activated T Cell Proliferation (GO:0046006),2/33,0.1707349479941369,0.6196692824307878,RPS3;IL18,GO_Biological_Process_2023,2.7981362007168458,4.946105691179396
Protein Localization (GO:0008104),11/351,0.1733454712906043,0.6196692824307878,VPS29;ARL11;BIN3;SUMO1;SAR1B;LRBA;PDCD6;UNC50;DNAJC15;LAMTOR3;SQSTM1,GO_Biological_Process_2023,1.4091503267973855,2.4694918861885764
Response To Metal Ion (GO:0010038),3/64,0.1760129701781348,0.6196692824307878,PEF1;PDCD6;CALM2,GO_Biological_Process_2023,2.1344700427178798,3.707996219398851
Positive Regulation Of Cysteine-Type Endopeptidase Activity (GO:2001056),3/64,0.1760129701781348,0.6196692824307878,FIS1;CLEC7A;PDCD6,GO_Biological_Process_2023,2.1344700427178798,3.707996219398851
Positive Regulation Of Interleukin-1 Production (GO:0032732),3/64,0.1760129701781348,0.6196692824307878,IL6;TYROBP;CLEC7A,GO_Biological_Process_2023,2.1344700427178798,3.707996219398851
Regulation Of Cytokine Production (GO:0001817),6/167,0.1778070514583717,0.6196692824307878,SRGN;PER1;IL6;PPP1R11;IL15;TREM2,GO_Biological_Process_2023,1.6199481937442552,2.797741729132192
Regulation Of Metal Ion Transport (GO:0010959),2/34,0.1788491586055883,0.6196692824307878,PER1;B2M,GO_Biological_Process_2023,2.710555555555556,4.665442152300465
Cellular Response To Hydrogen Peroxide (GO:0070301),2/34,0.1788491586055883,0.6196692824307878,IL6;RPS3,GO_Biological_Process_2023,2.710555555555556,4.665442152300465
Negative Regulation Of JNK Cascade (GO:0046329),2/34,0.1788491586055883,0.6196692824307878,PER1;PDCD4,GO_Biological_Process_2023,2.710555555555556,4.665442152300465
Positive Regulation Of Immunoglobulin Production (GO:0002639),2/34,0.1788491586055883,0.6196692824307878,IL6;DNAJB9,GO_Biological_Process_2023,2.710555555555556,4.665442152300465
Purine Nucleotide Metabolic Process (GO:0006163),2/34,0.1788491586055883,0.6196692824307878,PRPSAP2;GUK1,GO_Biological_Process_2023,2.710555555555556,4.665442152300465
Regulation Of calcineurin-NFAT Signaling Cascade (GO:0070884),2/34,0.1788491586055883,0.6196692824307878,CLEC7A;CIB1,GO_Biological_Process_2023,2.710555555555556,4.665442152300465
Regulation Of Tyrosine Phosphorylation Of STAT Protein (GO:0042509),3/65,0.1816567634345522,0.6196692824307878,IL6;IL15;IL18,GO_Biological_Process_2023,2.0999353401824843,3.5817259179910126
Regulation Of Ceramide Biosynthetic Process (GO:2000303),1/9,0.1859836132615545,0.6196692824307878,ORMDL2,GO_Biological_Process_2023,5.415742793791575,9.109803135070925
Regulation Of Complement Activation (GO:0030449),1/9,0.1859836132615545,0.6196692824307878,CR1L,GO_Biological_Process_2023,5.415742793791575,9.109803135070925
Regulation Of Complement-Dependent Cytotoxicity (GO:1903659),1/9,0.1859836132615545,0.6196692824307878,CR1L,GO_Biological_Process_2023,5.415742793791575,9.109803135070925
"DNA Damage Response, Signal Transduction Resulting In Transcription (GO:0042772)",1/9,0.1859836132615545,0.6196692824307878,RPS27L,GO_Biological_Process_2023,5.415742793791575,9.109803135070925
IMP Metabolic Process (GO:0046040),1/9,0.1859836132615545,0.6196692824307878,PNP,GO_Biological_Process_2023,5.415742793791575,9.109803135070925
Regulation Of Hair Cycle (GO:0042634),1/9,0.1859836132615545,0.6196692824307878,PER1,GO_Biological_Process_2023,5.415742793791575,9.109803135070925
T-helper 1 Type Immune Response (GO:0042088),1/9,0.1859836132615545,0.6196692824307878,IL18,GO_Biological_Process_2023,5.415742793791575,9.109803135070925
[2Fe-2S] Cluster Assembly (GO:0044571),1/9,0.1859836132615545,0.6196692824307878,LYRM4,GO_Biological_Process_2023,5.415742793791575,9.109803135070925
Amine Metabolic Process (GO:0009308),1/9,0.1859836132615545,0.6196692824307878,SULT1A1,GO_Biological_Process_2023,5.415742793791575,9.109803135070925
Amino Sugar Biosynthetic Process (GO:0046349),1/9,0.1859836132615545,0.6196692824307878,NANP,GO_Biological_Process_2023,5.415742793791575,9.109803135070925
Aminoglycan Metabolic Process (GO:0006022),1/9,0.1859836132615545,0.6196692824307878,HEXB,GO_Biological_Process_2023,5.415742793791575,9.109803135070925
Regulation Of Natural Killer Cell Proliferation (GO:0032817),1/9,0.1859836132615545,0.6196692824307878,IL18,GO_Biological_Process_2023,5.415742793791575,9.109803135070925
Autophagy Of Peroxisome (GO:0030242),1/9,0.1859836132615545,0.6196692824307878,SQSTM1,GO_Biological_Process_2023,5.415742793791575,9.109803135070925
Carbohydrate Phosphorylation (GO:0046835),1/9,0.1859836132615545,0.6196692824307878,GNPTG,GO_Biological_Process_2023,5.415742793791575,9.109803135070925
Carnitine Metabolic Process (GO:0009437),1/9,0.1859836132615545,0.6196692824307878,ACADM,GO_Biological_Process_2023,5.415742793791575,9.109803135070925
Regulation Of Receptor Binding (GO:1900120),1/9,0.1859836132615545,0.6196692824307878,B2M,GO_Biological_Process_2023,5.415742793791575,9.109803135070925
Cellular Response To Oxidised Low-Density Lipoprotein Particle Stimulus (GO:0140052),1/9,0.1859836132615545,0.6196692824307878,TREM2,GO_Biological_Process_2023,5.415742793791575,9.109803135070925
Cellular Response To Oxygen Levels (GO:0071453),1/9,0.1859836132615545,0.6196692824307878,CCDC115,GO_Biological_Process_2023,5.415742793791575,9.109803135070925
Glycosphingolipid Catabolic Process (GO:0046479),1/9,0.1859836132615545,0.6196692824307878,HEXB,GO_Biological_Process_2023,5.415742793791575,9.109803135070925
Vesicle Fusion With Vacuole (GO:0051469),1/9,0.1859836132615545,0.6196692824307878,CHMP1B,GO_Biological_Process_2023,5.415742793791575,9.109803135070925
Mitochondrial Ribosome Assembly (GO:0061668),1/9,0.1859836132615545,0.6196692824307878,NGRN,GO_Biological_Process_2023,5.415742793791575,9.109803135070925
Mitochondrion Morphogenesis (GO:0070584),1/9,0.1859836132615545,0.6196692824307878,FIS1,GO_Biological_Process_2023,5.415742793791575,9.109803135070925
Motor Neuron Axon Guidance (GO:0008045),1/9,0.1859836132615545,0.6196692824307878,RAC3,GO_Biological_Process_2023,5.415742793791575,9.109803135070925
Multivesicular Body-Lysosome Fusion (GO:0061763),1/9,0.1859836132615545,0.6196692824307878,CHMP1B,GO_Biological_Process_2023,5.415742793791575,9.109803135070925
Muscle Cell Fate Commitment (GO:0042693),1/9,0.1859836132615545,0.6196692824307878,MYL2,GO_Biological_Process_2023,5.415742793791575,9.109803135070925
Muscle Cell Migration (GO:0014812),1/9,0.1859836132615545,0.6196692824307878,ITGB1BP1,GO_Biological_Process_2023,5.415742793791575,9.109803135070925
Myelin Assembly (GO:0032288),1/9,0.1859836132615545,0.6196692824307878,CD9,GO_Biological_Process_2023,5.415742793791575,9.109803135070925
Negative Regulation Of Bone Resorption (GO:0045779),1/9,0.1859836132615545,0.6196692824307878,IL6,GO_Biological_Process_2023,5.415742793791575,9.109803135070925
Negative Regulation Of Extracellular Matrix Organization (GO:1903054),1/9,0.1859836132615545,0.6196692824307878,CST3,GO_Biological_Process_2023,5.415742793791575,9.109803135070925
Negative Regulation Of Humoral Immune Response Mediated By Circulating Immunoglobulin (GO:0002924),1/9,0.1859836132615545,0.6196692824307878,CR1L,GO_Biological_Process_2023,5.415742793791575,9.109803135070925
Negative Regulation Of Lipid Localization (GO:1905953),1/9,0.1859836132615545,0.6196692824307878,IL6,GO_Biological_Process_2023,5.415742793791575,9.109803135070925
Negative Regulation Of Phosphatidylinositol 3-Kinase Signaling (GO:0014067),1/9,0.1859836132615545,0.6196692824307878,TREM2,GO_Biological_Process_2023,5.415742793791575,9.109803135070925
Negative Regulation Of Potassium Ion Transmembrane Transporter Activity (GO:1901017),1/9,0.1859836132615545,0.6196692824307878,KCNE3,GO_Biological_Process_2023,5.415742793791575,9.109803135070925
Negative Regulation Of Protein Localization To Cell Surface (GO:2000009),1/9,0.1859836132615545,0.6196692824307878,COMMD1,GO_Biological_Process_2023,5.415742793791575,9.109803135070925
Negative Regulation Of Receptor Binding (GO:1900121),1/9,0.1859836132615545,0.6196692824307878,B2M,GO_Biological_Process_2023,5.415742793791575,9.109803135070925
Negative Regulation Of Sodium Ion Transmembrane Transport (GO:1902306),1/9,0.1859836132615545,0.6196692824307878,COMMD1,GO_Biological_Process_2023,5.415742793791575,9.109803135070925
Negative Regulation Of Toll-Like Receptor 4 Signaling Pathway (GO:0034144),1/9,0.1859836132615545,0.6196692824307878,TREM2,GO_Biological_Process_2023,5.415742793791575,9.109803135070925
Negative Regulation Of Transcription By RNA Polymerase I (GO:0016479),1/9,0.1859836132615545,0.6196692824307878,MAF1,GO_Biological_Process_2023,5.415742793791575,9.109803135070925
Negative Regulation Of Transforming Growth Factor Beta Production (GO:0071635),1/9,0.1859836132615545,0.6196692824307878,TYROBP,GO_Biological_Process_2023,5.415742793791575,9.109803135070925
Nucleobase-Containing Compound Biosynthetic Process (GO:0034654),1/9,0.1859836132615545,0.6196692824307878,PNP,GO_Biological_Process_2023,5.415742793791575,9.109803135070925
Oligosaccharide Catabolic Process (GO:0009313),1/9,0.1859836132615545,0.6196692824307878,IDNK,GO_Biological_Process_2023,5.415742793791575,9.109803135070925
Phosphatidylglycerol Biosynthetic Process (GO:0006655),1/9,0.1859836132615545,0.6196692824307878,PTPMT1,GO_Biological_Process_2023,5.415742793791575,9.109803135070925
Positive Regulation Of Myoblast Fusion (GO:1901741),1/9,0.1859836132615545,0.6196692824307878,CD53,GO_Biological_Process_2023,5.415742793791575,9.109803135070925
"Positive Regulation Of Phagocytosis, Engulfment (GO:0060100)",1/9,0.1859836132615545,0.6196692824307878,TREM2,GO_Biological_Process_2023,5.415742793791575,9.109803135070925
Positive Regulation Of Platelet Activation (GO:0010572),1/9,0.1859836132615545,0.6196692824307878,GP9,GO_Biological_Process_2023,5.415742793791575,9.109803135070925
Primary Alcohol Catabolic Process (GO:0034310),1/9,0.1859836132615545,0.6196692824307878,SULT1A1,GO_Biological_Process_2023,5.415742793791575,9.109803135070925
Protein Localization To Microtubule (GO:0035372),1/9,0.1859836132615545,0.6196692824307878,CRIPT,GO_Biological_Process_2023,5.415742793791575,9.109803135070925
Protein Localization To Microtubule Cytoskeleton (GO:0072698),1/9,0.1859836132615545,0.6196692824307878,CRIPT,GO_Biological_Process_2023,5.415742793791575,9.109803135070925
Protein Localization To Nuclear Envelope (GO:0090435),1/9,0.1859836132615545,0.6196692824307878,TMEM147,GO_Biological_Process_2023,5.415742793791575,9.109803135070925
Quinone Metabolic Process (GO:1901661),1/9,0.1859836132615545,0.6196692824307878,VKORC1,GO_Biological_Process_2023,5.415742793791575,9.109803135070925
Regulation Of Actin Filament Length (GO:0030832),1/9,0.1859836132615545,0.6196692824307878,BRK1,GO_Biological_Process_2023,5.415742793791575,9.109803135070925
Cellular Response To Amino Acid Stimulus (GO:0071230),2/35,0.1870208321945931,0.6196692824307878,LAMTOR3;LAMTOR5,GO_Biological_Process_2023,2.628282828282828,4.406408851222339
Protein Methylation (GO:0006479),2/35,0.1870208321945931,0.6196692824307878,N6AMT1;METTL21A,GO_Biological_Process_2023,2.628282828282828,4.406408851222339
Regulation Of Cardiac Muscle Contraction (GO:0055117),2/35,0.1870208321945931,0.6196692824307878,RGS2;CALM2,GO_Biological_Process_2023,2.628282828282828,4.406408851222339
Response To Reactive Oxygen Species (GO:0000302),3/66,0.1873485731493132,0.6196692824307878,RPS3;MPV17;SQSTM1,GO_Biological_Process_2023,2.0664969774101176,3.46093683787014
Regulation Of Organelle Organization (GO:0033043),4/100,0.1904659041545277,0.6196692824307878,FIS1;SAR1B;SQSTM1;ATG12,GO_Biological_Process_2023,1.8091517857142856,3.0000839885123205
Regulation Of Neurogenesis (GO:0050767),3/67,0.1930860414924529,0.6196692824307878,IL6;B2M;S100A10,GO_Biological_Process_2023,2.034103563474388,3.345326138527909
Peptidyl-Tyrosine Phosphorylation (GO:0018108),3/67,0.1930860414924529,0.6196692824307878,CLK1;IL15;INSR,GO_Biological_Process_2023,2.034103563474388,3.345326138527909
Regulation Of Protein Kinase B Signaling (GO:0051896),5/136,0.194850421555309,0.6196692824307878,PDCD6;INSR;IL18;CIB1;ITGB1BP1,GO_Biological_Process_2023,1.6579572040917396,2.7116272791010374
"DNA Damage Response, Signal Transduction By P53 Class Mediator (GO:0030330)",2/36,0.1952432471696387,0.6196692824307878,RPS27L;TRIAP1,GO_Biological_Process_2023,2.5508496732026145,4.166836093757585
Negative Regulation Of Protein Kinase B Signaling (GO:0051898),2/36,0.1952432471696387,0.6196692824307878,PDCD6;CIB1,GO_Biological_Process_2023,2.5508496732026145,4.166836093757585
Regulation Of p38MAPK Cascade (GO:1900744),2/37,0.2035099551935874,0.6196692824307878,PER1;TREM2,GO_Biological_Process_2023,2.47784126984127,3.944823295926852
Regulation Of Phosphoprotein Phosphatase Activity (GO:0043666),2/37,0.2035099551935874,0.6196692824307878,PPP1R11;CALM2,GO_Biological_Process_2023,2.47784126984127,3.944823295926852
Muscle Cell Differentiation (GO:0042692),2/37,0.2035099551935874,0.6196692824307878,TMEM204;NINJ1,GO_Biological_Process_2023,2.47784126984127,3.944823295926852
Muscle Tissue Development (GO:0060537),2/37,0.2035099551935874,0.6196692824307878,SRPK3;MYL6,GO_Biological_Process_2023,2.47784126984127,3.944823295926852
Negative Regulation Of Stress-Activated MAPK Cascade (GO:0032873),2/37,0.2035099551935874,0.6196692824307878,PER1;TREM2,GO_Biological_Process_2023,2.47784126984127,3.944823295926852
Positive Regulation Of Receptor Signaling Pathway Via JAK-STAT (GO:0046427),2/37,0.2035099551935874,0.6196692824307878,IL6;OCIAD1,GO_Biological_Process_2023,2.47784126984127,3.944823295926852
Positive Regulation Of Receptor Signaling Pathway Via STAT (GO:1904894),2/37,0.2035099551935874,0.6196692824307878,IL6;OCIAD1,GO_Biological_Process_2023,2.47784126984127,3.944823295926852
Negative Regulation Of Apoptotic Process (GO:0043066),14/482,0.2043355272237994,0.6196692824307878,NOTCH2;PSMD10;BNIP3L;ZFAND6;TREM2;CIB1;TRIAP1;PRDX2;LSM8;IL6;MIEN1;TMBIM4;CLEC5A;LAMTOR5,GO_Biological_Process_2023,1.3031260976466457,2.0693536811613087
L-serine Metabolic Process (GO:0006563),1/10,0.204388639977025,0.6196692824307878,SRR,GO_Biological_Process_2023,4.813747228381375,7.642940512529682
N-acetylneuraminate Metabolic Process (GO:0006054),1/10,0.204388639977025,0.6196692824307878,NANP,GO_Biological_Process_2023,4.813747228381375,7.642940512529682
Notch Signaling Involved In Heart Development (GO:0061314),1/10,0.204388639977025,0.6196692824307878,NOTCH2,GO_Biological_Process_2023,4.813747228381375,7.642940512529682
T-helper Cell Lineage Commitment (GO:0002295),1/10,0.204388639977025,0.6196692824307878,IL6,GO_Biological_Process_2023,4.813747228381375,7.642940512529682
Actin Filament Depolymerization (GO:0030042),1/10,0.204388639977025,0.6196692824307878,TWF1,GO_Biological_Process_2023,4.813747228381375,7.642940512529682
Regulation Of Lipid Transport (GO:0032368),1/10,0.204388639977025,0.6196692824307878,SAR1B,GO_Biological_Process_2023,4.813747228381375,7.642940512529682
Atrial Septum Morphogenesis (GO:0060413),1/10,0.204388639977025,0.6196692824307878,NOTCH2,GO_Biological_Process_2023,4.813747228381375,7.642940512529682
Positive Regulation Of Macrophage Differentiation (GO:0045651),1/10,0.204388639977025,0.6196692824307878,PF4,GO_Biological_Process_2023,4.813747228381375,7.642940512529682
Protein Deneddylation (GO:0000338),1/10,0.204388639977025,0.6196692824307878,SENP8,GO_Biological_Process_2023,4.813747228381375,7.642940512529682
Purine Nucleoside Bisphosphate Biosynthetic Process (GO:0034033),1/10,0.204388639977025,0.6196692824307878,PPCDC,GO_Biological_Process_2023,4.813747228381375,7.642940512529682
Regulation Of T-helper 2 Cell Cytokine Production (GO:2000551),1/10,0.204388639977025,0.6196692824307878,IL6,GO_Biological_Process_2023,4.813747228381375,7.642940512529682
Phagocytosis (GO:0006909),3/69,0.2046886299944251,0.6196692824307878,TYROBP;TREM2;CD302,GO_Biological_Process_2023,1.9722615914152664,3.1285301892496835
Positive Regulation Of Phospholipid Transport (GO:2001140),1/10,0.204388639977025,0.6196692824307878,TRIAP1,GO_Biological_Process_2023,4.813747228381375,7.642940512529682
Megakaryocyte Development (GO:0035855),1/10,0.204388639977025,0.6196692824307878,GP9,GO_Biological_Process_2023,4.813747228381375,7.642940512529682
Mitotic G1/S Transition Checkpoint Signaling (GO:0044819),1/10,0.204388639977025,0.6196692824307878,RPS27L,GO_Biological_Process_2023,4.813747228381375,7.642940512529682
Muscle Filament Sliding (GO:0030049),1/10,0.204388639977025,0.6196692824307878,MYL6,GO_Biological_Process_2023,4.813747228381375,7.642940512529682
Negative Regulation Of B Cell Proliferation (GO:0030889),1/10,0.204388639977025,0.6196692824307878,TYROBP,GO_Biological_Process_2023,4.813747228381375,7.642940512529682
Negative Regulation Of Autophagosome Assembly (GO:1902902),1/10,0.204388639977025,0.6196692824307878,SEC22B,GO_Biological_Process_2023,4.813747228381375,7.642940512529682
Negative Regulation Of Homotypic Cell-Cell Adhesion (GO:0034111),1/10,0.204388639977025,0.6196692824307878,CD9,GO_Biological_Process_2023,4.813747228381375,7.642940512529682
Negative Regulation Of Natural Killer Cell Mediated Immunity (GO:0002716),1/10,0.204388639977025,0.6196692824307878,KLRD1,GO_Biological_Process_2023,4.813747228381375,7.642940512529682
Negative Regulation Of Vascular Endothelial Growth Factor Receptor Signaling Pathway (GO:0030948),1/10,0.204388639977025,0.6196692824307878,PDCD6,GO_Biological_Process_2023,4.813747228381375,7.642940512529682
Neuron Projection Maintenance (GO:1990535),1/10,0.204388639977025,0.6196692824307878,INSR,GO_Biological_Process_2023,4.813747228381375,7.642940512529682
Positive Regulation Of Actin Nucleation (GO:0051127),1/10,0.204388639977025,0.6196692824307878,BRK1,GO_Biological_Process_2023,4.813747228381375,7.642940512529682
Positive Regulation Of Cellular Senescence (GO:2000774),1/10,0.204388639977025,0.6196692824307878,B2M,GO_Biological_Process_2023,4.813747228381375,7.642940512529682
tRNA Threonylcarbamoyladenosine Metabolic Process (GO:0070525),1/10,0.204388639977025,0.6196692824307878,TPRKB,GO_Biological_Process_2023,4.813747228381375,7.642940512529682
Sterol Catabolic Process (GO:0016127),1/6,0.1281803606254961,0.6196692824307878,CYP27A1,GO_Biological_Process_2023,8.666518847006651,17.80377647372595
CXCR Chemokine Receptor Binding (GO:0045236),1/16,0.3064186765053858,0.6220668312187653,PF4,GO_Molecular_Function_2023,2.887361419068736,3.415179426102039
Low-Density Lipoprotein Particle Binding (GO:0030169),1/16,0.3064186765053858,0.6220668312187653,TREM2,GO_Molecular_Function_2023,2.887361419068736,3.415179426102039
Metabolism Of Steroids R-HSA-8957322,4/153,0.4557333649410679,0.6235454638072182,CYP27A1;POMC;STARD3NL;SAR1B,Reactome_2022,1.1624520613614573,0.9135098910953786
G Alpha (S) Signaling Events R-HSA-418555,4/153,0.4557333649410679,0.6235454638072182,POMC;GNG10;GNGT2;RAMP1,Reactome_2022,1.1624520613614573,0.9135098910953786
SARS-CoV-2 Infection R-HSA-9694516,7/283,0.4581444601119614,0.6256748970185743,MAP1LC3B;SUMO1;SAR1B;CNBP;RPS3;RPS27L;B2M,Reactome_2022,1.098387884709331,0.8573694324516467
Postmitotic Nuclear Pore Complex (NPC) Reformation R-HSA-9615933,1/27,0.4607661345434268,0.6257528951498857,SUMO1,Reactome_2022,1.664847347774177,1.290031382484892
Effects Of PIP2 Hydrolysis R-HSA-114508,1/27,0.4607661345434268,0.6257528951498857,DGKA,Reactome_2022,1.664847347774177,1.290031382484892
Role Of Nef In HIV-1 Replication And Disease Pathogenesis R-HSA-164952,1/27,0.4607661345434268,0.6257528951498857,B2M,Reactome_2022,1.664847347774177,1.290031382484892
S-adenosylmethionine-dependent Methyltransferase Activity (GO:0008757),2/50,0.3125192705158425,0.6268987747847556,N6AMT1;HNMT,GO_Molecular_Function_2023,1.805555555555556,2.100022069268198
Chemokine Receptor Binding (GO:0042379),2/50,0.3125192705158425,0.6268987747847556,CCL24;PF4,GO_Molecular_Function_2023,1.805555555555556,2.100022069268198
Positive Regulation Of Hydrolase Activity (GO:0051345),6/176,0.2088204210048939,0.6311614011080396,CCL24;RGS1;RPS3;RGS10;CALM2;S100A10,GO_Biological_Process_2023,1.5334740174096544,2.401850643955942
Positive Regulation Of Lipid Transport (GO:0032370),1/11,0.2223784262078615,0.6315278569045009,TRIAP1,GO_Biological_Process_2023,4.332150776053215,6.512845984951964
Positive Regulation Of Platelet Aggregation (GO:1901731),1/11,0.2223784262078615,0.6315278569045009,IL6,GO_Biological_Process_2023,4.332150776053215,6.512845984951964
Regulation Of Cellular Localization (GO:0060341),3/72,0.2223773055275322,0.6315278569045009,SUMO1;REEP5;CAMK1,GO_Biological_Process_2023,1.8862205868112716,2.8357058631115493
Regulation Of Astrocyte Differentiation (GO:0048710),1/11,0.2223784262078615,0.6315278569045009,IL6,GO_Biological_Process_2023,4.332150776053215,6.512845984951964
Regulation Of Cell Communication By Electrical Coupling Involved In Cardiac Conduction (GO:1901844),1/11,0.2223784262078615,0.6315278569045009,CALM2,GO_Biological_Process_2023,4.332150776053215,6.512845984951964
Negative Regulation Of Mitochondrion Organization (GO:0010823),2/39,0.2201517701478481,0.6315278569045009,PSMD10;TRIAP1,GO_Biological_Process_2023,2.343663663663664,3.5469898966307705
Positive Regulation Of ATP-dependent Activity (GO:0032781),2/39,0.2201517701478481,0.6315278569045009,GABARAPL2;DNAJC24,GO_Biological_Process_2023,2.343663663663664,3.5469898966307705
Positive Regulation Of Intrinsic Apoptotic Signaling Pathway (GO:2001244),2/39,0.2201517701478481,0.6315278569045009,FIS1;RPS3,GO_Biological_Process_2023,2.343663663663664,3.5469898966307705
Negative Regulation Of Catabolic Process (GO:0009895),3/72,0.2223773055275322,0.6315278569045009,CST3;RPL5;ATRAID,GO_Biological_Process_2023,1.8862205868112716,2.8357058631115493
Regulation Of Monocyte Chemotactic Protein-1 Production (GO:0071637),1/11,0.2223784262078615,0.6315278569045009,CLEC7A,GO_Biological_Process_2023,4.332150776053215,6.512845984951964
Biogenic Amine Biosynthetic Process (GO:0042401),1/11,0.2223784262078615,0.6315278569045009,SAT1,GO_Biological_Process_2023,4.332150776053215,6.512845984951964
Cell Part Morphogenesis (GO:0032990),1/11,0.2223784262078615,0.6315278569045009,FIS1,GO_Biological_Process_2023,4.332150776053215,6.512845984951964
Cellular Response To Superoxide (GO:0071451),1/11,0.2223784262078615,0.6315278569045009,PRDX2,GO_Biological_Process_2023,4.332150776053215,6.512845984951964
Endoplasmic Reticulum Membrane Organization (GO:0090158),1/11,0.2223784262078615,0.6315278569045009,REEP5,GO_Biological_Process_2023,4.332150776053215,6.512845984951964
Smooth Muscle Cell Differentiation (GO:0051145),1/11,0.2223784262078615,0.6315278569045009,TMEM204,GO_Biological_Process_2023,4.332150776053215,6.512845984951964
Histone H2A Ubiquitination (GO:0033522),1/11,0.2223784262078615,0.6315278569045009,UBE2A,GO_Biological_Process_2023,4.332150776053215,6.512845984951964
Intrinsic Apoptotic Signaling Pathway In Response To Oxidative Stress (GO:0008631),1/11,0.2223784262078615,0.6315278569045009,DIABLO,GO_Biological_Process_2023,4.332150776053215,6.512845984951964
Lipoprotein Transport (GO:0042953),1/11,0.2223784262078615,0.6315278569045009,SAR1B,GO_Biological_Process_2023,4.332150776053215,6.512845984951964
Lysosomal Membrane Organization (GO:0097212),1/11,0.2223784262078615,0.6315278569045009,CHMP1B,GO_Biological_Process_2023,4.332150776053215,6.512845984951964
Intracellular Copper Ion Homeostasis (GO:0006878),1/11,0.2223784262078615,0.6315278569045009,COX19,GO_Biological_Process_2023,4.332150776053215,6.512845984951964
Neutrophil Chemotaxis (GO:0030593),3/70,0.2105491465830181,0.6315278569045009,CCL24;FCER1G;PF4,GO_Biological_Process_2023,1.9427251271482235,3.026836031340393
Regulation Of Notch Signaling Pathway (GO:0008593),3/70,0.2105491465830181,0.6315278569045009,MFNG;RITA1;ITGB1BP1,GO_Biological_Process_2023,1.9427251271482235,3.026836031340393
Tumor Necrosis Factor-Mediated Signaling Pathway (GO:0033209),2/38,0.211814772294039,0.6315278569045009,TMSB4X;TXNDC17,GO_Biological_Process_2023,2.408888888888889,3.738699383041741
mRNA Transcription By RNA Polymerase II (GO:0042789),2/38,0.211814772294039,0.6315278569045009,TAF13;S100A10,GO_Biological_Process_2023,2.408888888888889,3.738699383041741
Membrane Assembly (GO:0071709),2/38,0.211814772294039,0.6315278569045009,CHMP1B;S100A10,GO_Biological_Process_2023,2.408888888888889,3.738699383041741
Negative Regulation Of Type I Interferon Production (GO:0032480),2/38,0.211814772294039,0.6315278569045009,TYROBP;ATG12,GO_Biological_Process_2023,2.408888888888889,3.738699383041741
Positive Regulation Of Cation Channel Activity (GO:2001259),2/38,0.211814772294039,0.6315278569045009,TMSB4X;CALM2,GO_Biological_Process_2023,2.408888888888889,3.738699383041741
Negative Regulation Of Protein Binding (GO:0032091),3/71,0.2164461174818183,0.6315278569045009,ITGB1BP1;CAMK1;B2M,GO_Biological_Process_2023,1.914057382418446,2.9292995305943483
Positive Regulation Of Cell-Substrate Adhesion (GO:0010811),3/71,0.2164461174818183,0.6315278569045009,RAC3;CIB1;S100A10,GO_Biological_Process_2023,1.914057382418446,2.9292995305943483
Regulation Of Nitric Oxide Biosynthetic Process (GO:0045428),2/39,0.2201517701478481,0.6315278569045009,CLEC7A;INSR,GO_Biological_Process_2023,2.343663663663664,3.5469898966307705
Negative Regulation Of Bone Remodeling (GO:0046851),1/11,0.2223784262078615,0.6315278569045009,IL6,GO_Biological_Process_2023,4.332150776053215,6.512845984951964
Purine Ribonucleoside Monophosphate Metabolic Process (GO:0009167),1/11,0.2223784262078615,0.6315278569045009,GMPR2,GO_Biological_Process_2023,4.332150776053215,6.512845984951964
Negative Regulation Of Ryanodine-Sensitive Calcium-Release Channel Activity (GO:0060315),1/11,0.2223784262078615,0.6315278569045009,CALM2,GO_Biological_Process_2023,4.332150776053215,6.512845984951964
Nucleoside Phosphate Biosynthetic Process (GO:1901293),1/11,0.2223784262078615,0.6315278569045009,PNP,GO_Biological_Process_2023,4.332150776053215,6.512845984951964
Positive Regulation Of Keratinocyte Proliferation (GO:0010838),1/11,0.2223784262078615,0.6315278569045009,NOTCH2,GO_Biological_Process_2023,4.332150776053215,6.512845984951964
Methylguanosine-Cap Decapping (GO:0110156),1/11,0.2223784262078615,0.6315278569045009,LSM1,GO_Biological_Process_2023,4.332150776053215,6.512845984951964
Mitochondrial Genome Maintenance (GO:0000002),1/11,0.2223784262078615,0.6315278569045009,MPV17,GO_Biological_Process_2023,4.332150776053215,6.512845984951964
Negative Regulation Of Potassium Ion Transmembrane Transport (GO:1901380),1/11,0.2223784262078615,0.6315278569045009,KCNE3,GO_Biological_Process_2023,4.332150776053215,6.512845984951964
Positive Regulation Of Production Of Molecular Mediator Of Immune Response (GO:0002702),2/38,0.211814772294039,0.6315278569045009,IL6;DNAJB9,GO_Biological_Process_2023,2.408888888888889,3.738699383041741
Negative Regulation Of Release Of Sequestered Calcium Ion Into Cytosol (GO:0051280),1/11,0.2223784262078615,0.6315278569045009,CALM2,GO_Biological_Process_2023,4.332150776053215,6.512845984951964
Nonsense Mediated Decay (NMD) Enhanced By Exon Junction Complex (EJC) R-HSA-975957,3/112,0.4660782591735629,0.6317949735463853,RPL5;RPS3;RPS27L,Reactome_2022,1.1915776138615883,0.9096524009075564
Developmental Biology R-HSA-1266738,25/1073,0.4669897521113051,0.6318604409343352,PSMD10;RPL5;RPS27L;TREM2;KLK8;PSMA7;MED11;PSMB7;PSMB4;PSMB5;MED10;POLR2C;MED31;RPS3;POLR2E;POLR2H;POLR2J;POLR2K;PSMA6;MYL6;PSMA3;TYROBP;PSMA1;PSMA2;MED21,Reactome_2022,1.0335287913188052,0.7869783955812668
Positive Regulation Of T Cell Activation (GO:0050870),4/107,0.2233301514332956,0.6332740342301596,IL6;PNP;IL15;B2M,GO_Biological_Process_2023,1.6855929264909848,2.52687927155158
Protein Phosphatase 1 Binding (GO:0008157),1/17,0.3221061398204446,0.634793971459005,PPP1R11,GO_Molecular_Function_2023,2.706762749445676,3.066421578753248
tRNA Binding (GO:0000049),2/51,0.3208624164548719,0.634793971459005,HSD17B10;PSTK,GO_Molecular_Function_2023,1.7686167800453514,2.0104624913208946
Phosphatase Activator Activity (GO:0019211),1/17,0.3221061398204446,0.634793971459005,CALM2,GO_Molecular_Function_2023,2.706762749445676,3.066421578753248
Notch-HLH Transcription Pathway R-HSA-350054,1/28,0.4729692682017358,0.636421882947924,NOTCH2,Reactome_2022,1.6031042128603104,1.200283984858342
Keratan Sulfate Biosynthesis R-HSA-2022854,1/28,0.4729692682017358,0.636421882947924,ST3GAL6,Reactome_2022,1.6031042128603104,1.200283984858342
Paracetamol ADME R-HSA-9753281,1/28,0.4729692682017358,0.636421882947924,SULT1A1,Reactome_2022,1.6031042128603104,1.200283984858342
Cytokine-Mediated Signaling Pathway (GO:0019221),8/257,0.2271815734708415,0.6374055680263305,CCL24;IL6;FCER1G;IL15;TMSB4X;IL18;TXNDC17;PF4,GO_Biological_Process_2023,1.3965049386736137,2.0696282765464824
Response To Tumor Necrosis Factor (GO:0034612),4/108,0.228142894991406,0.6374055680263305,CCL24;ZFAND6;RPS3;CIB1,GO_Biological_Process_2023,1.6692994505494505,2.4668625401045734
Positive Regulation Of Metabolic Process (GO:0009893),4/108,0.228142894991406,0.6374055680263305,CLEC7A;INSR;UCP2;IL18,GO_Biological_Process_2023,1.6692994505494505,2.4668625401045734
mRNA 3'-End Processing (GO:0031124),2/40,0.2285152678749424,0.6374055680263305,CSTF3;SSU72,GO_Biological_Process_2023,2.28187134502924,3.368389527127487
Negative Regulation Of Intracellular Signal Transduction (GO:1902532),7/231,0.2686448858632555,0.6374055680263305,PSMD10;PER1;UBE2B;TMSB4X;PDCD6;CIB1;TREM2,GO_Biological_Process_2023,1.3570224719101125,1.7836227034428749
Ethanol Metabolic Process (GO:0006067),1/14,0.2739487760453591,0.6374055680263305,SULT1A1,GO_Biological_Process_2023,3.331911990448576,4.314206754505804
Serine Family Amino Acid Metabolic Process (GO:0009069),1/14,0.2739487760453591,0.6374055680263305,SRR,GO_Biological_Process_2023,3.331911990448576,4.314206754505804
Negative Regulation Of T Cell Mediated Immunity (GO:0002710),1/14,0.2739487760453591,0.6374055680263305,KLRD1,GO_Biological_Process_2023,3.331911990448576,4.314206754505804
Negative Regulation Of Peptidyl-Threonine Phosphorylation (GO:0010801),1/14,0.2739487760453591,0.6374055680263305,CALM2,GO_Biological_Process_2023,3.331911990448576,4.314206754505804
Negative Regulation Of Nucleocytoplasmic Transport (GO:0046823),1/14,0.2739487760453591,0.6374055680263305,SUMO1,GO_Biological_Process_2023,3.331911990448576,4.314206754505804
Negative Regulation Of Leukocyte Mediated Cytotoxicity (GO:0001911),1/14,0.2739487760453591,0.6374055680263305,KLRD1,GO_Biological_Process_2023,3.331911990448576,4.314206754505804
Regulation Of Hemopoiesis (GO:1903706),1/14,0.2739487760453591,0.6374055680263305,NOTCH2,GO_Biological_Process_2023,3.331911990448576,4.314206754505804
Regulation Of Macrophage Differentiation (GO:0045649),1/14,0.2739487760453591,0.6374055680263305,PF4,GO_Biological_Process_2023,3.331911990448576,4.314206754505804
"Blood Coagulation, Fibrin Clot Formation (GO:0072378)",1/14,0.2739487760453591,0.6374055680263305,GP9,GO_Biological_Process_2023,3.331911990448576,4.314206754505804
Regulation Of Sequestering Of Triglyceride (GO:0010889),1/14,0.2739487760453591,0.6374055680263305,TREM2,GO_Biological_Process_2023,3.331911990448576,4.314206754505804
Dolichol Metabolic Process (GO:0019348),1/14,0.2739487760453591,0.6374055680263305,PDCD6,GO_Biological_Process_2023,3.331911990448576,4.314206754505804
Positive Regulation Of Glycogen Metabolic Process (GO:0070875),1/14,0.2739487760453591,0.6374055680263305,INSR,GO_Biological_Process_2023,3.331911990448576,4.314206754505804
Positive Regulation Of Protein-Containing Complex Disassembly (GO:0043243),1/14,0.2739487760453591,0.6374055680263305,INSR,GO_Biological_Process_2023,3.331911990448576,4.314206754505804
Positive Regulation Of Mitochondrial Translation (GO:0070131),1/14,0.2739487760453591,0.6374055680263305,NGRN,GO_Biological_Process_2023,3.331911990448576,4.314206754505804
Positive Regulation Of Long-Term Synaptic Potentiation (GO:1900273),1/14,0.2739487760453591,0.6374055680263305,SQSTM1,GO_Biological_Process_2023,3.331911990448576,4.314206754505804
Positive Regulation Of Endothelial Cell Chemotaxis (GO:2001028),1/14,0.2739487760453591,0.6374055680263305,TMSB4X,GO_Biological_Process_2023,3.331911990448576,4.314206754505804
Regulation Of Apoptotic Signaling Pathway (GO:2001233),2/45,0.2705477373297945,0.6374055680263305,PTPMT1;RPS3,GO_Biological_Process_2023,2.0160206718346254,2.6355573682230937
Striated Muscle Tissue Development (GO:0014706),1/14,0.2739487760453591,0.6374055680263305,NDUFV2,GO_Biological_Process_2023,3.331911990448576,4.314206754505804
Primary Alcohol Metabolic Process (GO:0034308),1/14,0.2739487760453591,0.6374055680263305,PECR,GO_Biological_Process_2023,3.331911990448576,4.314206754505804
Protein Activation Cascade (GO:0072376),1/14,0.2739487760453591,0.6374055680263305,GP9,GO_Biological_Process_2023,3.331911990448576,4.314206754505804
Protein Localization To Vacuole (GO:0072665),1/14,0.2739487760453591,0.6374055680263305,LAMTOR5,GO_Biological_Process_2023,3.331911990448576,4.314206754505804
Protein Maturation By Iron-Sulfur Cluster Transfer (GO:0097428),1/14,0.2739487760453591,0.6374055680263305,MAGEF1,GO_Biological_Process_2023,3.331911990448576,4.314206754505804
Regulation Of MHC Class II Biosynthetic Process (GO:0045346),1/14,0.2739487760453591,0.6374055680263305,PF4,GO_Biological_Process_2023,3.331911990448576,4.314206754505804
Positive Regulation Of Acute Inflammatory Response (GO:0002675),1/14,0.2739487760453591,0.6374055680263305,IL6,GO_Biological_Process_2023,3.331911990448576,4.314206754505804
Positive Regulation Of Adaptive Immune Response Based On Somatic Recombination Of Immune Receptors Built From Immunoglobulin Superfamily Domains (GO:0002824),1/14,0.2739487760453591,0.6374055680263305,CLEC7A,GO_Biological_Process_2023,3.331911990448576,4.314206754505804
Negative Regulation Of Transcription Regulatory Region DNA Binding (GO:2000678),1/14,0.2739487760453591,0.6374055680263305,TMSB4X,GO_Biological_Process_2023,3.331911990448576,4.314206754505804
C-terminal Protein Amino Acid Modification (GO:0018410),1/12,0.2399623198560257,0.6374055680263305,ATG12,GO_Biological_Process_2023,3.938117315057448,5.620769966069832
Cotranslational Protein Targeting To Membrane (GO:0006613),1/13,0.2571494589092296,0.6374055680263305,SRP14,GO_Biological_Process_2023,3.609756097560976,4.902401854149645
Cranial Nerve Development (GO:0021545),1/13,0.2571494589092296,0.6374055680263305,TMEM126A,GO_Biological_Process_2023,3.609756097560976,4.902401854149645
Response To Nerve Growth Factor (GO:1990089),1/13,0.2571494589092296,0.6374055680263305,CIB1,GO_Biological_Process_2023,3.609756097560976,4.902401854149645
"Endonucleolytic Cleavage Of Tricistronic rRNA Transcript (SSU-rRNA, 5.8S rRNA, LSU-rRNA) (GO:0000479)",1/13,0.2571494589092296,0.6374055680263305,RCL1,GO_Biological_Process_2023,3.609756097560976,4.902401854149645
Substrate-Dependent Cell Migration (GO:0006929),1/13,0.2571494589092296,0.6374055680263305,ITGB1BP1,GO_Biological_Process_2023,3.609756097560976,4.902401854149645
Interleukin-6-Mediated Signaling Pathway (GO:0070102),1/13,0.2571494589092296,0.6374055680263305,IL6,GO_Biological_Process_2023,3.609756097560976,4.902401854149645
Killing By Host Of Symbiont Cells (GO:0051873),1/13,0.2571494589092296,0.6374055680263305,PF4,GO_Biological_Process_2023,3.609756097560976,4.902401854149645
"Negative Regulation Of DNA Damage Response, Signal Transduction By P53 Class Mediator (GO:0043518)",1/13,0.2571494589092296,0.6374055680263305,PSMD10,GO_Biological_Process_2023,3.609756097560976,4.902401854149645
Negative Regulation Of NLRP3 Inflammasome Complex Assembly (GO:1900226),1/13,0.2571494589092296,0.6374055680263305,TREM2,GO_Biological_Process_2023,3.609756097560976,4.902401854149645
Negative Regulation Of Bone Mineralization (GO:0030502),1/13,0.2571494589092296,0.6374055680263305,SRGN,GO_Biological_Process_2023,3.609756097560976,4.902401854149645
Negative Regulation Of Cell Activation (GO:0050866),1/13,0.2571494589092296,0.6374055680263305,TREM2,GO_Biological_Process_2023,3.609756097560976,4.902401854149645
Negative Regulation Of Cell Migration Involved In Sprouting Angiogenesis (GO:0090051),1/13,0.2571494589092296,0.6374055680263305,ITGB1BP1,GO_Biological_Process_2023,3.609756097560976,4.902401854149645
Negative Regulation Of Endoplasmic Reticulum Unfolded Protein Response (GO:1900102),1/13,0.2571494589092296,0.6374055680263305,DNAJB9,GO_Biological_Process_2023,3.609756097560976,4.902401854149645
Negative Regulation Of Neuroinflammatory Response (GO:0150079),1/13,0.2571494589092296,0.6374055680263305,TREM2,GO_Biological_Process_2023,3.609756097560976,4.902401854149645
Negative Regulation Of Translational Initiation (GO:0045947),1/13,0.2571494589092296,0.6374055680263305,PAIP2,GO_Biological_Process_2023,3.609756097560976,4.902401854149645
Negative Regulation Of DNA-binding Transcription Factor Activity (GO:0043433),5/149,0.2479670298518661,0.6374055680263305,PSMD10;SUMO1;TMSB4X;COMMD1;COMMD6,GO_Biological_Process_2023,1.5072706935123044,2.1018279162376508
Neutrophil Migration (GO:1990266),3/77,0.2524702305577955,0.6374055680263305,CCL24;FCER1G;PF4,GO_Biological_Process_2023,1.7583217961837116,2.4202630236831064
Regulation Of T Cell Proliferation (GO:0042129),3/77,0.2524702305577955,0.6374055680263305,IL6;PNP;IL15,GO_Biological_Process_2023,1.7583217961837116,2.4202630236831064
mRNA Transcription (GO:0009299),2/43,0.253711493316693,0.6374055680263305,TAF13;S100A10,GO_Biological_Process_2023,2.114579945799458,2.9002680064623823
Positive Regulation Of Cell-Matrix Adhesion (GO:0001954),2/43,0.253711493316693,0.6374055680263305,CIB1;S100A10,GO_Biological_Process_2023,2.114579945799458,2.9002680064623823
Positive Regulation Of Receptor-Mediated Endocytosis (GO:0048260),2/43,0.253711493316693,0.6374055680263305,INSR;B2M,GO_Biological_Process_2023,2.114579945799458,2.9002680064623823
Positive Regulation Of Stress Fiber Assembly (GO:0051496),2/43,0.253711493316693,0.6374055680263305,ITGB1BP1;S100A10,GO_Biological_Process_2023,2.114579945799458,2.9002680064623823
Regulation Of JUN Kinase Activity (GO:0043506),2/43,0.253711493316693,0.6374055680263305,RPS3;PDCD4,GO_Biological_Process_2023,2.114579945799458,2.9002680064623823
N-terminal Protein Amino Acid Modification (GO:0031365),1/13,0.2571494589092296,0.6374055680263305,NAA20,GO_Biological_Process_2023,3.609756097560976,4.902401854149645
Regulation Of Humoral Immune Response (GO:0002920),1/13,0.2571494589092296,0.6374055680263305,CR1L,GO_Biological_Process_2023,3.609756097560976,4.902401854149645
Regulation Of Immune Effector Process (GO:0002697),1/13,0.2571494589092296,0.6374055680263305,CR1L,GO_Biological_Process_2023,3.609756097560976,4.902401854149645
Regulation Of Intrinsic Apoptotic Signaling Pathway In Response To DNA Damage By P53 Class Mediator (GO:1902165),1/13,0.2571494589092296,0.6374055680263305,TRIAP1,GO_Biological_Process_2023,3.609756097560976,4.902401854149645
Regulation Of Lamellipodium Organization (GO:1902743),1/13,0.2571494589092296,0.6374055680263305,TWF1,GO_Biological_Process_2023,3.609756097560976,4.902401854149645
Acute-Phase Response (GO:0006953),1/13,0.2571494589092296,0.6374055680263305,IL6,GO_Biological_Process_2023,3.609756097560976,4.902401854149645
Regulation Of Interleukin-6 Production (GO:0032675),4/114,0.2575260434628174,0.6374055680263305,IL6;TYROBP;CLEC7A;TREM2,GO_Biological_Process_2023,1.5777597402597403,2.1404431769602006
Autophagosome Maturation (GO:0097352),2/44,0.2621288501616047,0.6374055680263305,MAP1LC3B;CHMP1B,GO_Biological_Process_2023,2.0641269841269843,2.7636990471805407
Relaxation Of Muscle (GO:0090075),1/13,0.2571494589092296,0.6374055680263305,RGS2,GO_Biological_Process_2023,3.609756097560976,4.902401854149645
Neutrophil Mediated Immunity (GO:0002446),1/12,0.2399623198560257,0.6374055680263305,IL6,GO_Biological_Process_2023,3.938117315057448,5.620769966069832
Atrial Septum Development (GO:0003283),1/13,0.2571494589092296,0.6374055680263305,NOTCH2,GO_Biological_Process_2023,3.609756097560976,4.902401854149645
Regulation Of Myoblast Fusion (GO:1901739),1/13,0.2571494589092296,0.6374055680263305,CD53,GO_Biological_Process_2023,3.609756097560976,4.902401854149645
Oligosaccharide-Lipid Intermediate Biosynthetic Process (GO:0006490),1/12,0.2399623198560257,0.6374055680263305,PDCD6,GO_Biological_Process_2023,3.938117315057448,5.620769966069832
Positive Regulation Of Protein Export From Nucleus (GO:0046827),1/12,0.2399623198560257,0.6374055680263305,CAMK1,GO_Biological_Process_2023,3.938117315057448,5.620769966069832
Positive Regulation Of T-helper 1 Type Immune Response (GO:0002827),1/12,0.2399623198560257,0.6374055680263305,IL18,GO_Biological_Process_2023,3.938117315057448,5.620769966069832
Positive Regulation Of T-helper Cell Differentiation (GO:0045624),1/12,0.2399623198560257,0.6374055680263305,IL18,GO_Biological_Process_2023,3.938117315057448,5.620769966069832
Positive Regulation Of Myeloid Leukocyte Mediated Immunity (GO:0002888),1/12,0.2399623198560257,0.6374055680263305,TYROBP,GO_Biological_Process_2023,3.938117315057448,5.620769966069832
Regulation Of Actin Filament Organization (GO:0110053),1/12,0.2399623198560257,0.6374055680263305,BRK1,GO_Biological_Process_2023,3.938117315057448,5.620769966069832
Regulation Of Cell Communication By Electrical Coupling (GO:0010649),1/12,0.2399623198560257,0.6374055680263305,CALM2,GO_Biological_Process_2023,3.938117315057448,5.620769966069832
Defense Response To Gram-negative Bacterium (GO:0050829),3/75,0.2403542297767599,0.6374055680263305,IL6;RNASE6;TREM2,GO_Biological_Process_2023,1.8073496659242765,2.576632664157513
Monocyte Chemotaxis (GO:0002548),2/42,0.2453002278261921,0.6374055680263305,CCL24;IL6,GO_Biological_Process_2023,2.1675555555555555,3.0460059954185126
Negative Regulation Of I-kappaB kinase/NF-kappaB Signaling (GO:0043124),2/42,0.2453002278261921,0.6374055680263305,PER1;TREM2,GO_Biological_Process_2023,2.1675555555555555,3.0460059954185126
Positive Regulation Of Protein Localization To Cell Surface (GO:2000010),1/12,0.2399623198560257,0.6374055680263305,TYROBP,GO_Biological_Process_2023,3.938117315057448,5.620769966069832
Protein Insertion Into Mitochondrial Inner Membrane (GO:0045039),1/12,0.2399623198560257,0.6374055680263305,TIMM10,GO_Biological_Process_2023,3.938117315057448,5.620769966069832
Pseudouridine Synthesis (GO:0001522),1/12,0.2399623198560257,0.6374055680263305,PUS3,GO_Biological_Process_2023,3.938117315057448,5.620769966069832
Regulation Of Tube Diameter (GO:0035296),1/12,0.2399623198560257,0.6374055680263305,ITGB1BP1,GO_Biological_Process_2023,3.938117315057448,5.620769966069832
Relaxation Of Cardiac Muscle (GO:0055119),1/12,0.2399623198560257,0.6374055680263305,RGS2,GO_Biological_Process_2023,3.938117315057448,5.620769966069832
Response To Interleukin-6 (GO:0070741),1/12,0.2399623198560257,0.6374055680263305,ST3GAL6,GO_Biological_Process_2023,3.938117315057448,5.620769966069832
Response To Iron Ion (GO:0010039),1/12,0.2399623198560257,0.6374055680263305,B2M,GO_Biological_Process_2023,3.938117315057448,5.620769966069832
Defense Response To Tumor Cell (GO:0002357),1/12,0.2399623198560257,0.6374055680263305,PRDX2,GO_Biological_Process_2023,3.938117315057448,5.620769966069832
Detection Of Calcium Ion (GO:0005513),1/12,0.2399623198560257,0.6374055680263305,CALM2,GO_Biological_Process_2023,3.938117315057448,5.620769966069832
Ribosome Disassembly (GO:0032790),1/12,0.2399623198560257,0.6374055680263305,MCTS1,GO_Biological_Process_2023,3.938117315057448,5.620769966069832
Regulation Of Protein Localization To Plasma Membrane (GO:1903076),3/80,0.2707999120932149,0.6374055680263305,CIB1;TREM2;SQSTM1,GO_Biological_Process_2023,1.689555433430712,2.2071930850515704
Regulation Of Signal Transduction (GO:0009966),6/193,0.2718749737659769,0.6374055680263305,RGS2;SUMO1;TMEM204;MFNG;TREM2;ITGB1BP1,GO_Biological_Process_2023,1.3928442962998488,1.814058481750468
Regulation Of I-kappaB kinase/NF-kappaB Signaling (GO:0043122),7/232,0.2721344948752506,0.6374055680263305,PER1;CLEC7A;ZFAND6;S100A4;TREM2;SQSTM1;LAMTOR5,GO_Biological_Process_2023,1.3509213483146068,1.758168569330677
Protein Maturation (GO:0051604),4/117,0.2724927979753919,0.6374055680263305,SRGN;NAA20;MAGEF1;ECE2,GO_Biological_Process_2023,1.535635271807838,1.9965455945821784
Positive Regulation Of Response To External Stimulus (GO:0032103),5/155,0.2736452080580184,0.6374055680263305,IL15;NINJ1;IL18;PDCD4;TREM2,GO_Biological_Process_2023,1.4465324384787472,1.874594473204088
Regulation Of Cholesterol Storage (GO:0010885),1/14,0.2739487760453591,0.6374055680263305,TREM2,GO_Biological_Process_2023,3.331911990448576,4.314206754505804
Organic Hydroxy Compound Biosynthetic Process (GO:1901617),2/42,0.2453002278261921,0.6374055680263305,CYP27A1;HSD17B10,GO_Biological_Process_2023,2.1675555555555555,3.0460059954185126
Positive Regulation Of Interleukin-6 Production (GO:0032755),3/76,0.2464004933730222,0.6374055680263305,IL6;TYROBP;CLEC7A,GO_Biological_Process_2023,1.7824999237270036,2.496920625868085
Cell Projection Assembly (GO:0030031),1/12,0.2399623198560257,0.6374055680263305,RAC3,GO_Biological_Process_2023,3.938117315057448,5.620769966069832
Plasma Membrane Tubulation (GO:0097320),1/13,0.2571494589092296,0.6374055680263305,BIN3,GO_Biological_Process_2023,3.609756097560976,4.902401854149645
Regulation Of Establishment Of Protein Localization (GO:0070201),1/14,0.2739487760453591,0.6374055680263305,TREM2,GO_Biological_Process_2023,3.331911990448576,4.314206754505804
Regulation Of Endothelial Cell Chemotaxis (GO:2001026),1/14,0.2739487760453591,0.6374055680263305,TMSB4X,GO_Biological_Process_2023,3.331911990448576,4.314206754505804
Positive Regulation Of T Cell Receptor Signaling Pathway (GO:0050862),1/13,0.2571494589092296,0.6374055680263305,RPS3,GO_Biological_Process_2023,3.609756097560976,4.902401854149645
Positive Regulation Of Glycoprotein Biosynthetic Process (GO:0010560),1/13,0.2571494589092296,0.6374055680263305,RAMP1,GO_Biological_Process_2023,3.609756097560976,4.902401854149645
Positive Regulation Of Granulocyte Macrophage Colony-Stimulating Factor Production (GO:0032725),1/13,0.2571494589092296,0.6374055680263305,IL18,GO_Biological_Process_2023,3.609756097560976,4.902401854149645
Positive Regulation Of Alpha-Beta T Cell Differentiation (GO:0046638),1/13,0.2571494589092296,0.6374055680263305,PNP,GO_Biological_Process_2023,3.609756097560976,4.902401854149645
Positive Regulation Of T-helper 17 Type Immune Response (GO:2000318),1/13,0.2571494589092296,0.6374055680263305,CLEC7A,GO_Biological_Process_2023,3.609756097560976,4.902401854149645
Granulocyte Activation (GO:0036230),1/12,0.2399623198560257,0.6374055680263305,IL15,GO_Biological_Process_2023,3.938117315057448,5.620769966069832
Vascular Process In Circulatory System (GO:0003018),1/12,0.2399623198560257,0.6374055680263305,ITGB1BP1,GO_Biological_Process_2023,3.938117315057448,5.620769966069832
Negative Regulation Of JUN Kinase Activity (GO:0043508),1/12,0.2399623198560257,0.6374055680263305,PDCD4,GO_Biological_Process_2023,3.938117315057448,5.620769966069832
Lipoprotein Localization (GO:0044872),1/12,0.2399623198560257,0.6374055680263305,SAR1B,GO_Biological_Process_2023,3.938117315057448,5.620769966069832
Negative Regulation Of Cardiac Muscle Hypertrophy (GO:0010614),1/12,0.2399623198560257,0.6374055680263305,RGS2,GO_Biological_Process_2023,3.938117315057448,5.620769966069832
Negative Regulation Of Complement Activation (GO:0045916),1/12,0.2399623198560257,0.6374055680263305,CR1L,GO_Biological_Process_2023,3.938117315057448,5.620769966069832
Potassium Ion Export Across Plasma Membrane (GO:0097623),1/13,0.2571494589092296,0.6374055680263305,KCNE3,GO_Biological_Process_2023,3.609756097560976,4.902401854149645
Positive Regulation Of Glycogen Biosynthetic Process (GO:0045725),1/13,0.2571494589092296,0.6374055680263305,INSR,GO_Biological_Process_2023,3.609756097560976,4.902401854149645
Negative Regulation Of Substrate Adhesion-Dependent Cell Spreading (GO:1900025),1/12,0.2399623198560257,0.6374055680263305,ITGB1BP1,GO_Biological_Process_2023,3.938117315057448,5.620769966069832
Negative Regulation Of Intrinsic Apoptotic Signaling Pathway In Response To DNA Damage By P53 Class Mediator (GO:1902166),1/12,0.2399623198560257,0.6374055680263305,TRIAP1,GO_Biological_Process_2023,3.938117315057448,5.620769966069832
Formation Of Cytoplasmic Translation Initiation Complex (GO:0001732),1/14,0.2739487760453591,0.6374055680263305,EIF3M,GO_Biological_Process_2023,3.331911990448576,4.314206754505804
Histone H2A Monoubiquitination (GO:0035518),1/14,0.2739487760453591,0.6374055680263305,PCGF1,GO_Biological_Process_2023,3.331911990448576,4.314206754505804
Histone mRNA Catabolic Process (GO:0071044),1/14,0.2739487760453591,0.6374055680263305,LSM1,GO_Biological_Process_2023,3.331911990448576,4.314206754505804
Lipoprotein Biosynthetic Process (GO:0042158),1/14,0.2739487760453591,0.6374055680263305,ATG12,GO_Biological_Process_2023,3.331911990448576,4.314206754505804
"Maturation Of LSU-rRNA From Tricistronic rRNA Transcript (SSU-rRNA, 5.8S rRNA, LSU-rRNA) (GO:0000463)",1/14,0.2739487760453591,0.6374055680263305,ZNHIT3,GO_Biological_Process_2023,3.331911990448576,4.314206754505804
Medium-Chain Fatty Acid Metabolic Process (GO:0051791),1/14,0.2739487760453591,0.6374055680263305,ACADM,GO_Biological_Process_2023,3.331911990448576,4.314206754505804
Membrane Raft Organization (GO:0031579),1/14,0.2739487760453591,0.6374055680263305,S100A10,GO_Biological_Process_2023,3.331911990448576,4.314206754505804
Mitochondrion Transport Along Microtubule (GO:0047497),1/14,0.2739487760453591,0.6374055680263305,HSBP1,GO_Biological_Process_2023,3.331911990448576,4.314206754505804
Regulation Of Transport (GO:0051049),2/44,0.2621288501616047,0.6374055680263305,REEP5;SAR1B,GO_Biological_Process_2023,2.0641269841269843,2.7636990471805407
Neural Crest Cell Development (GO:0014032),2/44,0.2621288501616047,0.6374055680263305,PEF1;PDCD6,GO_Biological_Process_2023,2.0641269841269843,2.7636990471805407
Positive Regulation Of Osteoblast Differentiation (GO:0045669),2/44,0.2621288501616047,0.6374055680263305,IL6;ATRAID,GO_Biological_Process_2023,2.0641269841269843,2.7636990471805407
Vesicle Fusion (GO:0006906),3/79,0.2646719435301811,0.6374055680263305,CHMP1B;YIPF4;SEC22B,GO_Biological_Process_2023,1.7118743406400188,2.2755332225529443
Positive Regulation Of Catabolic Process (GO:0009896),3/79,0.2646719435301811,0.6374055680263305,MAGEF1;SEC22B;OAZ2,GO_Biological_Process_2023,1.7118743406400188,2.2755332225529443
Positive Regulation Of Protein Modification By Small Protein Conjugation Or Removal (GO:1903322),3/79,0.2646719435301811,0.6374055680263305,PSMD10;SUMO1;COMMD1,GO_Biological_Process_2023,1.7118743406400188,2.2755332225529443
Regulation Of Release Of Cytochrome C From Mitochondria (GO:0090199),2/41,0.2368998238365741,0.6374055680263305,PSMD10;TRIAP1,GO_Biological_Process_2023,2.223247863247863,3.2017390694273558
Regulation Of Leukocyte Adhesion To Vascular Endothelial Cell (GO:1904994),1/12,0.2399623198560257,0.6374055680263305,IL6,GO_Biological_Process_2023,3.938117315057448,5.620769966069832
Actin-Myosin Filament Sliding (GO:0033275),1/12,0.2399623198560257,0.6374055680263305,MYL6,GO_Biological_Process_2023,3.938117315057448,5.620769966069832
Regulation Of Cell Projection Organization (GO:0031344),1/13,0.2571494589092296,0.6374055680263305,TREM2,GO_Biological_Process_2023,3.609756097560976,4.902401854149645
Regulation Of T-helper 17 Type Immune Response (GO:2000316),1/13,0.2571494589092296,0.6374055680263305,CLEC7A,GO_Biological_Process_2023,3.609756097560976,4.902401854149645
Regulation Of IRE1-mediated Unfolded Protein Response (GO:1903894),1/13,0.2571494589092296,0.6374055680263305,DNAJB9,GO_Biological_Process_2023,3.609756097560976,4.902401854149645
Purine Ribonucleoside Bisphosphate Metabolic Process (GO:0034035),1/13,0.2571494589092296,0.6374055680263305,SULT1A1,GO_Biological_Process_2023,3.609756097560976,4.902401854149645
Protein Localization To Phagophore Assembly Site (GO:0034497),1/13,0.2571494589092296,0.6374055680263305,LRBA,GO_Biological_Process_2023,3.609756097560976,4.902401854149645
Protein Import Into Peroxisome Matrix (GO:0016558),1/13,0.2571494589092296,0.6374055680263305,PEX7,GO_Biological_Process_2023,3.609756097560976,4.902401854149645
Macromolecule Biosynthetic Process (GO:0009059),6/183,0.2341636153313295,0.6374055680263305,MRPS17;RPL5;RPS3;MRPL14;MRPS6;MRPS18C,GO_Biological_Process_2023,1.4722961161358972,2.137384092408158
Granulocyte Chemotaxis (GO:0071621),3/73,0.2283405017762808,0.6374055680263305,CCL24;FCER1G;PF4,GO_Biological_Process_2023,1.8591791282214445,2.7458538837869706
Cardiolipin Metabolic Process (GO:0032048),1/12,0.2399623198560257,0.6374055680263305,PTPMT1,GO_Biological_Process_2023,3.938117315057448,5.620769966069832
Attachment Of Mitotic Spindle Microtubules To Kinetochore (GO:0051315),1/12,0.2399623198560257,0.6374055680263305,RMDN1,GO_Biological_Process_2023,3.938117315057448,5.620769966069832
Axonal Transport Of Mitochondrion (GO:0019896),1/12,0.2399623198560257,0.6374055680263305,HSBP1,GO_Biological_Process_2023,3.938117315057448,5.620769966069832
Astrocyte Activation (GO:0048143),1/12,0.2399623198560257,0.6374055680263305,TREM2,GO_Biological_Process_2023,3.938117315057448,5.620769966069832
Aspartate Family Amino Acid Metabolic Process (GO:0009066),1/12,0.2399623198560257,0.6374055680263305,NIT2,GO_Biological_Process_2023,3.938117315057448,5.620769966069832
C4-dicarboxylate Transport (GO:0015740),1/12,0.2399623198560257,0.6374055680263305,UCP2,GO_Biological_Process_2023,3.938117315057448,5.620769966069832
Phosphoric Ester Hydrolase Activity (GO:0042578),2/52,0.3291804606600687,0.6424696514728799,DUSP12;NANP,GO_Molecular_Function_2023,1.7331555555555556,1.925794350017603
Glutamate Receptor Binding (GO:0035254),1/18,0.337439549883382,0.6424696514728799,SQSTM1,GO_Molecular_Function_2023,2.547410982131212,2.76742805674558
Nucleobase-Containing Compound Kinase Activity (GO:0019205),1/18,0.337439549883382,0.6424696514728799,NME3,GO_Molecular_Function_2023,2.547410982131212,2.76742805674558
"Hydrolase Activity, Hydrolyzing N-glycosyl Compounds (GO:0016799)",1/18,0.337439549883382,0.6424696514728799,RPS3,GO_Molecular_Function_2023,2.547410982131212,2.76742805674558
"Oxidoreductase Activity, Acting On The CH-CH Group Of Donors, NAD Or NADP As Acceptor (GO:0016628)",1/18,0.337439549883382,0.6424696514728799,PECR,GO_Molecular_Function_2023,2.547410982131212,2.76742805674558
Nucleoside Monophosphate Kinase Activity (GO:0050145),1/18,0.337439549883382,0.6424696514728799,GUK1,GO_Molecular_Function_2023,2.547410982131212,2.76742805674558
Activation Of Protein Kinase Activity (GO:0032147),3/81,0.2769433410294108,0.643576614505924,INSR;IL18;ITGB1BP1,GO_Biological_Process_2023,1.6678088058934384,2.141370338805254
Ribonucleoprotein Complex Biogenesis (GO:0022613),4/118,0.2775151193907482,0.6441091659933417,RCL1;RPL5;NIP7;FCF1,GO_Biological_Process_2023,1.5220864661654134,1.9511319907053464
Uptake And Actions Of Bacterial Toxins R-HSA-5339562,1/29,0.4848968352380255,0.6441823655067781,CD9,Reactome_2022,1.5457713018688628,1.1188588257899288
TNFs Bind Their Physiological Receptors R-HSA-5669034,1/29,0.4848968352380255,0.6441823655067781,TNFRSF17,Reactome_2022,1.5457713018688628,1.1188588257899288
SUMOylation Of Intracellular Receptors R-HSA-4090294,1/29,0.4848968352380255,0.6441823655067781,SUMO1,Reactome_2022,1.5457713018688628,1.1188588257899288
Budding And Maturation Of HIV Virion R-HSA-162588,1/29,0.4848968352380255,0.6441823655067781,VTA1,Reactome_2022,1.5457713018688628,1.1188588257899288
HSF1 Activation R-HSA-3371511,1/29,0.4848968352380255,0.6441823655067781,HSBP1,Reactome_2022,1.5457713018688628,1.1188588257899288
Dectin-2 Family R-HSA-5621480,1/29,0.4848968352380255,0.6441823655067781,FCER1G,Reactome_2022,1.5457713018688628,1.1188588257899288
Processing Of Capped Intronless Pre-mRNA R-HSA-75067,1/29,0.4848968352380255,0.6441823655067781,CSTF3,Reactome_2022,1.5457713018688628,1.1188588257899288
Positive Regulation Of Blood Vessel Endothelial Cell Migration (GO:0043536),2/46,0.2789637960207963,0.6450823327418168,TMSB4X;CIB1,GO_Biological_Process_2023,1.97010101010101,2.5151752967216146
Negative Regulation Of Cold-Induced Thermogenesis (GO:0120163),2/46,0.2789637960207963,0.6450823327418168,IL15;ACOT13,GO_Biological_Process_2023,1.97010101010101,2.5151752967216146
Response To Hydrogen Peroxide (GO:0042542),2/46,0.2789637960207963,0.6450823327418168,IL6;RPS3,GO_Biological_Process_2023,1.97010101010101,2.5151752967216146
Regulation Of Interleukin-13 Production (GO:0032656),1/15,0.2903690032661203,0.6460280782725517,IL18,GO_Biological_Process_2023,3.0937598986379475,3.825751966916572
Positive Regulation Of Endothelial Cell Apoptotic Process (GO:2000353),1/15,0.2903690032661203,0.6460280782725517,PDCD4,GO_Biological_Process_2023,3.0937598986379475,3.825751966916572
Regulation Of Amyloid-Beta Clearance (GO:1900221),1/15,0.2903690032661203,0.6460280782725517,TREM2,GO_Biological_Process_2023,3.0937598986379475,3.825751966916572
Positive Regulation Of Protein Metabolic Process (GO:0051247),6/196,0.2834710682825338,0.6460280782725517,RPL5;IL6;IL18;RPS27L;SEC22B;OAZ2,GO_Biological_Process_2023,1.3706396034930377,1.72789025480323
Cellular Response To Organic Substance (GO:0071310),3/82,0.2831003132302361,0.6460280782725517,IL18;TREM2;RAMP1,GO_Biological_Process_2023,1.6466127258887542,2.0779494836706296
Membrane Repolarization During Action Potential (GO:0086011),1/15,0.2903690032661203,0.6460280782725517,KCNE3,GO_Biological_Process_2023,3.0937598986379475,3.825751966916572
mRNA Methylation (GO:0080009),1/15,0.2903690032661203,0.6460280782725517,WTAP,GO_Biological_Process_2023,3.0937598986379475,3.825751966916572
Keratan Sulfate Biosynthetic Process (GO:0018146),1/15,0.2903690032661203,0.6460280782725517,ST3GAL6,GO_Biological_Process_2023,3.0937598986379475,3.825751966916572
Ceramide Catabolic Process (GO:0046514),1/15,0.2903690032661203,0.6460280782725517,HEXB,GO_Biological_Process_2023,3.0937598986379475,3.825751966916572
Cardiac Myofibril Assembly (GO:0055003),1/15,0.2903690032661203,0.6460280782725517,MYL2,GO_Biological_Process_2023,3.0937598986379475,3.825751966916572
Polyol Biosynthetic Process (GO:0046173),1/15,0.2903690032661203,0.6460280782725517,CYP27A1,GO_Biological_Process_2023,3.0937598986379475,3.825751966916572
Positive Regulation Of Cell Activation (GO:0050867),1/15,0.2903690032661203,0.6460280782725517,GP9,GO_Biological_Process_2023,3.0937598986379475,3.825751966916572
Positive Regulation Of Cyclin-Dependent Protein Serine/Threonine Kinase Activity (GO:0045737),1/15,0.2903690032661203,0.6460280782725517,PSMD10,GO_Biological_Process_2023,3.0937598986379475,3.825751966916572
Negative Regulation Of Platelet Activation (GO:0010544),1/15,0.2903690032661203,0.6460280782725517,CD9,GO_Biological_Process_2023,3.0937598986379475,3.825751966916572
Endosome To Lysosome Transport Via Multivesicular Body Sorting Pathway (GO:0032510),1/15,0.2903690032661203,0.6460280782725517,CHMP1B,GO_Biological_Process_2023,3.0937598986379475,3.825751966916572
Dolichol-Linked Oligosaccharide Biosynthetic Process (GO:0006488),1/15,0.2903690032661203,0.6460280782725517,PDCD6,GO_Biological_Process_2023,3.0937598986379475,3.825751966916572
Regulation Of Intrinsic Apoptotic Signaling Pathway In Response To DNA Damage (GO:1902229),1/15,0.2903690032661203,0.6460280782725517,RPS3,GO_Biological_Process_2023,3.0937598986379475,3.825751966916572
Regulation Of mRNA Metabolic Process (GO:1903311),1/15,0.2903690032661203,0.6460280782725517,SRPK3,GO_Biological_Process_2023,3.0937598986379475,3.825751966916572
Astrocyte Development (GO:0014002),1/15,0.2903690032661203,0.6460280782725517,TREM2,GO_Biological_Process_2023,3.0937598986379475,3.825751966916572
Negative Regulation Of Cell-Substrate Junction Organization (GO:0150118),1/15,0.2903690032661203,0.6460280782725517,ITGB1BP1,GO_Biological_Process_2023,3.0937598986379475,3.825751966916572
Negative Regulation Of Focal Adhesion Assembly (GO:0051895),1/15,0.2903690032661203,0.6460280782725517,ITGB1BP1,GO_Biological_Process_2023,3.0937598986379475,3.825751966916572
Regulation Of NIK/NF-kappaB Signaling (GO:1901222),3/83,0.2892689468604313,0.6460280782725517,TMSB4X;RPS3;PDCD4,GO_Biological_Process_2023,1.625946547884187,2.01682151541807
3'-Phosphoadenosine 5'-Phosphosulfate Metabolic Process (GO:0050427),1/15,0.2903690032661203,0.6460280782725517,SULT1A1,GO_Biological_Process_2023,3.0937598986379475,3.825751966916572
B Cell Mediated Immunity (GO:0019724),1/15,0.2903690032661203,0.6460280782725517,FCER1G,GO_Biological_Process_2023,3.0937598986379475,3.825751966916572
Regulation Of Granulocyte Macrophage Colony-Stimulating Factor Production (GO:0032645),1/15,0.2903690032661203,0.6460280782725517,IL18,GO_Biological_Process_2023,3.0937598986379475,3.825751966916572
Secondary Alcohol Metabolic Process (GO:1902652),2/47,0.287372862730716,0.6460280782725517,CYP27A1;IDH3G,GO_Biological_Process_2023,1.9262222222222225,2.401950441524157
Insulin Receptor Signaling Pathway (GO:0008286),2/47,0.287372862730716,0.6460280782725517,INSR;FOXO4,GO_Biological_Process_2023,1.9262222222222225,2.401950441524157
Positive Regulation Of Smooth Muscle Cell Proliferation (GO:0048661),2/47,0.287372862730716,0.6460280782725517,IL6;IL18,GO_Biological_Process_2023,1.9262222222222225,2.401950441524157
Positive Regulation Of Ubiquitin-Dependent Protein Catabolic Process (GO:2000060),3/83,0.2892689468604313,0.6460280782725517,PSMD10;SUMO1;MAGEF1,GO_Biological_Process_2023,1.625946547884187,2.01682151541807
Folic Acid-Containing Compound Metabolic Process (GO:0006760),1/15,0.2903690032661203,0.6460280782725517,GGH,GO_Biological_Process_2023,3.0937598986379475,3.825751966916572
Negative Regulation Of Cation Transmembrane Transport (GO:1904063),1/15,0.2903690032661203,0.6460280782725517,COMMD1,GO_Biological_Process_2023,3.0937598986379475,3.825751966916572
Midbody Abscission (GO:0061952),1/15,0.2903690032661203,0.6460280782725517,CHMP1B,GO_Biological_Process_2023,3.0937598986379475,3.825751966916572
Negative Regulation Of Phosphatase Activity (GO:0010923),1/16,0.3064186765053858,0.648724225033925,PPP1R11,GO_Biological_Process_2023,2.887361419068736,3.415179426102039
Ribosomal Small Subunit Biogenesis (GO:0042274),3/84,0.2954473959207623,0.648724225033925,RCL1;FCF1;RPS27L,GO_Biological_Process_2023,1.6057906458797326,1.95788348908393
Regulation Of Interleukin-1 Beta Production (GO:0032651),3/84,0.2954473959207623,0.648724225033925,IL6;TYROBP;CLEC7A,GO_Biological_Process_2023,1.6057906458797326,1.95788348908393
Prostanoid Metabolic Process (GO:0006692),1/16,0.3064186765053858,0.648724225033925,HPGD,GO_Biological_Process_2023,2.887361419068736,3.415179426102039
Positive Regulation Of Homotypic Cell-Cell Adhesion (GO:0034112),1/16,0.3064186765053858,0.648724225033925,IL6,GO_Biological_Process_2023,2.887361419068736,3.415179426102039
Cytoplasmic Microtubule Organization (GO:0031122),2/48,0.2957709627967983,0.648724225033925,CRIPT;CIB1,GO_Biological_Process_2023,1.8842512077294689,2.295338102489214
Cellular Defense Response (GO:0006968),2/48,0.2957709627967983,0.648724225033925,TYROBP;CLEC5A,GO_Biological_Process_2023,1.8842512077294689,2.295338102489214
Regulation Of Intrinsic Apoptotic Signaling Pathway (GO:2001242),2/48,0.2957709627967983,0.648724225033925,FIS1;PTPMT1,GO_Biological_Process_2023,1.8842512077294689,2.295338102489214
Purine Ribonucleotide Metabolic Process (GO:0009150),3/84,0.2954473959207623,0.648724225033925,SULT1A1;GMPR2;ACOT2,GO_Biological_Process_2023,1.6057906458797326,1.95788348908393
Receptor-Mediated Endocytosis (GO:0006898),4/122,0.297742736771433,0.648724225033925,FCER1G;INSR;CD9;RAMP1,GO_Biological_Process_2023,1.4701876513317191,1.7811697775626176
Positive Regulation Of Macromolecule Biosynthetic Process (GO:0010557),4/122,0.297742736771433,0.648724225033925,RPL5;IL6;INSR;RPS27L,GO_Biological_Process_2023,1.4701876513317191,1.7811697775626176
Post-Translational Protein Modification (GO:0043687),2/48,0.2957709627967983,0.648724225033925,SENP8;RNF7,GO_Biological_Process_2023,1.8842512077294689,2.295338102489214
Positive Regulation Of Reactive Oxygen Species Metabolic Process (GO:2000379),2/48,0.2957709627967983,0.648724225033925,TYROBP;CLEC7A,GO_Biological_Process_2023,1.8842512077294689,2.295338102489214
Antifungal Innate Immune Response (GO:0061760),1/16,0.3064186765053858,0.648724225033925,CLEC7A,GO_Biological_Process_2023,2.887361419068736,3.415179426102039
Regulation Of Plasminogen Activation (GO:0010755),1/16,0.3064186765053858,0.648724225033925,S100A10,GO_Biological_Process_2023,2.887361419068736,3.415179426102039
Cell Surface Receptor Signaling Pathway Involved In Heart Development (GO:0061311),1/16,0.3064186765053858,0.648724225033925,NOTCH2,GO_Biological_Process_2023,2.887361419068736,3.415179426102039
Negative Regulation Of Natural Killer Cell Mediated Cytotoxicity (GO:0045953),1/16,0.3064186765053858,0.648724225033925,KLRD1,GO_Biological_Process_2023,2.887361419068736,3.415179426102039
Neuron Projection Organization (GO:0106027),1/16,0.3064186765053858,0.648724225033925,INSR,GO_Biological_Process_2023,2.887361419068736,3.415179426102039
Positive Regulation Of Cell Migration Involved In Sprouting Angiogenesis (GO:0090050),1/16,0.3064186765053858,0.648724225033925,CIB1,GO_Biological_Process_2023,2.887361419068736,3.415179426102039
Negative Regulation Of Cell Cycle (GO:0045786),3/85,0.3016338503838311,0.648724225033925,CDKN1C;HPGD;NUDT6,GO_Biological_Process_2023,1.586126351241241,1.9010381184125345
Sulfation (GO:0051923),1/16,0.3064186765053858,0.648724225033925,SULT1A1,GO_Biological_Process_2023,2.887361419068736,3.415179426102039
Negative Regulation Of Biosynthetic Process (GO:0009890),1/16,0.3064186765053858,0.648724225033925,IL6,GO_Biological_Process_2023,2.887361419068736,3.415179426102039
Late Endosome To Lysosome Transport (GO:1902774),1/16,0.3064186765053858,0.648724225033925,CHMP1B,GO_Biological_Process_2023,2.887361419068736,3.415179426102039
Regulation Of Kinase Activity (GO:0043549),3/85,0.3016338503838311,0.648724225033925,CDKN1C;INSR;TREM2,GO_Biological_Process_2023,1.586126351241241,1.9010381184125345
Positive Regulation Of Intracellular Signal Transduction (GO:1902533),14/525,0.3012926143337335,0.648724225033925,FIS1;INSR;IL18;TREM2;POMC;IL6;CLEC7A;RPS3;PDCD4;S100A4;ITGB1BP1;HCST;LAMTOR3;LAMTOR5,GO_Biological_Process_2023,1.1907800087571152,1.4285470372320768
Regulation Of Autophagosome Maturation (GO:1901096),1/16,0.3064186765053858,0.648724225033925,ATG12,GO_Biological_Process_2023,2.887361419068736,3.415179426102039
Regulation Of B Cell Receptor Signaling Pathway (GO:0050855),1/16,0.3064186765053858,0.648724225033925,LPXN,GO_Biological_Process_2023,2.887361419068736,3.415179426102039
Regulation Of Inflammatory Response (GO:0050727),7/240,0.3004529695071173,0.648724225033925,PSMA6;IL6;IL15;TMSB4X;NINJ1;IL18;PDCD4,GO_Biological_Process_2023,1.3039976852968125,1.5680103309665865
Positive Regulation Of Cytokine Production (GO:0001819),9/320,0.299556480191021,0.648724225033925,IL6;PNP;FCER1G;TYROBP;IL15;CLEC7A;IL18;RPS3;LAMTOR5,GO_Biological_Process_2023,1.2566540613908386,1.5148365255917424
DNA-templated Transcription Termination (GO:0006353),1/16,0.3064186765053858,0.648724225033925,SSU72,GO_Biological_Process_2023,2.887361419068736,3.415179426102039
Negative Regulation Of Cysteine-Type Endopeptidase Activity Involved In Apoptotic Process (GO:0043154),2/49,0.3041543040538606,0.648724225033925,TRIAP1;LAMTOR5,GO_Biological_Process_2023,1.844066193853428,2.194844699861548
acetyl-CoA Metabolic Process (GO:0006084),1/16,0.3064186765053858,0.648724225033925,NUDT7,GO_Biological_Process_2023,2.887361419068736,3.415179426102039
Reticulophagy (GO:0061709),1/16,0.3064186765053858,0.648724225033925,UFC1,GO_Biological_Process_2023,2.887361419068736,3.415179426102039
Fatty Acid Beta-Oxidation (GO:0006635),2/49,0.3041543040538606,0.648724225033925,ACADM;HSD17B10,GO_Biological_Process_2023,1.844066193853428,2.194844699861548
Heart Process (GO:0003015),1/16,0.3064186765053858,0.648724225033925,MYL2,GO_Biological_Process_2023,2.887361419068736,3.415179426102039
Negative Regulation Of Inflammatory Response To Antigenic Stimulus (GO:0002862),1/16,0.3064186765053858,0.648724225033925,TREM2,GO_Biological_Process_2023,2.887361419068736,3.415179426102039
Regulation Of Cardiac Muscle Contraction By Regulation Of The Release Of Sequestered Calcium Ion (GO:0010881),1/16,0.3064186765053858,0.648724225033925,CALM2,GO_Biological_Process_2023,2.887361419068736,3.415179426102039
Positive Regulation Of Protein Localization (GO:1903829),3/85,0.3016338503838311,0.648724225033925,TYROBP;TREM2;LAMTOR5,GO_Biological_Process_2023,1.586126351241241,1.9010381184125345
Positive Regulation Of Endothelial Cell Migration (GO:0010595),3/85,0.3016338503838311,0.648724225033925,PDCD6;TMSB4X;ITGB1BP1,GO_Biological_Process_2023,1.586126351241241,1.9010381184125345
Positive Regulation Of Amide Metabolic Process (GO:0034250),3/85,0.3016338503838311,0.648724225033925,RPL5;IL6;RPS27L,GO_Biological_Process_2023,1.586126351241241,1.9010381184125345
Negative Regulation Of Chemokine Production (GO:0032682),1/16,0.3064186765053858,0.648724225033925,IL6,GO_Biological_Process_2023,2.887361419068736,3.415179426102039
Negative Regulation Of Intrinsic Apoptotic Signaling Pathway By P53 Class Mediator (GO:1902254),1/16,0.3064186765053858,0.648724225033925,TRIAP1,GO_Biological_Process_2023,2.887361419068736,3.415179426102039
Negative Regulation Of Interleukin-10 Production (GO:0032693),1/16,0.3064186765053858,0.648724225033925,TYROBP,GO_Biological_Process_2023,2.887361419068736,3.415179426102039
Negative Regulation Of Binding (GO:0051100),3/86,0.307826536419437,0.6497179227935155,SUMO1;ITGB1BP1;CAMK1,GO_Biological_Process_2023,1.5669358950277723,1.8461934052939168
Positive Regulation Of Defense Response (GO:0031349),4/124,0.3079248240473523,0.6497179227935155,IL15;NINJ1;IL18;PDCD4,GO_Biological_Process_2023,1.4455357142857144,1.7026959448015777
Cellular Response To Lipopolysaccharide (GO:0071222),4/124,0.3079248240473523,0.6497179227935155,IL6;IL18;PDCD4;PF4,GO_Biological_Process_2023,1.4455357142857144,1.7026959448015777
Extra-nuclear Estrogen Signaling R-HSA-9009391,2/73,0.4937251652938731,0.6537379367307226,GNG10;GNGT2,Reactome_2022,1.2192175273865415,0.8604947892519865
Endosomal Sorting Complex Required For Transport (ESCRT) R-HSA-917729,1/30,0.4965550448391827,0.6537379367307226,VTA1,Reactome_2022,1.4923923847388945,1.044765609595606
Recognition Of DNA Damage By PCNA-containing Replication Complex R-HSA-110314,1/30,0.4965550448391827,0.6537379367307226,UBE2B,Reactome_2022,1.4923923847388945,1.044765609595606
Translation Of Structural Proteins R-HSA-9683701,1/30,0.4965550448391827,0.6537379367307226,SUMO1,Reactome_2022,1.4923923847388945,1.044765609595606
Signaling By CSF3 (G-CSF) R-HSA-9674555,1/30,0.4965550448391827,0.6537379367307226,RNF7,Reactome_2022,1.4923923847388945,1.044765609595606
Sialyltransferase Activity (GO:0008373),1/20,0.3670759243263146,0.6545216216823704,ST3GAL6,GO_Molecular_Function_2023,2.2790290582331663,2.284012324032437
"Phosphotransferase Activity, Phosphate Group As Acceptor (GO:0016776)",1/20,0.3670759243263146,0.6545216216823704,NME3,GO_Molecular_Function_2023,2.2790290582331663,2.284012324032437
Pyridoxal Phosphate Binding (GO:0030170),1/20,0.3670759243263146,0.6545216216823704,SRR,GO_Molecular_Function_2023,2.2790290582331663,2.284012324032437
Ubiquitin-Specific Protease Binding (GO:1990381),1/20,0.3670759243263146,0.6545216216823704,SUMO1,GO_Molecular_Function_2023,2.2790290582331663,2.284012324032437
Alcohol Dehydrogenase (NADP+) Activity (GO:0008106),1/19,0.3524268799934312,0.6545216216823704,RDH14,GO_Molecular_Function_2023,2.4057649667405765,2.509001419767876
Protein Serine/Threonine Phosphatase Activity (GO:0004722),2/55,0.3539535193568911,0.6545216216823704,CTDSP1;SSU72,GO_Molecular_Function_2023,1.6348008385744237,1.6978872728031786
"Hydrolase Activity, Acting On Carbon-Nitrogen (But Not Peptide) Bonds, In Linear Amides (GO:0016811)",2/56,0.3621414386634021,0.6545216216823704,HINT3;NIT2,GO_Molecular_Function_2023,1.6044444444444443,1.6296669992984565
Cysteine-Type Endopeptidase Activator Activity Involved In Apoptotic Process (GO:0008656),1/20,0.3670759243263146,0.6545216216823704,RPS27L,GO_Molecular_Function_2023,2.2790290582331663,2.284012324032437
Phosphatidic Acid Binding (GO:0070300),1/20,0.3670759243263146,0.6545216216823704,COMMD1,GO_Molecular_Function_2023,2.2790290582331663,2.284012324032437
UDP-galactosyltransferase Activity (GO:0035250),1/19,0.3524268799934312,0.6545216216823704,B3GALNT1,GO_Molecular_Function_2023,2.4057649667405765,2.509001419767876
RNA Cap Binding (GO:0000339),1/19,0.3524268799934312,0.6545216216823704,LSM1,GO_Molecular_Function_2023,2.4057649667405765,2.509001419767876
Phosphatidylinositol Bisphosphate Binding (GO:1902936),3/93,0.3512085131373126,0.6545216216823704,TWF1;CAPG;COMMD1,GO_Molecular_Function_2023,1.444543429844098,1.5115343876283605
Steroid Biosynthetic Process (GO:0006694),2/50,0.3125192705158425,0.6557323979573482,CYP27A1;HSD17B10,GO_Biological_Process_2023,1.805555555555556,2.100022069268198
Blood Circulation (GO:0008015),2/50,0.3125192705158425,0.6557323979573482,MYL2;ITGB1BP1,GO_Biological_Process_2023,1.805555555555556,2.100022069268198
Mitotic Metaphase Plate Congression (GO:0007080),2/50,0.3125192705158425,0.6557323979573482,CHMP1B;RMDN1,GO_Biological_Process_2023,1.805555555555556,2.100022069268198
Pyruvate Metabolic Process (GO:0006090),2/50,0.3125192705158425,0.6557323979573482,SRR;UCP2,GO_Biological_Process_2023,1.805555555555556,2.100022069268198
Intracellular Iron Ion Homeostasis (GO:0006879),2/50,0.3125192705158425,0.6557323979573482,CCDC115;B2M,GO_Biological_Process_2023,1.805555555555556,2.100022069268198
Carboxylic Acid Biosynthetic Process (GO:0046394),1/17,0.3221061398204446,0.6567890920416877,NANP,GO_Biological_Process_2023,2.706762749445676,3.066421578753248
Negative Regulation Of Vascular Associated Smooth Muscle Cell Proliferation (GO:1904706),1/17,0.3221061398204446,0.6567890920416877,PDCD4,GO_Biological_Process_2023,2.706762749445676,3.066421578753248
Ventricular Cardiac Muscle Cell Action Potential (GO:0086005),1/17,0.3221061398204446,0.6567890920416877,KCNE3,GO_Biological_Process_2023,2.706762749445676,3.066421578753248
Ribosomal Small Subunit Assembly (GO:0000028),1/17,0.3221061398204446,0.6567890920416877,RPS27L,GO_Biological_Process_2023,2.706762749445676,3.066421578753248
Negative Regulation Of Ubiquitin-Protein Transferase Activity (GO:0051444),1/17,0.3221061398204446,0.6567890920416877,RPL5,GO_Biological_Process_2023,2.706762749445676,3.066421578753248
Positive Regulation Of Alpha-Beta T Cell Proliferation (GO:0046641),1/17,0.3221061398204446,0.6567890920416877,IL18,GO_Biological_Process_2023,2.706762749445676,3.066421578753248
Peroxisomal Membrane Transport (GO:0015919),1/17,0.3221061398204446,0.6567890920416877,PEX7,GO_Biological_Process_2023,2.706762749445676,3.066421578753248
Negative Regulation Of Interleukin-8 Production (GO:0032717),1/17,0.3221061398204446,0.6567890920416877,TMSB4X,GO_Biological_Process_2023,2.706762749445676,3.066421578753248
Regulation Of Receptor Signaling Pathway Via STAT (GO:1904892),1/17,0.3221061398204446,0.6567890920416877,IL6,GO_Biological_Process_2023,2.706762749445676,3.066421578753248
Regulation Of Ubiquitin Protein Ligase Activity (GO:1904666),1/17,0.3221061398204446,0.6567890920416877,RPL5,GO_Biological_Process_2023,2.706762749445676,3.066421578753248
Positive Regulation Of Small GTPase Mediated Signal Transduction (GO:0051057),1/17,0.3221061398204446,0.6567890920416877,NOTCH2,GO_Biological_Process_2023,2.706762749445676,3.066421578753248
Regulation Of Inflammatory Response To Antigenic Stimulus (GO:0002861),1/17,0.3221061398204446,0.6567890920416877,TREM2,GO_Biological_Process_2023,2.706762749445676,3.066421578753248
Regulation Of Leukocyte Chemotaxis (GO:0002688),1/17,0.3221061398204446,0.6567890920416877,IL6,GO_Biological_Process_2023,2.706762749445676,3.066421578753248
Positive Regulation Of Macrophage Activation (GO:0043032),1/17,0.3221061398204446,0.6567890920416877,TREM2,GO_Biological_Process_2023,2.706762749445676,3.066421578753248
Branched-Chain Amino Acid Catabolic Process (GO:0009083),1/17,0.3221061398204446,0.6567890920416877,HSD17B10,GO_Biological_Process_2023,2.706762749445676,3.066421578753248
"mRNA Cis Splicing, Via Spliceosome (GO:0045292)",1/17,0.3221061398204446,0.6567890920416877,CLNS1A,GO_Biological_Process_2023,2.706762749445676,3.066421578753248
Positive Regulation Of Leukocyte Adhesion To Vascular Endothelial Cell (GO:1904996),1/17,0.3221061398204446,0.6567890920416877,IL6,GO_Biological_Process_2023,2.706762749445676,3.066421578753248
Positive Regulation Of Leukocyte Mediated Cytotoxicity (GO:0001912),2/51,0.3208624164548719,0.6567890920416877,TYROBP;KLRD1,GO_Biological_Process_2023,1.7686167800453514,2.0104624913208946
Positive Regulation Of DNA-binding Transcription Factor Activity (GO:0051091),7/246,0.3220839837091142,0.6567890920416877,PSMA6;IL6;CLEC7A;IL18;RPS3;CIB1;LAMTOR5,GO_Biological_Process_2023,1.270866437873161,1.43981916923899
G Protein-Coupled Acetylcholine Receptor Signaling Pathway (GO:0007213),1/17,0.3221061398204446,0.6567890920416877,RGS10,GO_Biological_Process_2023,2.706762749445676,3.066421578753248
Positive Regulation Of Actin Filament Bundle Assembly (GO:0032233),2/51,0.3208624164548719,0.6567890920416877,ITGB1BP1;S100A10,GO_Biological_Process_2023,1.7686167800453514,2.0104624913208946
Defense Response To Bacterium (GO:0042742),6/204,0.3148818941796182,0.6567890920416877,IL6;FCER1G;PPP1R11;RNASE6;IL18;TREM2,GO_Biological_Process_2023,1.314716673461068,1.5192309090431422
Negative Regulation Of MAP Kinase Activity (GO:0043407),2/51,0.3208624164548719,0.6567890920416877,RGS2;PDCD4,GO_Biological_Process_2023,1.7686167800453514,2.0104624913208946
Keratan Sulfate Metabolic Process (GO:0042339),1/17,0.3221061398204446,0.6567890920416877,ST3GAL6,GO_Biological_Process_2023,2.706762749445676,3.066421578753248
Megakaryocyte Differentiation (GO:0030219),1/17,0.3221061398204446,0.6567890920416877,GP9,GO_Biological_Process_2023,2.706762749445676,3.066421578753248
"DNA Damage Response, Signal Transduction By P53 Class Mediator Resulting In Cell Cycle Arrest (GO:0006977)",1/17,0.3221061398204446,0.6567890920416877,TRIAP1,GO_Biological_Process_2023,2.706762749445676,3.066421578753248
Regulation Of Collagen Biosynthetic Process (GO:0032965),1/18,0.337439549883382,0.6608792996022834,IL6,GO_Biological_Process_2023,2.547410982131212,2.76742805674558
Icosanoid Biosynthetic Process (GO:0046456),1/18,0.337439549883382,0.6608792996022834,MGST3,GO_Biological_Process_2023,2.547410982131212,2.76742805674558
Negative Regulation Of Signal Transduction By P53 Class Mediator (GO:1901797),1/18,0.337439549883382,0.6608792996022834,PSMD10,GO_Biological_Process_2023,2.547410982131212,2.76742805674558
Regulation Of Protein Neddylation (GO:2000434),1/18,0.337439549883382,0.6608792996022834,RPL5,GO_Biological_Process_2023,2.547410982131212,2.76742805674558
Mitochondrial Fusion (GO:0008053),1/18,0.337439549883382,0.6608792996022834,FIS1,GO_Biological_Process_2023,2.547410982131212,2.76742805674558
Positive Regulation Of Proteasomal Protein Catabolic Process (GO:1901800),3/90,0.3326254006038507,0.6608792996022834,PSMD10;SUMO1;TREM2,GO_Biological_Process_2023,1.494585669303433,1.6451477565593302
fatty-acyl-CoA Metabolic Process (GO:0035337),1/18,0.337439549883382,0.6608792996022834,NUDT7,GO_Biological_Process_2023,2.547410982131212,2.76742805674558
Membrane Repolarization (GO:0086009),1/18,0.337439549883382,0.6608792996022834,KCNE3,GO_Biological_Process_2023,2.547410982131212,2.76742805674558
Pulmonary Valve Morphogenesis (GO:0003184),1/18,0.337439549883382,0.6608792996022834,NOTCH2,GO_Biological_Process_2023,2.547410982131212,2.76742805674558
Positive Regulation Of Cyclin-Dependent Protein Kinase Activity (GO:1904031),1/18,0.337439549883382,0.6608792996022834,PSMD10,GO_Biological_Process_2023,2.547410982131212,2.76742805674558
Protein Import Into Mitochondrial Matrix (GO:0030150),1/18,0.337439549883382,0.6608792996022834,TOMM20,GO_Biological_Process_2023,2.547410982131212,2.76742805674558
Positive Regulation Of Phosphoprotein Phosphatase Activity (GO:0032516),1/18,0.337439549883382,0.6608792996022834,CALM2,GO_Biological_Process_2023,2.547410982131212,2.76742805674558
Positive Regulation Of Establishment Of Protein Localization (GO:1904951),1/18,0.337439549883382,0.6608792996022834,TREM2,GO_Biological_Process_2023,2.547410982131212,2.76742805674558
Regulation Of Oxidative Stress-Induced Intrinsic Apoptotic Signaling Pathway (GO:1902175),1/18,0.337439549883382,0.6608792996022834,TREM2,GO_Biological_Process_2023,2.547410982131212,2.76742805674558
T-helper Cell Differentiation (GO:0042093),1/18,0.337439549883382,0.6608792996022834,IL6,GO_Biological_Process_2023,2.547410982131212,2.76742805674558
Cardiac Muscle Tissue Development (GO:0048738),2/52,0.3291804606600687,0.6608792996022834,NOTCH2;NDUFV2,GO_Biological_Process_2023,1.7331555555555556,1.925794350017603
Protein-Containing Complex Assembly (GO:0065003),9/328,0.3244651168573955,0.6608792996022834,TRAPPC2L;GPX4;PEF1;VBP1;PDCD6;LPXN;CAPG;ITGB1BP1;TMEM70,GO_Biological_Process_2023,1.2246297331531235,1.3784153633239953
Icosanoid Metabolic Process (GO:0006690),2/52,0.3291804606600687,0.6608792996022834,GPX4;HPGD,GO_Biological_Process_2023,1.7331555555555556,1.925794350017603
Protein Stabilization (GO:0050821),6/208,0.3307955980790379,0.6608792996022834,RPL5;TYROBP;UBE2B;SUMO1;VBP1;POLR2E,GO_Biological_Process_2023,1.288416285574746,1.4253164720290346
Regulation Of Peptidyl-Tyrosine Phosphorylation (GO:0050730),3/90,0.3326254006038507,0.6608792996022834,IL6;IL15;TREM2,GO_Biological_Process_2023,1.494585669303433,1.6451477565593302
Fatty Acid Oxidation (GO:0019395),2/52,0.3291804606600687,0.6608792996022834,ACADM;HSD17B10,GO_Biological_Process_2023,1.7331555555555556,1.925794350017603
Cardiac Atrium Morphogenesis (GO:0003209),1/18,0.337439549883382,0.6608792996022834,NOTCH2,GO_Biological_Process_2023,2.547410982131212,2.76742805674558
Positive Regulation Of Macrophage Migration (GO:1905523),1/18,0.337439549883382,0.6608792996022834,TREM2,GO_Biological_Process_2023,2.547410982131212,2.76742805674558
Positive Regulation Of Glycolytic Process (GO:0045821),1/18,0.337439549883382,0.6608792996022834,INSR,GO_Biological_Process_2023,2.547410982131212,2.76742805674558
Positive Regulation Of Interleukin-4 Production (GO:0032753),1/18,0.337439549883382,0.6608792996022834,FCER1G,GO_Biological_Process_2023,2.547410982131212,2.76742805674558
Positive Regulation Of Extracellular Matrix Organization (GO:1903055),1/18,0.337439549883382,0.6608792996022834,IL6,GO_Biological_Process_2023,2.547410982131212,2.76742805674558
Mitotic Cytokinetic Process (GO:1902410),1/18,0.337439549883382,0.6608792996022834,CHMP1B,GO_Biological_Process_2023,2.547410982131212,2.76742805674558
Myoblast Fusion (GO:0007520),1/18,0.337439549883382,0.6608792996022834,CD9,GO_Biological_Process_2023,2.547410982131212,2.76742805674558
"Regulation Of Alternative mRNA Splicing, Via Spliceosome (GO:0000381)",2/53,0.3374702806479745,0.6608792996022834,WTAP;RBM7,GO_Biological_Process_2023,1.6990849673202617,1.8456783310928548
DNA Repair (GO:0006281),8/291,0.3372613293955702,0.6608792996022834,ALKBH3;UBE2B;SUMO1;RPS3;CIB1;COMMD1;UBE2A;FAAP20,GO_Biological_Process_2023,1.2265622512972336,1.3331470655154731
Regulation Of Ventricular Cardiac Muscle Cell Membrane Repolarization (GO:0060307),1/18,0.337439549883382,0.6608792996022834,KCNE3,GO_Biological_Process_2023,2.547410982131212,2.76742805674558
Positive Regulation Of NIK/NF-kappaB Signaling (GO:1901224),2/53,0.3374702806479745,0.6608792996022834,RPS3;PDCD4,GO_Biological_Process_2023,1.6990849673202617,1.8456783310928548
Positive Regulation Of Osteoclast Differentiation (GO:0045672),1/18,0.337439549883382,0.6608792996022834,TYROBP,GO_Biological_Process_2023,2.547410982131212,2.76742805674558
Response To Organophosphorus (GO:0046683),1/18,0.337439549883382,0.6608792996022834,NDUFS4,GO_Biological_Process_2023,2.547410982131212,2.76742805674558
Regulation Of Receptor Signaling Pathway Via JAK-STAT (GO:0046425),2/53,0.3374702806479745,0.6608792996022834,IL6;OCIAD1,GO_Biological_Process_2023,1.6990849673202617,1.8456783310928548
Negative Regulation Of Metabolic Process (GO:0009892),2/53,0.3374702806479745,0.6608792996022834,IL15;ACOT13,GO_Biological_Process_2023,1.6990849673202617,1.8456783310928548
Actin Polymerization Or Depolymerization (GO:0008154),2/53,0.3374702806479745,0.6608792996022834,TWF1;CAPG,GO_Biological_Process_2023,1.6990849673202617,1.8456783310928548
Positive Regulation Of Focal Adhesion Assembly (GO:0051894),1/18,0.337439549883382,0.6608792996022834,S100A10,GO_Biological_Process_2023,2.547410982131212,2.76742805674558
Positive Regulation Of Peptidyl-Tyrosine Phosphorylation (GO:0050731),4/130,0.3386466459891466,0.6621506935416539,IL6;IL15;IL18;TREM2,GO_Biological_Process_2023,1.3762755102040816,1.4902284489416306
Regulation Of Actin Cytoskeleton Organization (GO:0032956),3/91,0.3388239187165271,0.6621506935416539,NOTCH2;RAC3;TWF1,GO_Biological_Process_2023,1.477525814942296,1.599088838190359
Nuclear Envelope (NE) Reassembly R-HSA-2995410,2/75,0.5080695570637277,0.6653075416290674,TUBB2A;SUMO1,Reactome_2022,1.1856925418569255,0.8028761928044486
Sensory Processing Of Sound R-HSA-9659379,2/75,0.5080695570637277,0.6653075416290674,CIB2;TWF1,Reactome_2022,1.1856925418569255,0.8028761928044486
Sealing Of Nuclear Envelope (NE) By ESCRT-III R-HSA-9668328,1/31,0.5079499666536046,0.6653075416290674,TUBB2A,Reactome_2022,1.4425720620842573,0.9771583946941652
Negative Regulation Of Amide Metabolic Process (GO:0034249),3/93,0.3512085131373126,0.6658919943594479,ORMDL2;RPS3;PAIP2,GO_Biological_Process_2023,1.444543429844098,1.5115343876283605
Cytoplasmic Translation (GO:0002181),3/93,0.3512085131373126,0.6658919943594479,RPL5;EIF3M;RPS3,GO_Biological_Process_2023,1.444543429844098,1.5115343876283605
Positive Regulation Of calcineurin-NFAT Signaling Cascade (GO:0070886),1/19,0.3524268799934312,0.6658919943594479,CIB1,GO_Biological_Process_2023,2.4057649667405765,2.509001419767876
Positive Regulation Of Alpha-Beta T Cell Activation (GO:0046635),1/19,0.3524268799934312,0.6658919943594479,PNP,GO_Biological_Process_2023,2.4057649667405765,2.509001419767876
Neuron Apoptotic Process (GO:0051402),1/19,0.3524268799934312,0.6658919943594479,DIABLO,GO_Biological_Process_2023,2.4057649667405765,2.509001419767876
Intrinsic Apoptotic Signaling Pathway In Response To DNA Damage By P53 Class Mediator (GO:0042771),1/19,0.3524268799934312,0.6658919943594479,RPS27L,GO_Biological_Process_2023,2.4057649667405765,2.509001419767876
Leukotriene Biosynthetic Process (GO:0019370),1/19,0.3524268799934312,0.6658919943594479,MGST3,GO_Biological_Process_2023,2.4057649667405765,2.509001419767876
Positive Regulation Of Calcineurin-Mediated Signaling (GO:0106058),1/19,0.3524268799934312,0.6658919943594479,CIB1,GO_Biological_Process_2023,2.4057649667405765,2.509001419767876
Receptor Clustering (GO:0043113),1/19,0.3524268799934312,0.6658919943594479,ITGB1BP1,GO_Biological_Process_2023,2.4057649667405765,2.509001419767876
Protein Heterooligomerization (GO:0051291),1/19,0.3524268799934312,0.6658919943594479,CBR4,GO_Biological_Process_2023,2.4057649667405765,2.509001419767876
Positive Regulation Of Mitochondrial Fission (GO:0090141),1/19,0.3524268799934312,0.6658919943594479,FIS1,GO_Biological_Process_2023,2.4057649667405765,2.509001419767876
Regulation Of Acute Inflammatory Response (GO:0002673),1/19,0.3524268799934312,0.6658919943594479,IL6,GO_Biological_Process_2023,2.4057649667405765,2.509001419767876
Glycogen Metabolic Process (GO:0005977),1/19,0.3524268799934312,0.6658919943594479,STBD1,GO_Biological_Process_2023,2.4057649667405765,2.509001419767876
Negative Regulation Of Calcium Ion Transmembrane Transport (GO:1903170),1/19,0.3524268799934312,0.6658919943594479,CALM2,GO_Biological_Process_2023,2.4057649667405765,2.509001419767876
Endoplasmic Reticulum Organization (GO:0007029),2/54,0.3457289072668368,0.6658919943594479,SEC16B;REEP5,GO_Biological_Process_2023,1.6663247863247863,1.7698040821708847
Positive Regulation Of Protein Catabolic Process (GO:0045732),3/92,0.345018795215073,0.6658919943594479,TREM2;SEC22B;OAZ2,GO_Biological_Process_2023,1.4608493280948924,1.5545721393583831
Ribosomal Large Subunit Biogenesis (GO:0042273),2/54,0.3457289072668368,0.6658919943594479,RPL5;NIP7,GO_Biological_Process_2023,1.6663247863247863,1.7698040821708847
Regulation Of Smooth Muscle Cell Proliferation (GO:0048660),2/54,0.3457289072668368,0.6658919943594479,IL6;IL18,GO_Biological_Process_2023,1.6663247863247863,1.7698040821708847
Ganglioside Metabolic Process (GO:0001573),1/19,0.3524268799934312,0.6658919943594479,HEXB,GO_Biological_Process_2023,2.4057649667405765,2.509001419767876
Regulation Of Megakaryocyte Differentiation (GO:0045652),1/19,0.3524268799934312,0.6658919943594479,PF4,GO_Biological_Process_2023,2.4057649667405765,2.509001419767876
Cardiac Epithelial To Mesenchymal Transition (GO:0060317),1/19,0.3524268799934312,0.6658919943594479,PDCD4,GO_Biological_Process_2023,2.4057649667405765,2.509001419767876
Regulation Of Protein-Containing Complex Disassembly (GO:0043244),1/19,0.3524268799934312,0.6658919943594479,INSR,GO_Biological_Process_2023,2.4057649667405765,2.509001419767876
Regulation Of Integrin-Mediated Signaling Pathway (GO:2001044),1/19,0.3524268799934312,0.6658919943594479,ITGB1BP1,GO_Biological_Process_2023,2.4057649667405765,2.509001419767876
Establishment Of Skin Barrier (GO:0061436),1/19,0.3524268799934312,0.6658919943594479,IL18,GO_Biological_Process_2023,2.4057649667405765,2.509001419767876
N-glycan Processing (GO:0006491),1/19,0.3524268799934312,0.6658919943594479,GNPTG,GO_Biological_Process_2023,2.4057649667405765,2.509001419767876
Peptidyl-Tyrosine Modification (GO:0018212),2/54,0.3457289072668368,0.6658919943594479,CLK1;INSR,GO_Biological_Process_2023,1.6663247863247863,1.7698040821708847
Positive Regulation Of Protein Kinase B Signaling (GO:0051897),3/93,0.3512085131373126,0.6658919943594479,INSR;IL18;ITGB1BP1,GO_Biological_Process_2023,1.444543429844098,1.5115343876283605
Negative Regulation Of Protein Dephosphorylation (GO:0035308),1/19,0.3524268799934312,0.6658919943594479,PPP1R11,GO_Biological_Process_2023,2.4057649667405765,2.509001419767876
Organelle Disassembly (GO:1903008),2/54,0.3457289072668368,0.6658919943594479,MCTS1;UFC1,GO_Biological_Process_2023,1.6663247863247863,1.7698040821708847
Regulation Of Cellular Response To Growth Factor Stimulus (GO:0090287),1/19,0.3524268799934312,0.6658919943594479,TMEM204,GO_Biological_Process_2023,2.4057649667405765,2.509001419767876
Release Of Cytochrome C From Mitochondria (GO:0001836),1/19,0.3524268799934312,0.6658919943594479,FIS1,GO_Biological_Process_2023,2.4057649667405765,2.509001419767876
Regulation Of Focal Adhesion Assembly (GO:0051893),2/54,0.3457289072668368,0.6658919943594479,ITGB1BP1;S100A10,GO_Biological_Process_2023,1.6663247863247863,1.7698040821708847
NADP Metabolic Process (GO:0006739),1/19,0.3524268799934312,0.6658919943594479,NUDT13,GO_Biological_Process_2023,2.4057649667405765,2.509001419767876
Cytokine Activity (GO:0005125),5/178,0.3756578507064346,0.6659579262750689,CCL24;IL6;IL15;IL18;PF4,GO_Molecular_Function_2023,1.25273176345838,1.226520257205486
Lipid Kinase Activity (GO:0001727),1/21,0.3813943019913599,0.6659579262750689,DGKA,GO_Molecular_Function_2023,2.1649667405764967,2.086858043549189
Endonuclease Activity (GO:0004519),2/58,0.3783971702109633,0.6659579262750689,RCL1;RPS3,GO_Molecular_Function_2023,1.546984126984127,1.50337606787592
DNA Endonuclease Activity (GO:0004520),1/21,0.3813943019913599,0.6659579262750689,RPS3,GO_Molecular_Function_2023,2.1649667405764967,2.086858043549189
Cellular Response To Fibroblast Growth Factor Stimulus (GO:0044344),2/55,0.3539535193568911,0.6681050365371037,CHURC1;ITGB1BP1,GO_Biological_Process_2023,1.6348008385744237,1.6978872728031786
Protein Ubiquitination R-HSA-8852135,2/76,0.5151416903168801,0.6733637809142076,UBE2B;UBE2A,Reactome_2022,1.1696096096096096,0.7758175973820725
Signaling By NOTCH2 R-HSA-1980145,1/32,0.5190875339597911,0.6737093525861119,NOTCH2,Reactome_2022,1.395965953794435,0.9153107971033396
"Inactivation, Recovery And Regulation Of Phototransduction Cascade R-HSA-2514859",1/32,0.5190875339597911,0.6737093525861119,RNF7,Reactome_2022,1.395965953794435,0.9153107971033396
SARS-CoV-2 Activates/Modulates Innate And Adaptive Immune Responses R-HSA-9705671,3/121,0.5173813319242776,0.6737093525861119,SAR1B;CNBP;B2M,Reactome_2022,1.100184968479861,0.7249944890931806
Glucagon Signaling In Metabolic Regulation R-HSA-163359,1/32,0.5190875339597911,0.6737093525861119,GNG10,Reactome_2022,1.395965953794435,0.9153107971033396
"Regulation Of mRNA Splicing, Via Spliceosome (GO:0048024)",3/94,0.3573915921681185,0.6738577440700542,WTAP;CLNS1A;RBM7,GO_Biological_Process_2023,1.4285959029834308,1.4699154701829251
Positive Regulation Of Cellular Biosynthetic Process (GO:0031328),5/174,0.3577181003095287,0.6738577440700542,RPL5;IL6;CLEC7A;INSR;RPS27L,GO_Biological_Process_2023,1.2826469692757767,1.3185739520193285
Protein Tyrosine Kinase Activity (GO:0004713),3/99,0.3881581391020198,0.6742747055535088,CLK1;INSR;TWF1,GO_Molecular_Function_2023,1.3538418708240534,1.2811980294144047
DNA Methylation (GO:0006306),1/20,0.3670759243263146,0.674587231411018,N6AMT1,GO_Biological_Process_2023,2.2790290582331663,2.284012324032437
Response To ATP (GO:0033198),1/20,0.3670759243263146,0.674587231411018,CIB2,GO_Biological_Process_2023,2.2790290582331663,2.284012324032437
Positive Regulation Of Protein Processing (GO:0010954),1/20,0.3670759243263146,0.674587231411018,S100A10,GO_Biological_Process_2023,2.2790290582331663,2.284012324032437
Pulmonary Valve Development (GO:0003177),1/20,0.3670759243263146,0.674587231411018,NOTCH2,GO_Biological_Process_2023,2.2790290582331663,2.284012324032437
Positive Regulation Of Antigen Receptor-Mediated Signaling Pathway (GO:0050857),1/20,0.3670759243263146,0.674587231411018,RPS3,GO_Biological_Process_2023,2.2790290582331663,2.284012324032437
Lipopolysaccharide-Mediated Signaling Pathway (GO:0031663),1/20,0.3670759243263146,0.674587231411018,IL18,GO_Biological_Process_2023,2.2790290582331663,2.284012324032437
Calcium-Mediated Signaling Using Intracellular Calcium Source (GO:0035584),1/20,0.3670759243263146,0.674587231411018,FIS1,GO_Biological_Process_2023,2.2790290582331663,2.284012324032437
Positive Regulation Of Leukocyte Activation (GO:0002696),1/20,0.3670759243263146,0.674587231411018,CLEC7A,GO_Biological_Process_2023,2.2790290582331663,2.284012324032437
Regulation Of Mitotic Spindle Assembly (GO:1901673),1/20,0.3670759243263146,0.674587231411018,CHMP1B,GO_Biological_Process_2023,2.2790290582331663,2.284012324032437
Sulfur Compound Catabolic Process (GO:0044273),1/20,0.3670759243263146,0.674587231411018,NUDT7,GO_Biological_Process_2023,2.2790290582331663,2.284012324032437
Negative Regulation Of Phosphate Metabolic Process (GO:0045936),1/20,0.3670759243263146,0.674587231411018,CDKN1C,GO_Biological_Process_2023,2.2790290582331663,2.284012324032437
Negative Regulation Of Phosphoprotein Phosphatase Activity (GO:0032515),1/20,0.3670759243263146,0.674587231411018,PPP1R11,GO_Biological_Process_2023,2.2790290582331663,2.284012324032437
Leukotriene Metabolic Process (GO:0006691),1/20,0.3670759243263146,0.674587231411018,MGST3,GO_Biological_Process_2023,2.2790290582331663,2.284012324032437
Hydrogen Peroxide Catabolic Process (GO:0042744),1/20,0.3670759243263146,0.674587231411018,PRDX2,GO_Biological_Process_2023,2.2790290582331663,2.284012324032437
Maturation Of LSU-rRNA (GO:0000470),1/20,0.3670759243263146,0.674587231411018,ZNHIT3,GO_Biological_Process_2023,2.2790290582331663,2.284012324032437
Negative Regulation Of B Cell Activation (GO:0050869),1/20,0.3670759243263146,0.674587231411018,TYROBP,GO_Biological_Process_2023,2.2790290582331663,2.284012324032437
Negative Regulation Of Cyclin-Dependent Protein Kinase Activity (GO:1904030),1/20,0.3670759243263146,0.674587231411018,CDKN1C,GO_Biological_Process_2023,2.2790290582331663,2.284012324032437
Negative Regulation Of Microtubule Depolymerization (GO:0007026),1/20,0.3670759243263146,0.674587231411018,CIB1,GO_Biological_Process_2023,2.2790290582331663,2.284012324032437
Endoplasmic Reticulum Calcium Ion Homeostasis (GO:0032469),1/20,0.3670759243263146,0.674587231411018,FIS1,GO_Biological_Process_2023,2.2790290582331663,2.284012324032437
Positive Regulation Of Cellular Metabolic Process (GO:0031325),2/56,0.3621414386634021,0.674587231411018,CHCHD2;B2M,GO_Biological_Process_2023,1.6044444444444443,1.6296669992984565
Regulation Of Cardiac Muscle Contraction By Calcium Ion Signaling (GO:0010882),1/20,0.3670759243263146,0.674587231411018,CALM2,GO_Biological_Process_2023,2.2790290582331663,2.284012324032437
T Cell Mediated Immunity (GO:0002456),1/20,0.3670759243263146,0.674587231411018,CR1L,GO_Biological_Process_2023,2.2790290582331663,2.284012324032437
Regulation Of Meiotic Cell Cycle (GO:0051445),1/20,0.3670759243263146,0.674587231411018,CDC26,GO_Biological_Process_2023,2.2790290582331663,2.284012324032437
Response To Fibroblast Growth Factor (GO:0071774),1/20,0.3670759243263146,0.674587231411018,ITGB1BP1,GO_Biological_Process_2023,2.2790290582331663,2.284012324032437
Regulation Of Fibroblast Migration (GO:0010762),1/20,0.3670759243263146,0.674587231411018,ITGB1BP1,GO_Biological_Process_2023,2.2790290582331663,2.284012324032437
Biosynthesis Of N-glycan Precursor (Dolichol LLO) And Transfer To Protein R-HSA-446193,2/77,0.522146258853144,0.6752845609196139,NANP;ST3GAL6,Reactome_2022,1.1539555555555556,0.749849021945808
Regulation Of Insulin Secretion R-HSA-422356,2/77,0.522146258853144,0.6752845609196139,GNG10;GNGT2,Reactome_2022,1.1539555555555556,0.749849021945808
Mannosyltransferase Activity (GO:0000030),1/23,0.4090686808997726,0.6760709640826603,PDCD6,GO_Molecular_Function_2023,1.9679500100786127,1.7590958307332074
Phospholipid Transfer Activity (GO:0120014),1/23,0.4090686808997726,0.6760709640826603,TRIAP1,GO_Molecular_Function_2023,1.9679500100786127,1.7590958307332074
Steroid Hydroxylase Activity (GO:0008395),1/23,0.4090686808997726,0.6760709640826603,CYP27A1,GO_Molecular_Function_2023,1.9679500100786127,1.7590958307332074
"Steroid Dehydrogenase Activity, Acting On The CH-OH Group Of Donors, NAD Or NADP As Acceptor (GO:0033764)",1/22,0.3953894606992335,0.6760709640826603,HSD17B10,GO_Molecular_Function_2023,2.061767500791891,1.913081123914626
Peptidase Activator Activity Involved In Apoptotic Process (GO:0016505),1/22,0.3953894606992335,0.6760709640826603,RPS27L,GO_Molecular_Function_2023,2.061767500791891,1.913081123914626
Cysteine-Type Endopeptidase Inhibitor Activity (GO:0004869),1/22,0.3953894606992335,0.6760709640826603,CST3,GO_Molecular_Function_2023,2.061767500791891,1.913081123914626
N-acetyltransferase Activity (GO:0008080),1/23,0.4090686808997726,0.6760709640826603,SAT1,GO_Molecular_Function_2023,1.9679500100786127,1.7590958307332074
PDZ Domain Binding (GO:0030165),2/62,0.4103651957308583,0.6760709640826603,SRR;CRIPT,GO_Molecular_Function_2023,1.4435555555555557,1.2857861850488923
RNA Polymerase II-specific DNA-binding Transcription Factor Binding (GO:0061629),6/228,0.4112597852728349,0.6760709640826603,FAM220A;PSMD10;PSMA6;GABARAPL1;UBXN7;COMMD6,GO_Molecular_Function_2023,1.171130772027633,1.040585039431562
Protein Tyrosine/Serine/Threonine Phosphatase Activity (GO:0008138),1/23,0.4090686808997726,0.6760709640826603,DUSP12,GO_Molecular_Function_2023,1.9679500100786127,1.7590958307332074
Lipoprotein Particle Binding (GO:0071813),1/23,0.4090686808997726,0.6760709640826603,TREM2,GO_Molecular_Function_2023,1.9679500100786127,1.7590958307332074
RNA Catabolic Process (GO:0006401),2/57,0.3702901247163637,0.6785043220923623,RNASE6;NUDT16L1,GO_Biological_Process_2023,1.5751919191919193,1.5649034897717822
Regulation Of Macroautophagy (GO:0016241),3/96,0.3697320946635907,0.6785043220923623,BNIP3L;ATP6V1E1;ATG12,GO_Biological_Process_2023,1.3977297219627849,1.3907083721869709
Membrane Lipid Biosynthetic Process (GO:0046467),2/57,0.3702901247163637,0.6785043220923623,ORMDL2;ST3GAL6,GO_Biological_Process_2023,1.5751919191919193,1.5649034897717822
Striated Muscle Contraction R-HSA-390522,1/33,0.529973546370943,0.6817937362803695,MYL2,Reactome_2022,1.3522727272727273,0.858596069960524
Phototransduction Cascade R-HSA-2514856,1/33,0.529973546370943,0.6817937362803695,RNF7,Reactome_2022,1.3522727272727273,0.858596069960524
G Alpha (12/13) Signaling Events R-HSA-416482,2/78,0.5290826990578997,0.6817937362803695,GNG10;GNGT2,Reactome_2022,1.1387134502923977,0.7249169713095331
Rheumatoid arthritis,5/93,0.0597086251232009,0.6819353500912955,IL6;IL15;IL18;ATP6V1E1;ATP6V1F,KEGG_2021_Human,2.473561114500712,6.97118483612849
Positive Regulation Of Natural Killer Cell Mediated Cytotoxicity (GO:0045954),1/21,0.3813943019913599,0.6835283963238862,KLRD1,GO_Biological_Process_2023,2.1649667405764967,2.086858043549189
Negative Regulation Of Double-Strand Break Repair Via Homologous Recombination (GO:2000042),1/21,0.3813943019913599,0.6835283963238862,MAGEF1,GO_Biological_Process_2023,2.1649667405764967,2.086858043549189
Negative Regulation Of Biomineral Tissue Development (GO:0070168),1/21,0.3813943019913599,0.6835283963238862,SRGN,GO_Biological_Process_2023,2.1649667405764967,2.086858043549189
Positive Regulation Of Heart Contraction (GO:0045823),1/21,0.3813943019913599,0.6835283963238862,RGS2,GO_Biological_Process_2023,2.1649667405764967,2.086858043549189
Positive Regulation Of Transcription Regulatory Region DNA Binding (GO:2000679),1/21,0.3813943019913599,0.6835283963238862,LAMTOR5,GO_Biological_Process_2023,2.1649667405764967,2.086858043549189
Regulation Of Bone Mineralization (GO:0030500),2/58,0.3783971702109633,0.6835283963238862,SRGN;ATRAID,GO_Biological_Process_2023,1.546984126984127,1.50337606787592
Positive Regulation Of Type II Interferon Production (GO:0032729),2/58,0.3783971702109633,0.6835283963238862,CLEC7A;IL18,GO_Biological_Process_2023,1.546984126984127,1.50337606787592
Anaphase-Promoting Complex-Dependent Catabolic Process (GO:0031145),1/21,0.3813943019913599,0.6835283963238862,CDC26,GO_Biological_Process_2023,2.1649667405764967,2.086858043549189
Regulation Of Defense Response (GO:0031347),3/97,0.375886739447496,0.6835283963238862,PSMA6;TMSB4X;TREM2,GO_Biological_Process_2023,1.3827891768942804,1.3530141387438672
Positive Regulation Of Mitochondrion Organization (GO:0010822),2/58,0.3783971702109633,0.6835283963238862,FIS1;TREM2,GO_Biological_Process_2023,1.546984126984127,1.50337606787592
Monocarboxylic Acid Metabolic Process (GO:0032787),3/97,0.375886739447496,0.6835283963238862,ACOT2;ALKBH7;HSD17B10,GO_Biological_Process_2023,1.3827891768942804,1.3530141387438672
Regulation Of Lipid Storage (GO:0010883),1/21,0.3813943019913599,0.6835283963238862,IL6,GO_Biological_Process_2023,2.1649667405764967,2.086858043549189
Regulation Of Dendritic Spine Development (GO:0060998),1/21,0.3813943019913599,0.6835283963238862,CAMK1,GO_Biological_Process_2023,2.1649667405764967,2.086858043549189
Purine Nucleotide Biosynthetic Process (GO:0006164),1/21,0.3813943019913599,0.6835283963238862,PRPSAP2,GO_Biological_Process_2023,2.1649667405764967,2.086858043549189
Response To Cadmium Ion (GO:0046686),1/21,0.3813943019913599,0.6835283963238862,SUMO1,GO_Biological_Process_2023,2.1649667405764967,2.086858043549189
Cellular Response To Nerve Growth Factor Stimulus (GO:1990090),1/21,0.3813943019913599,0.6835283963238862,CIB1,GO_Biological_Process_2023,2.1649667405764967,2.086858043549189
snRNA Metabolic Process (GO:0016073),1/21,0.3813943019913599,0.6835283963238862,RBM7,GO_Biological_Process_2023,2.1649667405764967,2.086858043549189
Mitochondrial Calcium Ion Homeostasis (GO:0051560),1/21,0.3813943019913599,0.6835283963238862,FIS1,GO_Biological_Process_2023,2.1649667405764967,2.086858043549189
Protein Localization To Plasma Membrane (GO:0072659),4/137,0.3746034255558721,0.6835283963238862,PSMD10;ITGB1BP1;RAMP1;S100A10,GO_Biological_Process_2023,1.3033700322234156,1.279762539767862
Plasma Membrane Repair (GO:0001778),1/21,0.3813943019913599,0.6835283963238862,CHMP1B,GO_Biological_Process_2023,2.1649667405764967,2.086858043549189
Negative Regulation Of Osteoclast Differentiation (GO:0045671),1/21,0.3813943019913599,0.6835283963238862,TCTA,GO_Biological_Process_2023,2.1649667405764967,2.086858043549189
Skin Epidermis Development (GO:0098773),1/21,0.3813943019913599,0.6835283963238862,IL18,GO_Biological_Process_2023,2.1649667405764967,2.086858043549189
Positive Regulation Of Dendritic Spine Development (GO:0060999),1/21,0.3813943019913599,0.6835283963238862,CAMK1,GO_Biological_Process_2023,2.1649667405764967,2.086858043549189
Negative Regulation Of Macromolecule Biosynthetic Process (GO:0010558),3/98,0.3820291874266455,0.6840141641543748,RPS3;PAIP2;PF4,GO_Biological_Process_2023,1.368163169616692,1.3165263197728383
mRNA 5'-UTR Binding (GO:0048027),1/24,0.4224390794026658,0.687738984341538,RPL5,GO_Molecular_Function_2023,1.882290562036055,1.6219886629757825
"Phosphatidylinositol-3,5-Bisphosphate Binding (GO:0080025)",1/24,0.4224390794026658,0.687738984341538,COMMD1,GO_Molecular_Function_2023,1.882290562036055,1.6219886629757825
Regulation Of Type I Interferon Production (GO:0032479),2/59,0.3864602960201719,0.6882705426986657,TYROBP;ATG12,GO_Biological_Process_2023,1.519766081871345,1.4448813456091958
Cellular Response To Cadmium Ion (GO:0071276),1/22,0.3953894606992335,0.6882705426986657,SUMO1,GO_Biological_Process_2023,2.061767500791891,1.913081123914626
Cellular Response To Chemokine (GO:1990869),2/59,0.3864602960201719,0.6882705426986657,CCL24;PF4,GO_Biological_Process_2023,1.519766081871345,1.4448813456091958
Dendritic Cell Differentiation (GO:0097028),1/22,0.3953894606992335,0.6882705426986657,TREM2,GO_Biological_Process_2023,2.061767500791891,1.913081123914626
Cytoskeleton-Dependent Intracellular Transport (GO:0030705),1/22,0.3953894606992335,0.6882705426986657,TUBB2A,GO_Biological_Process_2023,2.061767500791891,1.913081123914626
Negative Regulation Of Macroautophagy (GO:0016242),1/22,0.3953894606992335,0.6882705426986657,SEC22B,GO_Biological_Process_2023,2.061767500791891,1.913081123914626
Negative Regulation Of Extrinsic Apoptotic Signaling Pathway In Absence Of Ligand (GO:2001240),1/22,0.3953894606992335,0.6882705426986657,PF4,GO_Biological_Process_2023,2.061767500791891,1.913081123914626
Negative Regulation Of G Protein-Coupled Receptor Signaling Pathway (GO:0045744),1/22,0.3953894606992335,0.6882705426986657,RGS2,GO_Biological_Process_2023,2.061767500791891,1.913081123914626
Regulation Of Mitochondrial Translation (GO:0070129),1/22,0.3953894606992335,0.6882705426986657,NGRN,GO_Biological_Process_2023,2.061767500791891,1.913081123914626
Regulation Of Release Of Sequestered Calcium Ion Into Cytosol By Sarcoplasmic Reticulum (GO:0010880),1/22,0.3953894606992335,0.6882705426986657,CALM2,GO_Biological_Process_2023,2.061767500791891,1.913081123914626
Regulation Of Protein Export From Nucleus (GO:0046825),1/22,0.3953894606992335,0.6882705426986657,CAMK1,GO_Biological_Process_2023,2.061767500791891,1.913081123914626
DNA-templated Transcription Initiation (GO:0006352),2/59,0.3864602960201719,0.6882705426986657,GTF2A2;TAF13,GO_Biological_Process_2023,1.519766081871345,1.4448813456091958
Regulation Of Cardiac Muscle Cell Membrane Repolarization (GO:0099623),1/22,0.3953894606992335,0.6882705426986657,KCNE3,GO_Biological_Process_2023,2.061767500791891,1.913081123914626
Protein Neddylation (GO:0045116),1/22,0.3953894606992335,0.6882705426986657,RNF7,GO_Biological_Process_2023,2.061767500791891,1.913081123914626
Acetylcholine Receptor Signaling Pathway (GO:0095500),1/22,0.3953894606992335,0.6882705426986657,RGS10,GO_Biological_Process_2023,2.061767500791891,1.913081123914626
Fc Receptor Mediated Stimulatory Signaling Pathway (GO:0002431),1/22,0.3953894606992335,0.6882705426986657,FCER1G,GO_Biological_Process_2023,2.061767500791891,1.913081123914626
Response To Light Stimulus (GO:0009416),2/60,0.3944773469522966,0.6882705426986657,UBE2B;UBE2A,GO_Biological_Process_2023,1.493486590038314,1.389231611762208
NAD Metabolic Process (GO:0019674),1/22,0.3953894606992335,0.6882705426986657,NUDT13,GO_Biological_Process_2023,2.061767500791891,1.913081123914626
Fc-epsilon Receptor Signaling Pathway (GO:0038095),1/22,0.3953894606992335,0.6882705426986657,FCER1G,GO_Biological_Process_2023,2.061767500791891,1.913081123914626
Regulation Of Cell Death (GO:0010941),2/59,0.3864602960201719,0.6882705426986657,BNIP3L;CHMP1B,GO_Biological_Process_2023,1.519766081871345,1.4448813456091958
Response To UV (GO:0009411),3/100,0.3942723303121412,0.6882705426986657,UBE2B;UBE2A;TRIAP1,GO_Biological_Process_2023,1.3398158565426033,1.2469845909962538
Negative Regulation Of Cytokine-Mediated Signaling Pathway (GO:0001960),2/59,0.3864602960201719,0.6882705426986657,IL6;TREM2,GO_Biological_Process_2023,1.519766081871345,1.4448813456091958
Negative Regulation Of Signal Transduction In Absence Of Ligand (GO:1901099),1/22,0.3953894606992335,0.6882705426986657,PF4,GO_Biological_Process_2023,2.061767500791891,1.913081123914626
Negative Regulation Of Protein Localization To Nucleus (GO:1900181),1/22,0.3953894606992335,0.6882705426986657,SUMO1,GO_Biological_Process_2023,2.061767500791891,1.913081123914626
Ribosomal Large Subunit Assembly (GO:0000027),1/22,0.3953894606992335,0.6882705426986657,RPL5,GO_Biological_Process_2023,2.061767500791891,1.913081123914626
Positive Regulation Of Receptor Internalization (GO:0002092),1/22,0.3953894606992335,0.6882705426986657,INSR,GO_Biological_Process_2023,2.061767500791891,1.913081123914626
Positive Regulation Of Protein Autophosphorylation (GO:0031954),1/22,0.3953894606992335,0.6882705426986657,CALM2,GO_Biological_Process_2023,2.061767500791891,1.913081123914626
Positive Regulation Of Phosphatase Activity (GO:0010922),1/22,0.3953894606992335,0.6882705426986657,CALM2,GO_Biological_Process_2023,2.061767500791891,1.913081123914626
Positive Regulation Of Cholesterol Efflux (GO:0010875),1/22,0.3953894606992335,0.6882705426986657,TREM2,GO_Biological_Process_2023,2.061767500791891,1.913081123914626
Oligosaccharide Biosynthetic Process (GO:0009312),1/22,0.3953894606992335,0.6882705426986657,ST3GAL6,GO_Biological_Process_2023,2.061767500791891,1.913081123914626
Amyloid Fiber Formation R-HSA-977225,2/79,0.5359505071075701,0.6882732828118269,CST3;B2M,Reactome_2022,1.123867243867244,0.7009711268716393
8Q11 23 RB1CC1 Copy Number Variation WP5412,2/16,0.0496239172798568,0.6902235767107366,GABARAPL2;GABARAPL1,WikiPathway_2023_Human,6.201269841269841,18.624164313039373
Metabolic Disorders Of Biological Oxidation Enzymes R-HSA-5579029,1/34,0.5406136733254445,0.6906268915780548,CYP27A1,Reactome_2022,1.311227575085668,0.8064709823818986
Synthesis Of Bile Acids And Bile Salts R-HSA-192105,1/34,0.5406136733254445,0.6906268915780548,CYP27A1,Reactome_2022,1.311227575085668,0.8064709823818986
Detoxification Of Reactive Oxygen Species R-HSA-3299685,1/34,0.5406136733254445,0.6906268915780548,PRDX2,Reactome_2022,1.311227575085668,0.8064709823818986
Protein Localization To Cell Periphery (GO:1990778),4/142,0.4002016194643434,0.6960028164597277,PSMD10;ITGB1BP1;RAMP1;S100A10,GO_Biological_Process_2023,1.2558229813664596,1.1500661222854025
Positive Regulation Of Lamellipodium Assembly (GO:0010592),1/23,0.4090686808997726,0.696287516222034,BRK1,GO_Biological_Process_2023,1.9679500100786127,1.7590958307332074
Positive Regulation Of Cell-Substrate Junction Organization (GO:0150117),1/23,0.4090686808997726,0.696287516222034,S100A10,GO_Biological_Process_2023,1.9679500100786127,1.7590958307332074
Nuclear Membrane Reassembly (GO:0031468),1/23,0.4090686808997726,0.696287516222034,CHMP1B,GO_Biological_Process_2023,1.9679500100786127,1.7590958307332074
Phosphate-Containing Compound Metabolic Process (GO:0006796),5/184,0.4025453983569696,0.696287516222034,DUSP12;NANP;PPA2;GPX4;HNMT,GO_Biological_Process_2023,1.2103658155549724,1.1013692239295108
Positive Regulation Of Gene Expression (GO:0010628),12/480,0.4021158584937341,0.696287516222034,N6AMT1;RPL5;SEC16B;IL6;TYROBP;CLEC7A;IL15;RPS3;RPS27L;TREM2;PF4;LAMTOR5,GO_Biological_Process_2023,1.111888111888112,1.0129467779146606
"Positive Regulation Of mRNA Splicing, Via Spliceosome (GO:0048026)",1/23,0.4090686808997726,0.696287516222034,CLNS1A,GO_Biological_Process_2023,1.9679500100786127,1.7590958307332074
Regulation Of Centrosome Cycle (GO:0046605),1/23,0.4090686808997726,0.696287516222034,CHMP1B,GO_Biological_Process_2023,1.9679500100786127,1.7590958307332074
Fat Cell Differentiation (GO:0045444),2/62,0.4103651957308583,0.696287516222034,SUMO1;BBS9,GO_Biological_Process_2023,1.4435555555555557,1.2857861850488923
Protein-Containing Complex Disassembly (GO:0032984),2/62,0.4103651957308583,0.696287516222034,MAP1LC3B;CHMP1B,GO_Biological_Process_2023,1.4435555555555557,1.2857861850488923
Positive Regulation Of Apoptotic Signaling Pathway (GO:2001235),2/62,0.4103651957308583,0.696287516222034,FIS1;RPS3,GO_Biological_Process_2023,1.4435555555555557,1.2857861850488923
Negative Regulation Of Kinase Activity (GO:0033673),2/62,0.4103651957308583,0.696287516222034,CDKN1C;ITGB1BP1,GO_Biological_Process_2023,1.4435555555555557,1.2857861850488923
Protein Catabolic Process (GO:0030163),3/102,0.4064515508191652,0.696287516222034,BNIP3L;PSMA6;SQSTM1,GO_Biological_Process_2023,1.312613889451306,1.1817338716434085
Negative Regulation Of Protein Depolymerization (GO:1901880),1/23,0.4090686808997726,0.696287516222034,CIB1,GO_Biological_Process_2023,1.9679500100786127,1.7590958307332074
Negative Regulation Of Neuron Differentiation (GO:0045665),1/23,0.4090686808997726,0.696287516222034,B2M,GO_Biological_Process_2023,1.9679500100786127,1.7590958307332074
Immune Response-Activating Cell Surface Receptor Signaling Pathway (GO:0002429),1/23,0.4090686808997726,0.696287516222034,FCER1G,GO_Biological_Process_2023,1.9679500100786127,1.7590958307332074
Histone mRNA Metabolic Process (GO:0008334),1/23,0.4090686808997726,0.696287516222034,LSM1,GO_Biological_Process_2023,1.9679500100786127,1.7590958307332074
Entrainment Of Circadian Clock By Photoperiod (GO:0043153),1/23,0.4090686808997726,0.696287516222034,PER1,GO_Biological_Process_2023,1.9679500100786127,1.7590958307332074
Diacylglycerol Metabolic Process (GO:0046339),1/23,0.4090686808997726,0.696287516222034,DGKA,GO_Biological_Process_2023,1.9679500100786127,1.7590958307332074
Cell-Cell Signaling By Wnt (GO:0198738),1/23,0.4090686808997726,0.696287516222034,RAC3,GO_Biological_Process_2023,1.9679500100786127,1.7590958307332074
Regulation Of Lipid Catabolic Process (GO:0050994),1/23,0.4090686808997726,0.696287516222034,HPGD,GO_Biological_Process_2023,1.9679500100786127,1.7590958307332074
Regulation Of Interleukin-4 Production (GO:0032673),1/23,0.4090686808997726,0.696287516222034,FCER1G,GO_Biological_Process_2023,1.9679500100786127,1.7590958307332074
U2-type Prespliceosome Assembly (GO:1903241),1/23,0.4090686808997726,0.696287516222034,SF3B6,GO_Biological_Process_2023,1.9679500100786127,1.7590958307332074
Protein Alkylation (GO:0008213),1/23,0.4090686808997726,0.696287516222034,METTL21A,GO_Biological_Process_2023,1.9679500100786127,1.7590958307332074
Spliceosomal Complex Assembly (GO:0000245),2/62,0.4103651957308583,0.696287516222034,SRPK3;SF3B6,GO_Biological_Process_2023,1.4435555555555557,1.2857861850488923
Positive Regulation Of Neuron Apoptotic Process (GO:0043525),1/23,0.4090686808997726,0.696287516222034,TYROBP,GO_Biological_Process_2023,1.9679500100786127,1.7590958307332074
Regulation Of Cardiac Muscle Hypertrophy (GO:0010611),1/23,0.4090686808997726,0.696287516222034,RGS2,GO_Biological_Process_2023,1.9679500100786127,1.7590958307332074
Protein N-linked Glycosylation Via Asparagine (GO:0018279),1/23,0.4090686808997726,0.696287516222034,OSTC,GO_Biological_Process_2023,1.9679500100786127,1.7590958307332074
Senescence-Associated Secretory Phenotype (SASP) R-HSA-2559582,2/81,0.5494784955910367,0.6966180487628535,IL6;CDC26,Reactome_2022,1.0953023909985935,0.6558513436328017
Negative Regulators Of DDX58/IFIH1 Signaling R-HSA-936440,1/35,0.5510134566034046,0.6966180487628535,ATG12,Reactome_2022,1.272596843615495,0.7584626894662736
Gene And Protein Expression By JAK-STAT Signaling After Interleukin-12 Stimulation R-HSA-8950505,1/35,0.5510134566034046,0.6966180487628535,PDCD4,Reactome_2022,1.272596843615495,0.7584626894662736
SUMOylation Of SUMOylation Proteins R-HSA-4085377,1/35,0.5510134566034046,0.6966180487628535,SUMO1,Reactome_2022,1.272596843615495,0.7584626894662736
RHOBTB GTPase Cycle R-HSA-9706574,1/35,0.5510134566034046,0.6966180487628535,TWF1,Reactome_2022,1.272596843615495,0.7584626894662736
Nucleotide Catabolism R-HSA-8956319,1/35,0.5510134566034046,0.6966180487628535,SCO2,Reactome_2022,1.272596843615495,0.7584626894662736
Negative Regulation Of Ossification (GO:0030279),1/24,0.4224390794026658,0.6972655568718276,SRGN,GO_Biological_Process_2023,1.882290562036055,1.6219886629757825
Photoperiodism (GO:0009648),1/24,0.4224390794026658,0.6972655568718276,PER1,GO_Biological_Process_2023,1.882290562036055,1.6219886629757825
Positive Regulation Of Cellular Response To Transforming Growth Factor Beta Stimulus (GO:1903846),1/24,0.4224390794026658,0.6972655568718276,CDKN1C,GO_Biological_Process_2023,1.882290562036055,1.6219886629757825
Positive Regulation Of Natural Killer Cell Mediated Immunity (GO:0002717),1/24,0.4224390794026658,0.6972655568718276,KLRD1,GO_Biological_Process_2023,1.882290562036055,1.6219886629757825
Dicarboxylic Acid Transport (GO:0006835),1/24,0.4224390794026658,0.6972655568718276,UCP2,GO_Biological_Process_2023,1.882290562036055,1.6219886629757825
"RNA Splicing, Via Transesterification Reactions (GO:0000375)",1/24,0.4224390794026658,0.6972655568718276,LSM1,GO_Biological_Process_2023,1.882290562036055,1.6219886629757825
Fc-gamma Receptor Signaling Pathway (GO:0038094),1/24,0.4224390794026658,0.6972655568718276,FCER1G,GO_Biological_Process_2023,1.882290562036055,1.6219886629757825
Regulation Of Cysteine-Type Endopeptidase Activity (GO:2000116),1/24,0.4224390794026658,0.6972655568718276,CST3,GO_Biological_Process_2023,1.882290562036055,1.6219886629757825
Positive Regulation Of Protein Kinase Activity (GO:0045860),4/145,0.4154772052962697,0.6972655568718276,INSR;CIB1;CAMK1;CALM2,GO_Biological_Process_2023,1.2289133738601823,1.0793884446716957
Regulation Of Cellular Catabolic Process (GO:0031329),2/63,0.4182322629775563,0.6972655568718276,VPS29;DRAM2,GO_Biological_Process_2023,1.4198178506375227,1.2376812708197162
Regulation Of Cold-Induced Thermogenesis (GO:0120161),4/146,0.4205505980665339,0.6972655568718276,IL15;UCP2;IL18;ACOT13,GO_Biological_Process_2023,1.2201961770623742,1.0569223104357577
Protein Transport (GO:0015031),8/313,0.412457782658623,0.6972655568718276,VPS29;ARL11;SAR1B;CHMP1B;PDCD6;TVP23B;DNAJC15;RAMP1,GO_Biological_Process_2023,1.136789248264658,1.0067649122847162
Natural Killer Cell Mediated Cytotoxicity (GO:0042267),1/24,0.4224390794026658,0.6972655568718276,TUBB2A,GO_Biological_Process_2023,1.882290562036055,1.6219886629757825
Negative Regulation Of Ion Transmembrane Transporter Activity (GO:0032413),1/24,0.4224390794026658,0.6972655568718276,CALM2,GO_Biological_Process_2023,1.882290562036055,1.6219886629757825
Negative Regulation Of Cell Junction Assembly (GO:1901889),1/24,0.4224390794026658,0.6972655568718276,ITGB1BP1,GO_Biological_Process_2023,1.882290562036055,1.6219886629757825
Negative Regulation Of Antigen Receptor-Mediated Signaling Pathway (GO:0050858),1/24,0.4224390794026658,0.6972655568718276,LPXN,GO_Biological_Process_2023,1.882290562036055,1.6219886629757825
Regulation Of Microtubule Depolymerization (GO:0031114),1/24,0.4224390794026658,0.6972655568718276,CIB1,GO_Biological_Process_2023,1.882290562036055,1.6219886629757825
Amyloid Fibril Formation (GO:1990000),1/24,0.4224390794026658,0.6972655568718276,B2M,GO_Biological_Process_2023,1.882290562036055,1.6219886629757825
Regulation Of Ryanodine-Sensitive Calcium-Release Channel Activity (GO:0060314),1/24,0.4224390794026658,0.6972655568718276,CALM2,GO_Biological_Process_2023,1.882290562036055,1.6219886629757825
Response To Purine-Containing Compound (GO:0014074),1/24,0.4224390794026658,0.6972655568718276,NDUFS4,GO_Biological_Process_2023,1.882290562036055,1.6219886629757825
Regulation Of AMPA Receptor Activity (GO:2000311),1/24,0.4224390794026658,0.6972655568718276,CNIH4,GO_Biological_Process_2023,1.882290562036055,1.6219886629757825
Eosinophil Chemotaxis (GO:0048245),1/24,0.4224390794026658,0.6972655568718276,CCL24,GO_Biological_Process_2023,1.882290562036055,1.6219886629757825
Eosinophil Migration (GO:0072677),1/24,0.4224390794026658,0.6972655568718276,CCL24,GO_Biological_Process_2023,1.882290562036055,1.6219886629757825
Fat-Soluble Vitamin Metabolic Process (GO:0006775),1/24,0.4224390794026658,0.6972655568718276,VKORC1,GO_Biological_Process_2023,1.882290562036055,1.6219886629757825
Gliogenesis (GO:0042063),1/24,0.4224390794026658,0.6972655568718276,CD9,GO_Biological_Process_2023,1.882290562036055,1.6219886629757825
Lipid Translocation (GO:0034204),1/24,0.4224390794026658,0.6972655568718276,TRIAP1,GO_Biological_Process_2023,1.882290562036055,1.6219886629757825
Mononuclear Cell Differentiation (GO:1903131),1/24,0.4224390794026658,0.6972655568718276,TREM2,GO_Biological_Process_2023,1.882290562036055,1.6219886629757825
Acylglycerol Homeostasis (GO:0055090),1/24,0.4224390794026658,0.6972655568718276,IL18,GO_Biological_Process_2023,1.882290562036055,1.6219886629757825
Positive Regulation Of Transforming Growth Factor Beta Receptor Signaling Pathway (GO:0030511),1/24,0.4224390794026658,0.6972655568718276,CDKN1C,GO_Biological_Process_2023,1.882290562036055,1.6219886629757825
Positive Regulation Of Vascular Endothelial Growth Factor Production (GO:0010575),1/24,0.4224390794026658,0.6972655568718276,IL6,GO_Biological_Process_2023,1.882290562036055,1.6219886629757825
Positive Regulation Of Peptidyl-Threonine Phosphorylation (GO:0010800),1/24,0.4224390794026658,0.6972655568718276,CALM2,GO_Biological_Process_2023,1.882290562036055,1.6219886629757825
Kinase Activity (GO:0016301),3/106,0.4305811162564715,0.6976242123963025,DGKA;IDNK;PSTK,GO_Molecular_Function_2023,1.2613791164832313,1.0628627028846305
Negative Regulation Of Multicellular Organismal Process (GO:0051241),6/231,0.4233222891785726,0.6981104418032601,SRGN;RGS2;PPP1R11;IL15;ACOT13;TREM2,GO_Biological_Process_2023,1.1553363228699551,0.9931519164040594
Cellular Response To Organonitrogen Compound (GO:0071417),3/105,0.4245800838837965,0.6985958297840201,CIB2;LAMTOR3;LAMTOR5,GO_Biological_Process_2023,1.273811083453426,1.091216170550081
Negative Regulation Of Cell Death (GO:0060548),2/64,0.4260457860247897,0.6985958297840201,BNIP3L;CHMP1B,GO_Biological_Process_2023,1.3968458781362008,1.191800719922828
Dephosphorylation (GO:0016311),4/147,0.425613544243529,0.6985958297840201,FAM220A;DUSP12;NANP;CTDSP1,GO_Biological_Process_2023,1.211600899100899,1.0349779819337863
Negative Regulation Of MAPK Cascade (GO:0043409),3/105,0.4245800838837965,0.6985958297840201,PSMD10;RGS2;ITGB1BP1,GO_Biological_Process_2023,1.273811083453426,1.091216170550081
Purine Nucleoside Bisphosphate Metabolic Process (GO:0034032),1/25,0.4355076130355699,0.6985958297840201,ACOT2,GO_Biological_Process_2023,1.8037694013303769,1.4993706915444824
Organophosphate Ester Transport (GO:0015748),1/25,0.4355076130355699,0.6985958297840201,TRIAP1,GO_Biological_Process_2023,1.8037694013303769,1.4993706915444824
Negative Regulation Of Protein Localization To Membrane (GO:1905476),1/25,0.4355076130355699,0.6985958297840201,ITGB1BP1,GO_Biological_Process_2023,1.8037694013303769,1.4993706915444824
Regulation Of Cell Size (GO:0008361),1/25,0.4355076130355699,0.6985958297840201,LAMTOR5,GO_Biological_Process_2023,1.8037694013303769,1.4993706915444824
Long-Chain Fatty Acid Biosynthetic Process (GO:0042759),1/25,0.4355076130355699,0.6985958297840201,GPX4,GO_Biological_Process_2023,1.8037694013303769,1.4993706915444824
Negative Regulation Of Intrinsic Apoptotic Signaling Pathway In Response To DNA Damage (GO:1902230),1/25,0.4355076130355699,0.6985958297840201,TRIAP1,GO_Biological_Process_2023,1.8037694013303769,1.4993706915444824
Negative Regulation Of Signaling Receptor Activity (GO:2000272),1/25,0.4355076130355699,0.6985958297840201,CNRIP1,GO_Biological_Process_2023,1.8037694013303769,1.4993706915444824
Regulation Of B Cell Activation (GO:0050864),1/25,0.4355076130355699,0.6985958297840201,IL6,GO_Biological_Process_2023,1.8037694013303769,1.4993706915444824
Positive Regulation Of Glucose Import (GO:0046326),1/25,0.4355076130355699,0.6985958297840201,INSR,GO_Biological_Process_2023,1.8037694013303769,1.4993706915444824
Peptide Hormone Secretion (GO:0030072),1/25,0.4355076130355699,0.6985958297840201,IL6,GO_Biological_Process_2023,1.8037694013303769,1.4993706915444824
Carbohydrate Biosynthetic Process (GO:0016051),1/25,0.4355076130355699,0.6985958297840201,ST3GAL6,GO_Biological_Process_2023,1.8037694013303769,1.4993706915444824
Sterol Transport (GO:0015918),1/25,0.4355076130355699,0.6985958297840201,STARD3NL,GO_Biological_Process_2023,1.8037694013303769,1.4993706915444824
Positive Regulation Of Cell Growth (GO:0030307),3/106,0.4305811162564715,0.6985958297840201,N6AMT1;PSMD10;CIB1,GO_Biological_Process_2023,1.2613791164832313,1.0628627028846305
Fatty Acid Biosynthetic Process (GO:0006633),2/65,0.433804165085015,0.6985958297840201,GPX4;CBR4,GO_Biological_Process_2023,1.3746031746031746,1.14801644543255
Antimicrobial Humoral Immune Response Mediated By Antimicrobial Peptide (GO:0061844),2/65,0.433804165085015,0.6985958297840201,RNASE6;PF4,GO_Biological_Process_2023,1.3746031746031746,1.14801644543255
Regulation Of Glycogen Biosynthetic Process (GO:0005979),1/25,0.4355076130355699,0.6985958297840201,INSR,GO_Biological_Process_2023,1.8037694013303769,1.4993706915444824
Regulation Of Keratinocyte Proliferation (GO:0010837),1/25,0.4355076130355699,0.6985958297840201,NOTCH2,GO_Biological_Process_2023,1.8037694013303769,1.4993706915444824
Cardiac Conduction System Development (GO:0003161),1/25,0.4355076130355699,0.6985958297840201,NOTCH2,GO_Biological_Process_2023,1.8037694013303769,1.4993706915444824
Regulation Of Synapse Organization (GO:0050807),1/25,0.4355076130355699,0.6985958297840201,KLK8,GO_Biological_Process_2023,1.8037694013303769,1.4993706915444824
Cellular Response To Hexose Stimulus (GO:0071331),1/25,0.4355076130355699,0.6985958297840201,UCP2,GO_Biological_Process_2023,1.8037694013303769,1.4993706915444824
Regulation Of Double-Strand Break Repair Via Nonhomologous End Joining (GO:2001032),1/25,0.4355076130355699,0.6985958297840201,NUDT16L1,GO_Biological_Process_2023,1.8037694013303769,1.4993706915444824
Regulation Of Actin Cytoskeleton Reorganization (GO:2000249),1/25,0.4355076130355699,0.6985958297840201,NOTCH2,GO_Biological_Process_2023,1.8037694013303769,1.4993706915444824
Ventricular Cardiac Muscle Tissue Development (GO:0003229),1/25,0.4355076130355699,0.6985958297840201,MYL2,GO_Biological_Process_2023,1.8037694013303769,1.4993706915444824
Secretory Granule Organization (GO:0033363),1/25,0.4355076130355699,0.6985958297840201,SRGN,GO_Biological_Process_2023,1.8037694013303769,1.4993706915444824
Ribonucleoside Bisphosphate Metabolic Process (GO:0033875),1/25,0.4355076130355699,0.6985958297840201,ACOT2,GO_Biological_Process_2023,1.8037694013303769,1.4993706915444824
Protein Glycosylation (GO:0006486),4/147,0.425613544243529,0.6985958297840201,B3GALNT1;PDCD6;OSTC;ST3GAL6,GO_Biological_Process_2023,1.211600899100899,1.0349779819337863
Response To Calcium Ion (GO:0051592),3/106,0.4305811162564715,0.6985958297840201,PEF1;PDCD6;CALM2,GO_Biological_Process_2023,1.2613791164832313,1.0628627028846305
Protein N-linked Glycosylation (GO:0006487),2/64,0.4260457860247897,0.6985958297840201,PDCD6;OSTC,GO_Biological_Process_2023,1.3968458781362008,1.191800719922828
MHC Class II Protein Complex Binding (GO:0023026),1/25,0.4355076130355699,0.6988860266332718,B2M,GO_Molecular_Function_2023,1.8037694013303769,1.4993706915444824
"Phosphatidylinositol-3,4-Bisphosphate Binding (GO:0043325)",1/25,0.4355076130355699,0.6988860266332718,COMMD1,GO_Molecular_Function_2023,1.8037694013303769,1.4993706915444824
Ribosome,7/158,0.0678599433577633,0.7012194146968882,MRPS17;RPL5;RPS3;RPS27L;MRPL14;MRPS6;MRPS18C,KEGG_2021_Human,2.0206711808914357,5.436230579954956
Ferroptosis,3/41,0.065016450537996,0.7012194146968882,MAP1LC3B;GPX4;SAT1,KEGG_2021_Human,3.430430195756652,9.375760073218231
Protein Localization To Membrane (GO:0072657),5/192,0.4381673115686757,0.7016648600929389,PSMD10;TMEM147;ITGB1BP1;RAMP1;S100A10,GO_Biological_Process_2023,1.1581069279450646,0.955617087094972
Modification-Dependent Protein Catabolic Process (GO:0019941),5/192,0.4381673115686757,0.7016648600929389,UBE2B;PPP1R11;UBE2A;RNF7;SQSTM1,GO_Biological_Process_2023,1.1581069279450646,0.955617087094972
Platelet Aggregation (Plug Formation) R-HSA-76009,1/36,0.5611783134210535,0.7033947353154301,GP9,Reactome_2022,1.236173582515046,0.7141579678591137
HSF1-dependent Transactivation R-HSA-3371571,1/36,0.5611783134210535,0.7033947353154301,HSBP1,Reactome_2022,1.236173582515046,0.7141579678591137
Transcriptional Regulation By AP-2 (TFAP2) Family Of Transcription Factors R-HSA-8864260,1/36,0.5611783134210535,0.7033947353154301,SUMO1,Reactome_2022,1.236173582515046,0.7141579678591137
RHO GTPases Activate WASPs And WAVEs R-HSA-5663213,1/36,0.5611783134210535,0.7033947353154301,BRK1,Reactome_2022,1.236173582515046,0.7141579678591137
Glutathione Conjugation R-HSA-156590,1/36,0.5611783134210535,0.7033947353154301,MGST3,Reactome_2022,1.236173582515046,0.7141579678591137
Positive Regulation Of Macromolecule Metabolic Process (GO:0010604),9/364,0.4396374763114514,0.7034199620983224,RPL5;SEC16B;IL6;TYROBP;CLEC7A;RPS3;TREM2;LAMTOR5;PF4,GO_Biological_Process_2023,1.0983817123962738,0.9026553735300626
Platelet Homeostasis R-HSA-418346,2/83,0.5627273000221473,0.7041305702841228,GNG10;GNGT2,Reactome_2022,1.068148148148148,0.6141426062334998
Negative Regulation Of Immune Response (GO:0050777),2/66,0.441505899573736,0.7058087510192379,TREM2;ATG12,GO_Biological_Process_2023,1.3530555555555557,1.1062093721261492
Nuclear Membrane Organization (GO:0071763),1/26,0.4482810821729101,0.7060210862847683,CHMP1B,GO_Biological_Process_2023,1.731529933481153,1.389266770915738
Positive Regulation Of Nuclear Division (GO:0051785),1/26,0.4482810821729101,0.7060210862847683,INSR,GO_Biological_Process_2023,1.731529933481153,1.389266770915738
Positive Regulation Of Microtubule Polymerization Or Depolymerization (GO:0031112),1/26,0.4482810821729101,0.7060210862847683,RPS3,GO_Biological_Process_2023,1.731529933481153,1.389266770915738
Organelle Fusion (GO:0048284),1/26,0.4482810821729101,0.7060210862847683,FIS1,GO_Biological_Process_2023,1.731529933481153,1.389266770915738
Nucleic Acid Phosphodiester Bond Hydrolysis (GO:0090305),1/26,0.4482810821729101,0.7060210862847683,RNASE6,GO_Biological_Process_2023,1.731529933481153,1.389266770915738
Negative Regulation Of Protein Polymerization (GO:0032272),1/26,0.4482810821729101,0.7060210862847683,TWF1,GO_Biological_Process_2023,1.731529933481153,1.389266770915738
Extrinsic Apoptotic Signaling Pathway (GO:0097191),2/67,0.4491495846790334,0.7060210862847683,DIABLO;CIB1,GO_Biological_Process_2023,1.33217094017094,1.0662686826504266
Response To Glucocorticoid (GO:0051384),1/26,0.4482810821729101,0.7060210862847683,IL6,GO_Biological_Process_2023,1.731529933481153,1.389266770915738
Regulation Of Vascular Endothelial Growth Factor Production (GO:0010574),1/26,0.4482810821729101,0.7060210862847683,IL6,GO_Biological_Process_2023,1.731529933481153,1.389266770915738
tRNA Modification (GO:0006400),2/67,0.4491495846790334,0.7060210862847683,PUS3;TPRKB,GO_Biological_Process_2023,1.33217094017094,1.0662686826504266
Regulation Of Transcription By RNA Polymerase III (GO:0006359),1/26,0.4482810821729101,0.7060210862847683,MAF1,GO_Biological_Process_2023,1.731529933481153,1.389266770915738
Cardiac Muscle Cell Development (GO:0055013),1/26,0.4482810821729101,0.7060210862847683,MYL2,GO_Biological_Process_2023,1.731529933481153,1.389266770915738
Protein Localization To Cell Surface (GO:0034394),1/26,0.4482810821729101,0.7060210862847683,UNC50,GO_Biological_Process_2023,1.731529933481153,1.389266770915738
Activation Of Cysteine-Type Endopeptidase Activity Involved In Apoptotic Process (GO:0006919),2/67,0.4491495846790334,0.7060210862847683,DIABLO;RPS27L,GO_Biological_Process_2023,1.33217094017094,1.0662686826504266
Regulation Of Proteasomal Ubiquitin-Dependent Protein Catabolic Process (GO:0032434),3/109,0.4484444315751554,0.7060210862847683,PSMD10;SUMO1;COMMD1,GO_Biological_Process_2023,1.2254906080598396,0.9828073200323282
Protein Targeting To Lysosome (GO:0006622),1/26,0.4482810821729101,0.7060210862847683,GNPTG,GO_Biological_Process_2023,1.731529933481153,1.389266770915738
Antigen Processing And Presentation Of Exogenous Peptide Antigen Via MHC Class II (GO:0019886),1/26,0.4482810821729101,0.7060210862847683,FCER1G,GO_Biological_Process_2023,1.731529933481153,1.389266770915738
Acute Inflammatory Response (GO:0002526),1/26,0.4482810821729101,0.7060210862847683,IL6,GO_Biological_Process_2023,1.731529933481153,1.389266770915738
Fc Receptor Signaling Pathway (GO:0038093),1/26,0.4482810821729101,0.7060210862847683,FCER1G,GO_Biological_Process_2023,1.731529933481153,1.389266770915738
DNA-templated Transcription Elongation (GO:0006354),1/26,0.4482810821729101,0.7060210862847683,ELOF1,GO_Biological_Process_2023,1.731529933481153,1.389266770915738
Sleep Regulation WP3591,3/38,0.0540232833147386,0.7065956064651622,CST3;IL6;IL18,WikiPathway_2023_Human,3.725039770919504,10.870933134440724
Mitochondrial Long Chain Fatty Acid Beta Oxidation WP368,2/17,0.0554192632521695,0.7065956064651622,PECR;ACADM,WikiPathway_2023_Human,5.787555555555556,16.74240295674498
Tubulin Binding (GO:0015631),8/322,0.4432882913581916,0.7080007307474434,GABARAPL2;GABARAPL1;MAP1LC3B;VBP1;RPS3;CRIPT;RITA1;RMDN1,GO_Molecular_Function_2023,1.1036896769380846,0.8978901261831705
Early SARS-CoV-2 Infection Events R-HSA-9772572,1/37,0.5711135391525917,0.7097709858398932,MAP1LC3B,Reactome_2022,1.2017738359201773,0.6731943405154693
Fatty acyl-CoA Biosynthesis R-HSA-75105,1/37,0.5711135391525917,0.7097709858398932,CBR4,Reactome_2022,1.2017738359201773,0.6731943405154693
Triglyceride Metabolism R-HSA-8979227,1/37,0.5711135391525917,0.7097709858398932,AGMO,Reactome_2022,1.2017738359201773,0.6731943405154693
MAP2K And MAPK Activation R-HSA-5674135,1/37,0.5711135391525917,0.7097709858398932,LAMTOR3,Reactome_2022,1.2017738359201773,0.6731943405154693
Regulation Of Actin Polymerization Or Depolymerization (GO:0008064),1/27,0.4607661345434268,0.7141305300425741,BRK1,GO_Biological_Process_2023,1.664847347774177,1.290031382484892
Regulation Of Mitochondrial Fission (GO:0090140),1/27,0.4607661345434268,0.7141305300425741,FIS1,GO_Biological_Process_2023,1.664847347774177,1.290031382484892
Chaperone Cofactor-Dependent Protein Refolding (GO:0051085),1/27,0.4607661345434268,0.7141305300425741,DNAJB4,GO_Biological_Process_2023,1.664847347774177,1.290031382484892
Positive Regulation Of Response To Wounding (GO:1903036),1/27,0.4607661345434268,0.7141305300425741,CLEC7A,GO_Biological_Process_2023,1.664847347774177,1.290031382484892
Positive Regulation Of Immune System Process (GO:0002684),1/27,0.4607661345434268,0.7141305300425741,IL15,GO_Biological_Process_2023,1.664847347774177,1.290031382484892
DNA Synthesis Involved In DNA Repair (GO:0000731),1/27,0.4607661345434268,0.7141305300425741,FAAP20,GO_Biological_Process_2023,1.664847347774177,1.290031382484892
T Cell Activation Involved In Immune Response (GO:0002286),1/27,0.4607661345434268,0.7141305300425741,FCER1G,GO_Biological_Process_2023,1.664847347774177,1.290031382484892
Cortical Cytoskeleton Organization (GO:0030865),1/27,0.4607661345434268,0.7141305300425741,RAC3,GO_Biological_Process_2023,1.664847347774177,1.290031382484892
Negative Regulation Of NIK/NF-kappaB Signaling (GO:1901223),1/27,0.4607661345434268,0.7141305300425741,TMSB4X,GO_Biological_Process_2023,1.664847347774177,1.290031382484892
Negative Regulation Of Notch Signaling Pathway (GO:0045746),1/27,0.4607661345434268,0.7141305300425741,RITA1,GO_Biological_Process_2023,1.664847347774177,1.290031382484892
Myeloid Cell Development (GO:0061515),1/27,0.4607661345434268,0.7141305300425741,GP9,GO_Biological_Process_2023,1.664847347774177,1.290031382484892
Cell Surface Receptor Signaling Pathway Involved In Cell-Cell Signaling (GO:1905114),1/27,0.4607661345434268,0.7141305300425741,RAC3,GO_Biological_Process_2023,1.664847347774177,1.290031382484892
Regulation Of Extrinsic Apoptotic Signaling Pathway In Absence Of Ligand (GO:2001239),1/27,0.4607661345434268,0.7141305300425741,PF4,GO_Biological_Process_2023,1.664847347774177,1.290031382484892
Peptidyl-Lysine Methylation (GO:0018022),1/27,0.4607661345434268,0.7141305300425741,METTL21A,GO_Biological_Process_2023,1.664847347774177,1.290031382484892
Positive Regulation Of Calcium Ion Transmembrane Transporter Activity (GO:1901021),1/27,0.4607661345434268,0.7141305300425741,CALM2,GO_Biological_Process_2023,1.664847347774177,1.290031382484892
Positive Regulation Of Filopodium Assembly (GO:0051491),1/27,0.4607661345434268,0.7141305300425741,MIEN1,GO_Biological_Process_2023,1.664847347774177,1.290031382484892
Positive Regulation Of TORC1 Signaling (GO:1904263),1/27,0.4607661345434268,0.7141305300425741,LAMTOR5,GO_Biological_Process_2023,1.664847347774177,1.290031382484892
Acetyltransferase Activity (GO:0016407),1/27,0.4607661345434268,0.7179758710990315,SAT1,GO_Molecular_Function_2023,1.664847347774177,1.290031382484892
Carboxy-Lyase Activity (GO:0016831),1/27,0.4607661345434268,0.7179758710990315,PPCDC,GO_Molecular_Function_2023,1.664847347774177,1.290031382484892
"Oxidoreductase Activity, Acting On Paired Donors, With Incorporation Or Reduction Of Molecular Oxygen, NAD(P)H As One Donor, And Incorporation Of One Atom Of Oxygen (GO:0016709)",1/27,0.4607661345434268,0.7179758710990315,CYP27A1,GO_Molecular_Function_2023,1.664847347774177,1.290031382484892
Cell Adhesion Mediator Activity (GO:0098631),1/28,0.4729692682017358,0.7179758710990315,NINJ1,GO_Molecular_Function_2023,1.6031042128603104,1.200283984858342
Dicarboxylic Acid Transmembrane Transporter Activity (GO:0005310),1/28,0.4729692682017358,0.7179758710990315,UCP2,GO_Molecular_Function_2023,1.6031042128603104,1.200283984858342
Delayed Rectifier Potassium Channel Activity (GO:0005251),1/28,0.4729692682017358,0.7179758710990315,KCNE3,GO_Molecular_Function_2023,1.6031042128603104,1.200283984858342
Protein Phosphatase Inhibitor Activity (GO:0004864),1/27,0.4607661345434268,0.7179758710990315,PPP1R11,GO_Molecular_Function_2023,1.664847347774177,1.290031382484892
Nuclear Thyroid Hormone Receptor Binding (GO:0046966),1/27,0.4607661345434268,0.7179758710990315,ZNHIT3,GO_Molecular_Function_2023,1.664847347774177,1.290031382484892
"RNA Endonuclease Activity, Producing 5'-Phosphomonoesters (GO:0016891)",1/28,0.4729692682017358,0.7179758710990315,NUDT16L1,GO_Molecular_Function_2023,1.6031042128603104,1.200283984858342
Glutathione Transferase Activity (GO:0004364),1/28,0.4729692682017358,0.7179758710990315,MGST3,GO_Molecular_Function_2023,1.6031042128603104,1.200283984858342
RNA Nuclease Activity (GO:0004540),2/70,0.4717196556915115,0.7179758710990315,RCL1;RNASE6,GO_Molecular_Function_2023,1.2732026143790849,0.9566467826791928
Regulation Of Sodium Ion Transmembrane Transport (GO:1902305),1/28,0.4729692682017358,0.7182408919380157,COMMD1,GO_Biological_Process_2023,1.6031042128603104,1.200283984858342
Diterpenoid Metabolic Process (GO:0016101),1/28,0.4729692682017358,0.7182408919380157,PECR,GO_Biological_Process_2023,1.6031042128603104,1.200283984858342
Regulation Of Protein Localization To Membrane (GO:1905475),1/28,0.4729692682017358,0.7182408919380157,CRIPT,GO_Biological_Process_2023,1.6031042128603104,1.200283984858342
Negative Regulation Of Cytoskeleton Organization (GO:0051494),1/28,0.4729692682017358,0.7182408919380157,TWF1,GO_Biological_Process_2023,1.6031042128603104,1.200283984858342
Vascular Endothelial Growth Factor Receptor Signaling Pathway (GO:0048010),1/28,0.4729692682017358,0.7182408919380157,PDCD6,GO_Biological_Process_2023,1.6031042128603104,1.200283984858342
Regulation Of Actin Filament Polymerization (GO:0030833),2/70,0.4717196556915115,0.7182408919380157,CCL24;TWF1,GO_Biological_Process_2023,1.2732026143790849,0.9566467826791928
Negative Regulation Of Epithelial Cell Proliferation (GO:0050680),2/70,0.4717196556915115,0.7182408919380157,CDKN1C;B2M,GO_Biological_Process_2023,1.2732026143790849,0.9566467826791928
Protein K48-linked Ubiquitination (GO:0070936),2/70,0.4717196556915115,0.7182408919380157,UBE2B;UBE2A,GO_Biological_Process_2023,1.2732026143790849,0.9566467826791928
Positive Regulation Of Protein Transport (GO:0051222),2/70,0.4717196556915115,0.7182408919380157,TREM2;OAZ2,GO_Biological_Process_2023,1.2732026143790849,0.9566467826791928
Sulfur Compound Biosynthetic Process (GO:0044272),2/70,0.4717196556915115,0.7182408919380157,ST3GAL6;MAT2B,GO_Biological_Process_2023,1.2732026143790849,0.9566467826791928
Glycosaminoglycan Metabolic Process (GO:0030203),1/28,0.4729692682017358,0.7182408919380157,HEXB,GO_Biological_Process_2023,1.6031042128603104,1.200283984858342
Transcription Elongation By RNA Polymerase II (GO:0006368),1/28,0.4729692682017358,0.7182408919380157,ELOF1,GO_Biological_Process_2023,1.6031042128603104,1.200283984858342
Antigen Processing And Presentation Of Peptide Antigen Via MHC Class II (GO:0002495),1/28,0.4729692682017358,0.7182408919380157,FCER1G,GO_Biological_Process_2023,1.6031042128603104,1.200283984858342
Regulation Of Chemotaxis (GO:0050920),1/28,0.4729692682017358,0.7182408919380157,TREM2,GO_Biological_Process_2023,1.6031042128603104,1.200283984858342
Regulation Of Plasma Membrane Bounded Cell Projection Organization (GO:0120035),1/28,0.4729692682017358,0.7182408919380157,TREM2,GO_Biological_Process_2023,1.6031042128603104,1.200283984858342
Positive Regulation Of Fibroblast Proliferation (GO:0048146),1/28,0.4729692682017358,0.7182408919380157,NDUFS4,GO_Biological_Process_2023,1.6031042128603104,1.200283984858342
Response To Molecule Of Bacterial Origin (GO:0002237),2/69,0.4642576441814646,0.7182408919380157,SRR;IL6,GO_Biological_Process_2023,1.2922719734660033,0.9915804617767048
Ribosome Biogenesis (GO:0042254),4/155,0.4656594559654362,0.7182408919380157,RCL1;RPL5;NIP7;FCF1,GO_Biological_Process_2023,1.1469370860927153,0.8766048099543268
"Regulation Of DNA Damage Response, Signal Transduction By P53 Class Mediator (GO:0043516)",1/28,0.4729692682017358,0.7182408919380157,PSMD10,GO_Biological_Process_2023,1.6031042128603104,1.200283984858342
Regulation Of Bone Resorption (GO:0045124),1/28,0.4729692682017358,0.7182408919380157,IL6,GO_Biological_Process_2023,1.6031042128603104,1.200283984858342
Pyroptosis (GO:0070269),1/28,0.4729692682017358,0.7182408919380157,TREM2,GO_Biological_Process_2023,1.6031042128603104,1.200283984858342
Positive Regulation Of mRNA Processing (GO:0050685),1/28,0.4729692682017358,0.7182408919380157,CLNS1A,GO_Biological_Process_2023,1.6031042128603104,1.200283984858342
Protein Depolymerization (GO:0051261),1/28,0.4729692682017358,0.7182408919380157,TWF1,GO_Biological_Process_2023,1.6031042128603104,1.200283984858342
Regulation Of Protein Serine/Threonine Kinase Activity (GO:0071900),3/112,0.4660782591735629,0.7182408919380157,CIB1;CAMK1;CALM2,GO_Biological_Process_2023,1.1915776138615883,0.9096524009075564
Positive Regulation Of Protein Polymerization (GO:0032273),2/70,0.4717196556915115,0.7182408919380157,CCL24;RPS3,GO_Biological_Process_2023,1.2732026143790849,0.9566467826791928
Fanconi Anemia Pathway R-HSA-6783310,1/38,0.5808243101840446,0.7206159238215604,FAAP20,Reactome_2022,1.1692335350871936,0.6352527174432196
GTP Binding (GO:0005525),5/201,0.477633271642602,0.7218045405540666,ARL11;RIT1;TUBB2A;INSR;RAC3,GO_Molecular_Function_2023,1.1044149203305482,0.8160654984500598
Protein Insertion Into ER Membrane (GO:0045048),1/29,0.4848968352380255,0.7246705142861763,TMEM147,GO_Biological_Process_2023,1.5457713018688628,1.1188588257899288
Response To Lipopolysaccharide (GO:0032496),4/159,0.4853118819254226,0.7246705142861763,IL6;SRR;PDCD4;PF4,GO_Biological_Process_2023,1.1171082949308755,0.8076285665728149
Maintenance Of Blood-Brain Barrier (GO:0035633),1/29,0.4848968352380255,0.7246705142861763,IL6,GO_Biological_Process_2023,1.5457713018688628,1.1188588257899288
Heterotypic Cell-Cell Adhesion (GO:0034113),1/29,0.4848968352380255,0.7246705142861763,NINJ1,GO_Biological_Process_2023,1.5457713018688628,1.1188588257899288
Cholesterol Homeostasis (GO:0042632),2/72,0.4864543558665715,0.7246705142861763,CNBP;IL18,GO_Biological_Process_2023,1.2366984126984126,0.8911799678728504
Negative Regulation Of DNA Binding (GO:0043392),1/29,0.4848968352380255,0.7246705142861763,SUMO1,GO_Biological_Process_2023,1.5457713018688628,1.1188588257899288
Phosphatidic Acid Biosynthetic Process (GO:0006654),1/29,0.4848968352380255,0.7246705142861763,DGKA,GO_Biological_Process_2023,1.5457713018688628,1.1188588257899288
Positive Regulation Of Dephosphorylation (GO:0035306),1/29,0.4848968352380255,0.7246705142861763,CALM2,GO_Biological_Process_2023,1.5457713018688628,1.1188588257899288
Glycolytic Process (GO:0006096),1/29,0.4848968352380255,0.7246705142861763,UCP2,GO_Biological_Process_2023,1.5457713018688628,1.1188588257899288
Positive Regulation Of Programmed Cell Death (GO:0043068),6/245,0.4790056167235509,0.7246705142861763,BNIP3L;IL6;DIABLO;CLEC7A;STK17B;SQSTM1,GO_Biological_Process_2023,1.086871681332908,0.7999842447987475
Regulation Of Developmental Growth (GO:0048638),1/29,0.4848968352380255,0.7246705142861763,INSR,GO_Biological_Process_2023,1.5457713018688628,1.1188588257899288
Regulation Of Translation (GO:0006417),5/202,0.4819647902738221,0.7246705142861763,RPL5;IL6;RPS3;RPS27L;PAIP2,GO_Biological_Process_2023,1.0987519731089384,0.8019617233766584
Regulation Of Muscle Contraction (GO:0006937),1/29,0.4848968352380255,0.7246705142861763,MYL2,GO_Biological_Process_2023,1.5457713018688628,1.1188588257899288
Protein Autoubiquitination (GO:0051865),2/71,0.4791188854941966,0.7246705142861763,UBE2B;UBE2A,GO_Biological_Process_2023,1.2546859903381642,0.9232061287056872
Defense Response To Fungus (GO:0050832),1/29,0.4848968352380255,0.7246705142861763,CLEC7A,GO_Biological_Process_2023,1.5457713018688628,1.1188588257899288
Plasma Membrane Organization (GO:0007009),2/72,0.4864543558665715,0.7246705142861763,BIN3;CHMP1B,GO_Biological_Process_2023,1.2366984126984126,0.8911799678728504
Alpha-Amino Acid Catabolic Process (GO:1901606),1/29,0.4848968352380255,0.7246705142861763,HSD17B10,GO_Biological_Process_2023,1.5457713018688628,1.1188588257899288
Negative Regulation Of Cell Adhesion (GO:0007162),2/72,0.4864543558665715,0.7246705142861763,LPXN;ITGB1BP1,GO_Biological_Process_2023,1.2366984126984126,0.8911799678728504
Positive Regulation Of Microtubule Polymerization (GO:0031116),1/29,0.4848968352380255,0.7246705142861763,RPS3,GO_Biological_Process_2023,1.5457713018688628,1.1188588257899288
Transforming Growth Factor Beta Receptor Signaling Pathway (GO:0007179),2/72,0.4864543558665715,0.7246705142861763,HPGD;LPXN,GO_Biological_Process_2023,1.2366984126984126,0.8911799678728504
Protein Acetylation (GO:0006473),1/29,0.4848968352380255,0.7246705142861763,NAA20,GO_Biological_Process_2023,1.5457713018688628,1.1188588257899288
RNA Biosynthetic Process (GO:0032774),1/29,0.4848968352380255,0.7246705142861763,TAF13,GO_Biological_Process_2023,1.5457713018688628,1.1188588257899288
Regulation Of Spindle Assembly (GO:0090169),1/29,0.4848968352380255,0.7246705142861763,CHMP1B,GO_Biological_Process_2023,1.5457713018688628,1.1188588257899288
Alpha-Amino Acid Metabolic Process (GO:1901605),1/29,0.4848968352380255,0.7246705142861763,SRR,GO_Biological_Process_2023,1.5457713018688628,1.1188588257899288
Negative Regulation Of Cell Population Proliferation (GO:0008285),9/379,0.4874715086354045,0.7256107967019481,CDKN1C;IL6;CIB1;TREM2;ITGB1BP1;FOXO4;NUDT6;B2M;ATRAID,GO_Biological_Process_2023,1.053029101336099,0.7566260860749819
RAC2 GTPase Cycle R-HSA-9013404,2/87,0.5883796472226553,0.72875448691537,STBD1;BRK1,Reactome_2022,1.017673202614379,0.5397564450065355
Negative Regulation Of Gene Expression (GO:0010629),8/336,0.490723966629047,0.7293152221075496,NOTCH2;SRGN;PPP1R11;TCEAL1;RPS3;CNPY2;NUDT16L1;PAIP2,GO_Biological_Process_2023,1.055811909470446,0.7516045144427457
"Phagocytosis, Engulfment (GO:0006911)",1/30,0.4965550448391827,0.7293152221075496,RAC3,GO_Biological_Process_2023,1.4923923847388945,1.044765609595606
Positive Regulation Of JUN Kinase Activity (GO:0043507),1/30,0.4965550448391827,0.7293152221075496,RPS3,GO_Biological_Process_2023,1.4923923847388945,1.044765609595606
Negative Regulation Of Calcium Ion Transmembrane Transporter Activity (GO:1901020),1/30,0.4965550448391827,0.7293152221075496,CALM2,GO_Biological_Process_2023,1.4923923847388945,1.044765609595606
Negative Regulation Of Myeloid Leukocyte Differentiation (GO:0002762),1/30,0.4965550448391827,0.7293152221075496,TCTA,GO_Biological_Process_2023,1.4923923847388945,1.044765609595606
Extrinsic Apoptotic Signaling Pathway Via Death Domain Receptors (GO:0008625),1/30,0.4965550448391827,0.7293152221075496,DIABLO,GO_Biological_Process_2023,1.4923923847388945,1.044765609595606
Cardiac Muscle Cell Action Potential Involved In Contraction (GO:0086002),1/30,0.4965550448391827,0.7293152221075496,KCNE3,GO_Biological_Process_2023,1.4923923847388945,1.044765609595606
Cellular Response To Molecule Of Bacterial Origin (GO:0071219),3/117,0.4948956618971058,0.7293152221075496,IL6;PDCD4;PF4,GO_Biological_Process_2023,1.1390223889344742,0.8011978280928329
Regulation Of Angiogenesis (GO:0045765),5/205,0.494884153766535,0.7293152221075496,IL6;PDCD6;NINJ1;FOXO4;PF4,GO_Biological_Process_2023,1.082102908277405,0.761185354811152
Sterol Homeostasis (GO:0055092),2/73,0.4937251652938731,0.7293152221075496,CNBP;IL18,GO_Biological_Process_2023,1.2192175273865415,0.8604947892519865
Positive Regulation Of Secretion By Cell (GO:1903532),2/73,0.4937251652938731,0.7293152221075496,TREM2;S100A10,GO_Biological_Process_2023,1.2192175273865415,0.8604947892519865
Artery Morphogenesis (GO:0048844),1/30,0.4965550448391827,0.7293152221075496,HPGD,GO_Biological_Process_2023,1.4923923847388945,1.044765609595606
Regulation Of Vasculature Development (GO:1901342),1/30,0.4965550448391827,0.7293152221075496,IL6,GO_Biological_Process_2023,1.4923923847388945,1.044765609595606
Regulation Of Arp2/3 Complex-Mediated Actin Nucleation (GO:0034315),1/30,0.4965550448391827,0.7293152221075496,BRK1,GO_Biological_Process_2023,1.4923923847388945,1.044765609595606
Prostaglandin Metabolic Process (GO:0006693),1/30,0.4965550448391827,0.7293152221075496,HPGD,GO_Biological_Process_2023,1.4923923847388945,1.044765609595606
Immunoglobulin Mediated Immune Response (GO:0016064),1/30,0.4965550448391827,0.7293152221075496,FCER1G,GO_Biological_Process_2023,1.4923923847388945,1.044765609595606
Positive Regulation Of Locomotion (GO:0040017),1/30,0.4965550448391827,0.7293152221075496,TREM2,GO_Biological_Process_2023,1.4923923847388945,1.044765609595606
SUMOylation Of Ubiquitinylation Proteins R-HSA-3232142,1/39,0.5903156861438161,0.7299173686778266,SUMO1,Reactome_2022,1.1384058816664722,0.6000512629594618
Endopeptidase Activity (GO:0004175),8/335,0.4873676546351989,0.7332272304109912,PSMA6;PSMB7;IMMP2L;PSMB5;ECE2;KLK8;SEC11A;SEC11C,GO_Molecular_Function_2023,1.0590957930407472,0.7612108067087501
Regulation Of Protein Binding (GO:0043393),3/118,0.5005664560412451,0.7346330502400786,ITGB1BP1;CAMK1;B2M,GO_Biological_Process_2023,1.129059746296117,0.7813261784219915
Positive Regulation Of Glucose Transmembrane Transport (GO:0010828),1/31,0.5079499666536046,0.7347467440613908,INSR,GO_Biological_Process_2023,1.4425720620842573,0.9771583946941652
Positive Regulation Of Cholesterol Transport (GO:0032376),1/31,0.5079499666536046,0.7347467440613908,TREM2,GO_Biological_Process_2023,1.4425720620842573,0.9771583946941652
Phospholipid Translocation (GO:0045332),1/31,0.5079499666536046,0.7347467440613908,TRIAP1,GO_Biological_Process_2023,1.4425720620842573,0.9771583946941652
Positive Regulation Of Lamellipodium Organization (GO:1902745),1/31,0.5079499666536046,0.7347467440613908,BRK1,GO_Biological_Process_2023,1.4425720620842573,0.9771583946941652
Negative Regulation Of Phosphorylation (GO:0042326),2/75,0.5080695570637277,0.7347467440613908,CDKN1C;CIB1,GO_Biological_Process_2023,1.1856925418569255,0.8028761928044486
Positive Regulation Of Leukocyte Migration (GO:0002687),1/31,0.5079499666536046,0.7347467440613908,IL6,GO_Biological_Process_2023,1.4425720620842573,0.9771583946941652
Antigen Processing And Presentation Of Exogenous Peptide Antigen (GO:0002478),1/31,0.5079499666536046,0.7347467440613908,FCER1G,GO_Biological_Process_2023,1.4425720620842573,0.9771583946941652
Negative Regulation Of Microtubule Polymerization Or Depolymerization (GO:0031111),1/31,0.5079499666536046,0.7347467440613908,CIB1,GO_Biological_Process_2023,1.4425720620842573,0.9771583946941652
Negative Regulation Of Intracellular Steroid Hormone Receptor Signaling Pathway (GO:0033144),1/31,0.5079499666536046,0.7347467440613908,PER1,GO_Biological_Process_2023,1.4425720620842573,0.9771583946941652
Negative Regulation Of Cell-Matrix Adhesion (GO:0001953),1/31,0.5079499666536046,0.7347467440613908,ITGB1BP1,GO_Biological_Process_2023,1.4425720620842573,0.9771583946941652
Triglyceride Homeostasis (GO:0070328),1/31,0.5079499666536046,0.7347467440613908,IL18,GO_Biological_Process_2023,1.4425720620842573,0.9771583946941652
Regulation Of Stress Fiber Assembly (GO:0051492),2/75,0.5080695570637277,0.7347467440613908,ITGB1BP1;S100A10,GO_Biological_Process_2023,1.1856925418569255,0.8028761928044486
Regulation Of Protein Autophosphorylation (GO:0031952),1/31,0.5079499666536046,0.7347467440613908,CALM2,GO_Biological_Process_2023,1.4425720620842573,0.9771583946941652
Cardiac Muscle Tissue Morphogenesis (GO:0055008),1/31,0.5079499666536046,0.7347467440613908,MYL2,GO_Biological_Process_2023,1.4425720620842573,0.9771583946941652
Regulation Of Response To Biotic Stimulus (GO:0002831),1/31,0.5079499666536046,0.7347467440613908,TREM2,GO_Biological_Process_2023,1.4425720620842573,0.9771583946941652
Regulation Of Macrophage Activation (GO:0043030),1/31,0.5079499666536046,0.7347467440613908,IL6,GO_Biological_Process_2023,1.4425720620842573,0.9771583946941652
acyl-CoA Metabolic Process (GO:0006637),1/31,0.5079499666536046,0.7347467440613908,ACOT2,GO_Biological_Process_2023,1.4425720620842573,0.9771583946941652
Regulation Of Centrosome Duplication (GO:0010824),1/31,0.5079499666536046,0.7347467440613908,CHMP1B,GO_Biological_Process_2023,1.4425720620842573,0.9771583946941652
Gene Expression (GO:0010467),7/296,0.5050916869376836,0.7347467440613908,MRPS17;RPL5;RPS3;MRPL14;MRPS6;THOC7;MRPS18C,GO_Biological_Process_2023,1.0482718401306326,0.7159857136434828
Diseases Associated With Glycosaminoglycan Metabolism R-HSA-3560782,1/40,0.5995926132139004,0.7378721316993397,HEXB,Reactome_2022,1.1091591335493776,0.5673402566587089
RAB GEFs Exchange GTP For GDP On RABs R-HSA-8876198,2/89,0.6007811345530144,0.7378721316993397,TRAPPC2L;TRAPPC6B,Reactome_2022,0.994176245210728,0.5065572333589503
Unfolded Protein Response (UPR) R-HSA-381119,2/89,0.6007811345530144,0.7378721316993397,DNAJB9;YIF1A,Reactome_2022,0.994176245210728,0.5065572333589503
Interferon Gamma Signaling R-HSA-877300,2/89,0.6007811345530144,0.7378721316993397,SUMO1;B2M,Reactome_2022,0.994176245210728,0.5065572333589503
Signaling By Retinoic Acid R-HSA-5362517,1/41,0.6086599261093041,0.7415494836050087,RDH14,Reactome_2022,1.0813747228381374,0.5368977711393941
Negative Regulation Of MAPK Pathway R-HSA-5675221,1/41,0.6086599261093041,0.7415494836050087,DUSP12,Reactome_2022,1.0813747228381374,0.5368977711393941
Metabolism Of Vitamins And Cofactors R-HSA-196854,4/186,0.6088404913205058,0.7415494836050087,VKORC1;CYB5A;PPCDC;PTS,Reactome_2022,0.9500588697017268,0.4714182274483579
Binding And Uptake Of Ligands By Scavenger Receptors R-HSA-2173782,1/41,0.6086599261093041,0.7415494836050087,CD163,Reactome_2022,1.0813747228381374,0.5368977711393941
Carboxyterminal Post-Translational Modifications Of Tubulin R-HSA-8955332,1/41,0.6086599261093041,0.7415494836050087,TUBB2A,Reactome_2022,1.0813747228381374,0.5368977711393941
pre-mRNA Binding (GO:0036002),1/30,0.4965550448391827,0.7437291116035759,RBM7,GO_Molecular_Function_2023,1.4923923847388945,1.044765609595606
Regulation Of Ras Protein Signal Transduction (GO:0046578),2/76,0.5151416903168801,0.7444015202119405,NOTCH2;SQSTM1,GO_Biological_Process_2023,1.1696096096096096,0.7758175973820725
tRNA Modification In Nucleus And Cytosol R-HSA-6782315,1/42,0.6175223508931987,0.7459180872175272,PUS3,Reactome_2022,1.0549456492347629,0.5085260169575
Intra-Golgi Traffic R-HSA-6811438,1/42,0.6175223508931987,0.7459180872175272,BET1L,Reactome_2022,1.0549456492347629,0.5085260169575
"Gamma Carboxylation, Hypusine Formation And Arylsulfatase Activation R-HSA-163841",1/42,0.6175223508931987,0.7459180872175272,DNAJC24,Reactome_2022,1.0549456492347629,0.5085260169575
Formation Of Incision Complex In GG-NER R-HSA-5696395,1/42,0.6175223508931987,0.7459180872175272,SUMO1,Reactome_2022,1.0549456492347629,0.5085260169575
tRNA Aminoacylation R-HSA-379724,1/42,0.6175223508931987,0.7459180872175272,PPA2,Reactome_2022,1.0549456492347629,0.5085260169575
Very Long-Chain Fatty Acid Metabolic Process (GO:0000038),1/32,0.5190875339597911,0.7460891160889964,ACOT2,GO_Biological_Process_2023,1.395965953794435,0.9153107971033396
Negative Regulation Of Fat Cell Differentiation (GO:0045599),1/32,0.5190875339597911,0.7460891160889964,IL6,GO_Biological_Process_2023,1.395965953794435,0.9153107971033396
'De Novo' Post-Translational Protein Folding (GO:0051084),1/32,0.5190875339597911,0.7460891160889964,DNAJB4,GO_Biological_Process_2023,1.395965953794435,0.9153107971033396
Glycosphingolipid Metabolic Process (GO:0006687),1/32,0.5190875339597911,0.7460891160889964,B3GALNT1,GO_Biological_Process_2023,1.395965953794435,0.9153107971033396
Regulation Of Cholesterol Efflux (GO:0010874),1/32,0.5190875339597911,0.7460891160889964,TREM2,GO_Biological_Process_2023,1.395965953794435,0.9153107971033396
Regulation Of Natural Killer Cell Mediated Cytotoxicity (GO:0042269),1/32,0.5190875339597911,0.7460891160889964,KLRD1,GO_Biological_Process_2023,1.395965953794435,0.9153107971033396
Regulation Of Calcium Ion Transmembrane Transporter Activity (GO:1901019),1/32,0.5190875339597911,0.7460891160889964,CALM2,GO_Biological_Process_2023,1.395965953794435,0.9153107971033396
Post-translational Modification: Synthesis Of GPI-anchored Proteins R-HSA-163125,2/92,0.6188521002992711,0.7462928128814933,PIGC;PIGP,Reactome_2022,0.9608888888888888,0.461119977373882
Regulation Of NLRP3 Inflammasome Complex Assembly (GO:1900225),1/33,0.529973546370943,0.7463297881478448,TREM2,GO_Biological_Process_2023,1.3522727272727273,0.858596069960524
Ubiquitin-Dependent Protein Catabolic Process Via The Multivesicular Body Sorting Pathway (GO:0043162),1/33,0.529973546370943,0.7463297881478448,CHMP1B,GO_Biological_Process_2023,1.3522727272727273,0.858596069960524
Signal Transduction By P53 Class Mediator (GO:0072331),1/33,0.529973546370943,0.7463297881478448,TRIAP1,GO_Biological_Process_2023,1.3522727272727273,0.858596069960524
Regulation Of Apoptotic Process (GO:0042981),16/705,0.5293058302252172,0.7463297881478448,NOTCH2;PSMD10;BNIP3L;DIABLO;ZFAND6;CIB1;TRIAP1;PRDX2;LSM8;IL6;MIEN1;TMBIM4;STK17B;CLEC5A;RPS3;SQSTM1,GO_Biological_Process_2023,1.0044606596450114,0.6390267072926864
Negative Regulation Of Blood Vessel Endothelial Cell Migration (GO:0043537),1/33,0.529973546370943,0.7463297881478448,ITGB1BP1,GO_Biological_Process_2023,1.3522727272727273,0.858596069960524
Phosphatidic Acid Metabolic Process (GO:0046473),1/33,0.529973546370943,0.7463297881478448,DGKA,GO_Biological_Process_2023,1.3522727272727273,0.858596069960524
Positive Regulation Of Notch Signaling Pathway (GO:0045747),1/33,0.529973546370943,0.7463297881478448,ITGB1BP1,GO_Biological_Process_2023,1.3522727272727273,0.858596069960524
Positive Regulation Of Cytokine Production Involved In Immune Response (GO:0002720),1/33,0.529973546370943,0.7463297881478448,CLEC7A,GO_Biological_Process_2023,1.3522727272727273,0.858596069960524
Positive Regulation Of Interleukin-12 Production (GO:0032735),1/33,0.529973546370943,0.7463297881478448,CLEC7A,GO_Biological_Process_2023,1.3522727272727273,0.858596069960524
Positive Regulation Of Protein Dephosphorylation (GO:0035307),1/33,0.529973546370943,0.7463297881478448,CALM2,GO_Biological_Process_2023,1.3522727272727273,0.858596069960524
Long-Chain Fatty Acid Metabolic Process (GO:0001676),2/78,0.5290826990578997,0.7463297881478448,GPX4;ACOT2,GO_Biological_Process_2023,1.1387134502923977,0.7249169713095331
Regulation Of G0 To G1 Transition (GO:0070316),1/33,0.529973546370943,0.7463297881478448,FOXO4,GO_Biological_Process_2023,1.3522727272727273,0.858596069960524
Carboxylic Acid Metabolic Process (GO:0019752),1/33,0.529973546370943,0.7463297881478448,N6AMT1,GO_Biological_Process_2023,1.3522727272727273,0.858596069960524
Membrane Organization (GO:0061024),4/167,0.5236983640317052,0.7463297881478448,REEP5;SAR1B;CHMP1B;S100A10,GO_Biological_Process_2023,1.061842681858019,0.6868416848912815
Regulation Of Protein Catabolic Process (GO:0042176),3/122,0.5229184365370685,0.7463297881478448,SEC22B;ATRAID;OAZ2,GO_Biological_Process_2023,1.09088356946342,0.7072523047738223
Regulation Of Immune Response (GO:0050776),2/77,0.522146258853144,0.7463297881478448,IL15;TREM2,GO_Biological_Process_2023,1.1539555555555556,0.749849021945808
Positive Regulation Of Endothelial Cell Proliferation (GO:0001938),2/77,0.522146258853144,0.7463297881478448,CCL24;PDCD6,GO_Biological_Process_2023,1.1539555555555556,0.749849021945808
Negative Regulation Of Blood Vessel Morphogenesis (GO:2000181),2/77,0.522146258853144,0.7463297881478448,FOXO4;PF4,GO_Biological_Process_2023,1.1539555555555556,0.749849021945808
Monoatomic Cation Homeostasis (GO:0055080),2/77,0.522146258853144,0.7463297881478448,CIB2;COMMD1,GO_Biological_Process_2023,1.1539555555555556,0.749849021945808
Positive Regulation Of Response To Stimulus (GO:0048584),2/77,0.522146258853144,0.7463297881478448,IL15;RPS3,GO_Biological_Process_2023,1.1539555555555556,0.749849021945808
Positive Regulation Of Epithelial Cell Proliferation (GO:0050679),3/123,0.5284206707263943,0.7463297881478448,NOTCH2;CCL24;PDCD6,GO_Biological_Process_2023,1.0817371937639195,0.6899996855520899
Cardiac Muscle Contraction (GO:0060048),1/33,0.529973546370943,0.7463297881478448,MYL2,GO_Biological_Process_2023,1.3522727272727273,0.858596069960524
Positive Regulation Of Release Of Sequestered Calcium Ion Into Cytosol (GO:0051281),1/33,0.529973546370943,0.7463297881478448,CALM2,GO_Biological_Process_2023,1.3522727272727273,0.858596069960524
Regulation Of Innate Immune Response (GO:0045088),2/78,0.5290826990578997,0.7463297881478448,TREM2;ATG12,GO_Biological_Process_2023,1.1387134502923977,0.7249169713095331
Positive Regulation Of Small Molecule Metabolic Process (GO:0062013),1/33,0.529973546370943,0.7463297881478448,INSR,GO_Biological_Process_2023,1.3522727272727273,0.858596069960524
intra-Golgi Vesicle-Mediated Transport (GO:0006891),1/33,0.529973546370943,0.7463297881478448,GABARAPL2,GO_Biological_Process_2023,1.3522727272727273,0.858596069960524
Ventricular Cardiac Muscle Tissue Morphogenesis (GO:0055010),1/33,0.529973546370943,0.7463297881478448,MYL2,GO_Biological_Process_2023,1.3522727272727273,0.858596069960524
Regulation Of GTPase Activity (GO:0043087),5/214,0.5328777420366672,0.7498579004707592,CCL24;RGS1;RGS10;ITGB1BP1;S100A10,GO_Biological_Process_2023,1.0350234952848871,0.6515092616236262
Protein Dephosphorylation (GO:0006470),3/124,0.5338875069257837,0.7507169132539068,FAM220A;DUSP12;CTDSP1,GO_Biological_Process_2023,1.0727419978280477,0.6732208279552392
RAC3 GTPase Cycle R-HSA-9013423,2/93,0.6247343723023685,0.7514214086251064,STBD1;BRK1,Reactome_2022,0.9502808302808304,0.4470393983374279
SUMOylation Of Transcription Cofactors R-HSA-3899300,1/43,0.6261845071875887,0.7514214086251064,SUMO1,Reactome_2022,1.0297751029458346,0.482048241127263
Smooth Muscle Contraction R-HSA-445355,1/43,0.6261845071875887,0.7514214086251064,MYL6,Reactome_2022,1.0297751029458346,0.482048241127263
Apoptotic Mitochondrial Changes (GO:0008637),1/34,0.5406136733254445,0.7517409066951447,FIS1,GO_Biological_Process_2023,1.311227575085668,0.8064709823818986
Regulation Of T Cell Receptor Signaling Pathway (GO:0050856),1/34,0.5406136733254445,0.7517409066951447,RPS3,GO_Biological_Process_2023,1.311227575085668,0.8064709823818986
Positive Regulation Of Organelle Organization (GO:0010638),1/34,0.5406136733254445,0.7517409066951447,TREM2,GO_Biological_Process_2023,1.311227575085668,0.8064709823818986
Cellular Response To Amyloid-Beta (GO:1904646),1/34,0.5406136733254445,0.7517409066951447,TREM2,GO_Biological_Process_2023,1.311227575085668,0.8064709823818986
Inner Mitochondrial Membrane Organization (GO:0007007),1/34,0.5406136733254445,0.7517409066951447,TIMM10,GO_Biological_Process_2023,1.311227575085668,0.8064709823818986
Transcription Initiation-Coupled Chromatin Remodeling (GO:0045815),1/34,0.5406136733254445,0.7517409066951447,N6AMT1,GO_Biological_Process_2023,1.311227575085668,0.8064709823818986
Negative Regulation Of Mitotic Cell Cycle (GO:0045930),1/34,0.5406136733254445,0.7517409066951447,CDKN1C,GO_Biological_Process_2023,1.311227575085668,0.8064709823818986
Regulation Of Mitotic Cell Cycle (GO:0007346),3/125,0.5393184427210104,0.7517409066951447,CDKN1C;CDC26;THAP1,GO_Biological_Process_2023,1.0638942641206324,0.6569005342863153
Protein Targeting To Vacuole (GO:0006623),1/34,0.5406136733254445,0.7517409066951447,SQSTM1,GO_Biological_Process_2023,1.311227575085668,0.8064709823818986
Negative Regulation Of Cell Cycle Process (GO:0010948),1/34,0.5406136733254445,0.7517409066951447,FOXO4,GO_Biological_Process_2023,1.311227575085668,0.8064709823818986
Positive Regulation Of Neuron Death (GO:1901216),1/34,0.5406136733254445,0.7517409066951447,TYROBP,GO_Biological_Process_2023,1.311227575085668,0.8064709823818986
Positive Regulation Of Carbohydrate Metabolic Process (GO:0045913),1/34,0.5406136733254445,0.7517409066951447,INSR,GO_Biological_Process_2023,1.311227575085668,0.8064709823818986
Cellular Response To Glucose Stimulus (GO:0071333),1/34,0.5406136733254445,0.7517409066951447,UCP2,GO_Biological_Process_2023,1.311227575085668,0.8064709823818986
Superoxide Metabolic Process (GO:0006801),1/34,0.5406136733254445,0.7517409066951447,PRDX2,GO_Biological_Process_2023,1.311227575085668,0.8064709823818986
Cellular Response To Vascular Endothelial Growth Factor Stimulus (GO:0035924),1/34,0.5406136733254445,0.7517409066951447,ITGB1BP1,GO_Biological_Process_2023,1.311227575085668,0.8064709823818986
RNA Polymerase II Complex Binding (GO:0000993),1/31,0.5079499666536046,0.7540931223007258,ELOF1,GO_Molecular_Function_2023,1.4425720620842573,0.9771583946941652
SH2 Domain Binding (GO:0042169),1/31,0.5079499666536046,0.7540931223007258,SQSTM1,GO_Molecular_Function_2023,1.4425720620842573,0.9771583946941652
Glycoprotein Biosynthetic Process (GO:0009101),2/80,0.5427492363902914,0.7541526714070567,PDCD6;ST3GAL6,GO_Biological_Process_2023,1.1094017094017097,0.6779641235411364
Cellular Response To Starvation (GO:0009267),3/126,0.5447130000228697,0.7563223338574557,GABARAPL2;GABARAPL1;MAP1LC3B,GO_Biological_Process_2023,1.0551903960019555,0.6410241859067564
Macromolecule Modification (GO:0043412),2/81,0.5494784955910367,0.7566875810185543,DUSP12;ST3GAL6,GO_Biological_Process_2023,1.0953023909985935,0.6558513436328017
Positive Regulation Of Transcription By RNA Polymerase II (GO:0045944),21/938,0.5498175523293243,0.7566875810185543,GTF2A2;TAF13;CNBP;IL18;TCF20;FOXO4;TRIAP1;METTL23;POMC;MED11;PER1;CHCHD2;IL6;MED10;MED21;MED31;ITGB1BP1;CAMK1;SQSTM1;S100A10;PF4,GO_Biological_Process_2023,0.989939958555463,0.5921511761196578
Positive Regulation Of Mitotic Nuclear Division (GO:0045840),1/35,0.5510134566034046,0.7566875810185543,INSR,GO_Biological_Process_2023,1.272596843615495,0.7584626894662736
Liver Development (GO:0001889),1/35,0.5510134566034046,0.7566875810185543,IL6,GO_Biological_Process_2023,1.272596843615495,0.7584626894662736
Intrinsic Apoptotic Signaling Pathway By P53 Class Mediator (GO:0072332),1/35,0.5510134566034046,0.7566875810185543,RPS27L,GO_Biological_Process_2023,1.272596843615495,0.7584626894662736
Regulation Of mRNA Processing (GO:0050684),1/35,0.5510134566034046,0.7566875810185543,SRPK3,GO_Biological_Process_2023,1.272596843615495,0.7584626894662736
Regulation Of Response To External Stimulus (GO:0032101),3/127,0.5500707248933551,0.7566875810185543,PSMA6;TMSB4X;TREM2,GO_Biological_Process_2023,1.0466269128529349,0.6255777166393964
Action Potential (GO:0001508),1/35,0.5510134566034046,0.7566875810185543,KCNE3,GO_Biological_Process_2023,1.272596843615495,0.7584626894662736
Regulation Of Cellular Senescence (GO:2000772),1/35,0.5510134566034046,0.7566875810185543,B2M,GO_Biological_Process_2023,1.272596843615495,0.7584626894662736
Cellular Response To Cytokine Stimulus (GO:0071345),7/308,0.5471820309040525,0.7566875810185543,CCL24;IL6;ZFAND6;RPS3;ST3GAL6;CIB1;PF4,GO_Biological_Process_2023,1.0058531486804283,0.6065030464908897
Histone Modification (GO:0016570),2/81,0.5494784955910367,0.7566875810185543,UBE2B;UBE2A,GO_Biological_Process_2023,1.0953023909985935,0.6558513436328017
Skeletal Muscle Organ Development (GO:0060538),1/35,0.5510134566034046,0.7566875810185543,MYL6,GO_Biological_Process_2023,1.272596843615495,0.7584626894662736
Regulation Of Sodium Ion Transport (GO:0002028),1/35,0.5510134566034046,0.7566875810185543,PER1,GO_Biological_Process_2023,1.272596843615495,0.7584626894662736
Positive Regulation Of Cell Development (GO:0010720),1/35,0.5510134566034046,0.7566875810185543,CLEC7A,GO_Biological_Process_2023,1.272596843615495,0.7584626894662736
Macrophage Activation (GO:0042116),1/35,0.5510134566034046,0.7566875810185543,TREM2,GO_Biological_Process_2023,1.272596843615495,0.7584626894662736
Interleukin-12 Signaling R-HSA-9020591,1/44,0.6346509107512421,0.7578539423652679,PDCD4,Reactome_2022,1.0057752797401125,0.4573060833249215
Sphingolipid De Novo Biosynthesis R-HSA-1660661,1/44,0.6346509107512421,0.7578539423652679,ORMDL2,Reactome_2022,1.0057752797401125,0.4573060833249215
Interleukin-2 Family Signaling R-HSA-451927,1/44,0.6346509107512421,0.7578539423652679,IL15,Reactome_2022,1.0057752797401125,0.4573060833249215
Drug ADME R-HSA-9748784,2/95,0.6362876587871793,0.7585709547755949,SULT1A1;GUK1,Reactome_2022,0.9297491039426524,0.4203437762684281
FoxO signaling pathway,6/131,0.0770478012311133,0.7599714939614365,GABARAPL2;GABARAPL1;IL6;INSR;FOXO4;ATG12,KEGG_2021_Human,2.0903677130044844,5.358300711475267
Heme Signaling R-HSA-9707616,1/45,0.6429259756893175,0.7615239712048226,CLEC1B,Reactome_2022,0.9828663575891956,0.4341573147908814
SUMOylation Of DNA Replication Proteins R-HSA-4615885,1/45,0.6429259756893175,0.7615239712048226,SUMO1,Reactome_2022,0.9828663575891956,0.4341573147908814
Regulation Of Complement Cascade R-HSA-977606,1/45,0.6429259756893175,0.7615239712048226,PSMA7,Reactome_2022,0.9828663575891956,0.4341573147908814
Bile Acid And Bile Salt Metabolism R-HSA-194068,1/45,0.6429259756893175,0.7615239712048226,CYP27A1,Reactome_2022,0.9828663575891956,0.4341573147908814
Positive Regulation Of Cell Motility (GO:2000147),5/221,0.5615163825999451,0.7616467415706529,CCL24;MIEN1;CLEC7A;INSR;CIB1,GO_Biological_Process_2023,1.0011185682326622,0.5777598704925623
Interstrand Cross-Link Repair (GO:0036297),1/36,0.5611783134210535,0.7616467415706529,FAAP20,GO_Biological_Process_2023,1.236173582515046,0.7141579678591137
Negative Regulation Of Organelle Assembly (GO:1902116),1/36,0.5611783134210535,0.7616467415706529,SEC22B,GO_Biological_Process_2023,1.236173582515046,0.7141579678591137
Negative Regulation Of Sequestering Of Calcium Ion (GO:0051283),1/36,0.5611783134210535,0.7616467415706529,GP9,GO_Biological_Process_2023,1.236173582515046,0.7141579678591137
Positive Regulation Of RNA Splicing (GO:0033120),1/36,0.5611783134210535,0.7616467415706529,CLNS1A,GO_Biological_Process_2023,1.236173582515046,0.7141579678591137
Protein Destabilization (GO:0031648),1/36,0.5611783134210535,0.7616467415706529,SUMO1,GO_Biological_Process_2023,1.236173582515046,0.7141579678591137
Receptor Signaling Pathway Via JAK-STAT (GO:0007259),1/36,0.5611783134210535,0.7616467415706529,IL15,GO_Biological_Process_2023,1.236173582515046,0.7141579678591137
Substrate Adhesion-Dependent Cell Spreading (GO:0034446),1/36,0.5611783134210535,0.7616467415706529,LPXN,GO_Biological_Process_2023,1.236173582515046,0.7141579678591137
tRNA Methylation (GO:0030488),1/36,0.5611783134210535,0.7616467415706529,HSD17B10,GO_Biological_Process_2023,1.236173582515046,0.7141579678591137
Regulation Of T Cell Mediated Cytotoxicity (GO:0001914),1/36,0.5611783134210535,0.7616467415706529,KLRD1,GO_Biological_Process_2023,1.236173582515046,0.7141579678591137
Regulation Of Phosphorylation (GO:0042325),2/82,0.5561379461316502,0.7616467415706529,CDKN1C;NDUFS4,GO_Biological_Process_2023,1.0815555555555556,0.6345907287997481
Negative Regulation Of Apoptotic Signaling Pathway (GO:2001234),2/82,0.5561379461316502,0.7616467415706529,PSMD10;TRIAP1,GO_Biological_Process_2023,1.0815555555555556,0.6345907287997481
Positive Regulation Of Proteasomal Ubiquitin-Dependent Protein Catabolic Process (GO:0032436),2/83,0.5627273000221473,0.7616467415706529,PSMD10;SUMO1,GO_Biological_Process_2023,1.068148148148148,0.6141426062334998
Regulation Of Peptidyl-Threonine Phosphorylation (GO:0010799),1/36,0.5611783134210535,0.7616467415706529,CALM2,GO_Biological_Process_2023,1.236173582515046,0.7141579678591137
Regulation Of Receptor Internalization (GO:0002090),1/36,0.5611783134210535,0.7616467415706529,INSR,GO_Biological_Process_2023,1.236173582515046,0.7141579678591137
Vesicle-Mediated Transport To The Plasma Membrane (GO:0098876),2/83,0.5627273000221473,0.7616467415706529,VPS29;COMMD1,GO_Biological_Process_2023,1.068148148148148,0.6141426062334998
Regulation Of Cell Division (GO:0051302),2/83,0.5627273000221473,0.7616467415706529,CIB1;CALM2,GO_Biological_Process_2023,1.068148148148148,0.6141426062334998
Blood Vessel Diameter Maintenance (GO:0097746),1/36,0.5611783134210535,0.7616467415706529,ITGB1BP1,GO_Biological_Process_2023,1.236173582515046,0.7141579678591137
Regulation Of Intracellular Protein Transport (GO:0033157),1/36,0.5611783134210535,0.7616467415706529,OAZ2,GO_Biological_Process_2023,1.236173582515046,0.7141579678591137
Regulation Of Glucose Import (GO:0046324),1/36,0.5611783134210535,0.7616467415706529,INSR,GO_Biological_Process_2023,1.236173582515046,0.7141579678591137
Monocarboxylic Acid Transmembrane Transporter Activity (GO:0008028),1/32,0.5190875339597911,0.7638973753032734,MPC2,GO_Molecular_Function_2023,1.395965953794435,0.9153107971033396
Protein Serine/Threonine Kinase Inhibitor Activity (GO:0030291),1/32,0.5190875339597911,0.7638973753032734,CIB1,GO_Molecular_Function_2023,1.395965953794435,0.9153107971033396
Transmembrane Receptor Protein Serine/Threonine Kinase Signaling Pathway (GO:0007178),3/130,0.5659187157931651,0.7648649789296552,HPGD;PDCD4;LPXN,GO_Biological_Process_2023,1.0217456114199537,0.581684704220303
Golgi Organization (GO:0007030),3/130,0.5659187157931651,0.7648649789296552,SEC16B;YIPF4;SEC22B,GO_Biological_Process_2023,1.0217456114199537,0.581684704220303
"Phosphotransferase Activity, Alcohol Group As Acceptor (GO:0016773)",2/77,0.522146258853144,0.7650577792761284,DGKA;IDNK,GO_Molecular_Function_2023,1.1539555555555556,0.749849021945808
Glycosphingolipid biosynthesis,3/45,0.0811227835663482,0.7653758275607638,B3GALNT1;HEXB;ST3GAL6,KEGG_2021_Human,3.103086223353484,7.794305368552803
Spliceosomal snRNP Assembly (GO:0000387),1/37,0.5711135391525917,0.7685708329326215,CLNS1A,GO_Biological_Process_2023,1.2017738359201773,0.6731943405154693
Regulation Of Vascular Associated Smooth Muscle Cell Proliferation (GO:1904705),1/37,0.5711135391525917,0.7685708329326215,PDCD4,GO_Biological_Process_2023,1.2017738359201773,0.6731943405154693
Positive Regulation Of Exocytosis (GO:0045921),1/37,0.5711135391525917,0.7685708329326215,S100A10,GO_Biological_Process_2023,1.2017738359201773,0.6731943405154693
Negative Regulation Of Smooth Muscle Cell Proliferation (GO:0048662),1/37,0.5711135391525917,0.7685708329326215,PDCD4,GO_Biological_Process_2023,1.2017738359201773,0.6731943405154693
Negative Regulation Of Transferase Activity (GO:0051348),1/37,0.5711135391525917,0.7685708329326215,CDKN1C,GO_Biological_Process_2023,1.2017738359201773,0.6731943405154693
Cellular Response To Oxygen-Containing Compound (GO:1901701),9/406,0.5705279046523617,0.7685708329326215,IL6;RPS3;PDCD4;CIB2;MPV17;LAMTOR3;SQSTM1;LAMTOR5;PF4,GO_Biological_Process_2023,0.98003081804277,0.5499866291624973
Calcium-Mediated Signaling (GO:0019722),2/85,0.5756948069343003,0.7714228346660618,POMC;FIS1,GO_Biological_Process_2023,1.0423025435073627,0.5755361250550953
mRNA Metabolic Process (GO:0016071),2/85,0.5756948069343003,0.7714228346660618,CSTF3;NUDT16L1,GO_Biological_Process_2023,1.0423025435073627,0.5755361250550953
Positive Regulation Of Apoptotic Process (GO:0043065),6/270,0.573722022055352,0.7714228346660618,BNIP3L;IL6;DIABLO;STK17B;RPS3;SQSTM1,GO_Biological_Process_2023,0.9826742763962496,0.5459839319195275
Regulation Of Osteoblast Differentiation (GO:0045667),2/85,0.5756948069343003,0.7714228346660618,IL6;ATRAID,GO_Biological_Process_2023,1.0423025435073627,0.5755361250550953
Macromolecule Catabolic Process (GO:0009057),2/85,0.5756948069343003,0.7714228346660618,RNASE6;SQSTM1,GO_Biological_Process_2023,1.0423025435073627,0.5755361250550953
Positive Regulation Of Canonical Wnt Signaling Pathway (GO:0090263),2/85,0.5756948069343003,0.7714228346660618,UBE2B;ATP6AP2,GO_Biological_Process_2023,1.0423025435073627,0.5755361250550953
Positive Regulation Of Protein Modification Process (GO:0031401),5/225,0.5774803017646181,0.7722416571046703,INSR;CIB1;TREM2;CALM2;RAMP1,GO_Biological_Process_2023,0.9827130364043116,0.5395890043303189
G2/M Transition Of Mitotic Cell Cycle (GO:0000086),1/38,0.5808243101840446,0.7722416571046703,UBE2A,GO_Biological_Process_2023,1.1692335350871936,0.6352527174432196
Positive Regulation Of ERK1 And ERK2 Cascade (GO:0070374),4/179,0.5785556175007779,0.7722416571046703,NOTCH2;CCL24;CIB1;TREM2,GO_Biological_Process_2023,0.9884183673469388,0.5408828881626438
Positive Regulation Of Bone Mineralization (GO:0030501),1/38,0.5808243101840446,0.7722416571046703,ATRAID,GO_Biological_Process_2023,1.1692335350871936,0.6352527174432196
Regulation Of Intracellular Transport (GO:0032386),1/38,0.5808243101840446,0.7722416571046703,REEP5,GO_Biological_Process_2023,1.1692335350871936,0.6352527174432196
Amino Acid Catabolic Process (GO:0009063),1/38,0.5808243101840446,0.7722416571046703,HNMT,GO_Biological_Process_2023,1.1692335350871936,0.6352527174432196
Regulation Of Protein Import Into Nucleus (GO:0042306),1/38,0.5808243101840446,0.7722416571046703,SUMO1,GO_Biological_Process_2023,1.1692335350871936,0.6352527174432196
Response To cAMP (GO:0051591),1/38,0.5808243101840446,0.7722416571046703,NDUFS4,GO_Biological_Process_2023,1.1692335350871936,0.6352527174432196
Import Into Cell (GO:0098657),1/38,0.5808243101840446,0.7722416571046703,TREM2,GO_Biological_Process_2023,1.1692335350871936,0.6352527174432196
Membrane Fission (GO:0090148),1/38,0.5808243101840446,0.7722416571046703,CHMP1B,GO_Biological_Process_2023,1.1692335350871936,0.6352527174432196
RNA 3'-End Processing (GO:0031123),1/38,0.5808243101840446,0.7722416571046703,CSTF3,GO_Biological_Process_2023,1.1692335350871936,0.6352527174432196
Negative Regulation Of Angiogenesis (GO:0016525),2/86,0.58207261855999,0.7733544331397747,FOXO4;PF4,GO_Biological_Process_2023,1.0298412698412698,0.5573089683995809
Endosomal Transport (GO:0016197),4/180,0.5829630621524556,0.7739905062476107,VPS29;CHMP1B;SQSTM1;BET1L,GO_Biological_Process_2023,0.9827516233766234,0.5303236863310402
Negative Regulation Of Ubiquitin-Dependent Protein Catabolic Process (GO:2000059),1/39,0.5903156861438161,0.7744546336010986,RPL5,GO_Biological_Process_2023,1.1384058816664722,0.6000512629594618
Retina Homeostasis (GO:0001895),1/39,0.5903156861438161,0.7744546336010986,B2M,GO_Biological_Process_2023,1.1384058816664722,0.6000512629594618
Negative Regulation Of Lymphocyte Proliferation (GO:0050672),1/39,0.5903156861438161,0.7744546336010986,TYROBP,GO_Biological_Process_2023,1.1384058816664722,0.6000512629594618
Negative Regulation Of Cell-Substrate Adhesion (GO:0010812),1/39,0.5903156861438161,0.7744546336010986,ITGB1BP1,GO_Biological_Process_2023,1.1384058816664722,0.6000512629594618
Fibroblast Growth Factor Receptor Signaling Pathway (GO:0008543),1/39,0.5903156861438161,0.7744546336010986,CHURC1,GO_Biological_Process_2023,1.1384058816664722,0.6000512629594618
Regulation Of Mitochondrial Membrane Potential (GO:0051881),1/39,0.5903156861438161,0.7744546336010986,PPA2,GO_Biological_Process_2023,1.1384058816664722,0.6000512629594618
Axonal Transport (GO:0098930),1/39,0.5903156861438161,0.7744546336010986,HSBP1,GO_Biological_Process_2023,1.1384058816664722,0.6000512629594618
Regulation Of Receptor-Mediated Endocytosis (GO:0048259),1/39,0.5903156861438161,0.7744546336010986,B2M,GO_Biological_Process_2023,1.1384058816664722,0.6000512629594618
Release Of Sequestered Calcium Ion Into Cytosol (GO:0051209),1/39,0.5903156861438161,0.7744546336010986,GP9,GO_Biological_Process_2023,1.1384058816664722,0.6000512629594618
Negative Regulation Of Proteasomal Protein Catabolic Process (GO:1901799),1/39,0.5903156861438161,0.7744546336010986,GABARAPL2,GO_Biological_Process_2023,1.1384058816664722,0.6000512629594618
Positive Regulation Of Intracellular Transport (GO:0032388),1/39,0.5903156861438161,0.7744546336010986,OAZ2,GO_Biological_Process_2023,1.1384058816664722,0.6000512629594618
"Nuclear-Transcribed mRNA Catabolic Process, Deadenylation-Dependent Decay (GO:0000288)",1/39,0.5903156861438161,0.7744546336010986,LSM1,GO_Biological_Process_2023,1.1384058816664722,0.6000512629594618
Positive Regulation Of Pattern Recognition Receptor Signaling Pathway (GO:0062208),1/39,0.5903156861438161,0.7744546336010986,NINJ1,GO_Biological_Process_2023,1.1384058816664722,0.6000512629594618
Regulation Of Mitotic Spindle Organization (GO:0060236),1/39,0.5903156861438161,0.7744546336010986,CHMP1B,GO_Biological_Process_2023,1.1384058816664722,0.6000512629594618
Regulation Of Type II Interferon Production (GO:0032649),2/87,0.5883796472226553,0.7744546336010986,CLEC7A;IL18,GO_Biological_Process_2023,1.017673202614379,0.5397564450065355
Glucose Homeostasis (GO:0042593),2/87,0.5883796472226553,0.7744546336010986,IL6;INSR,GO_Biological_Process_2023,1.017673202614379,0.5397564450065355
Vesicle-Mediated Transport (GO:0016192),9/411,0.5852840147748559,0.7744546336010986,ARL11;BIN3;CHMP1B;VTA1;OCIAD1;TVP23B;COMMD1;SQSTM1;S100A10,GO_Biological_Process_2023,0.967588693103332,0.5182966766362731
Metabolism Of Fat-Soluble Vitamins R-HSA-6806667,1/47,0.6589192521667301,0.7766970895105417,VKORC1,Reactome_2022,0.9400366335679168,0.3921403077211218
Cyclin D Associated Events In G1 R-HSA-69231,1/47,0.6589192521667301,0.7766970895105417,CDKN1C,Reactome_2022,0.9400366335679168,0.3921403077211218
SUMOylation Of RNA Binding Proteins R-HSA-4570464,1/47,0.6589192521667301,0.7766970895105417,SUMO1,Reactome_2022,0.9400366335679168,0.3921403077211218
Positive Regulation Of Catalytic Activity (GO:0043085),1/40,0.5995926132139004,0.7768670660524691,CIB1,GO_Biological_Process_2023,1.1091591335493776,0.5673402566587089
Regulation Of Autophagosome Assembly (GO:2000785),1/40,0.5995926132139004,0.7768670660524691,SEC22B,GO_Biological_Process_2023,1.1091591335493776,0.5673402566587089
Notch Signaling Pathway (GO:0007219),1/40,0.5995926132139004,0.7768670660524691,NOTCH2,GO_Biological_Process_2023,1.1091591335493776,0.5673402566587089
Regulation Of Endothelial Cell Migration (GO:0010594),2/88,0.5946158279296047,0.7768670660524691,PDCD6;ITGB1BP1,GO_Biological_Process_2023,1.0057881136950904,0.522848640886897
Positive Regulation Of Plasma Membrane Bounded Cell Projection Assembly (GO:0120034),2/88,0.5946158279296047,0.7768670660524691,MIEN1;BRK1,GO_Biological_Process_2023,1.0057881136950904,0.522848640886897
Organelle Assembly (GO:0070925),7/322,0.5942757787698616,0.7768670660524691,GABARAPL2;GABARAPL1;MAP1LC3B;CHMP1B;VTA1;BBS9;ATG12,GO_Biological_Process_2023,0.9604494382022472,0.4998292145453002
Positive Regulation Of Myeloid Leukocyte Differentiation (GO:0002763),1/40,0.5995926132139004,0.7768670660524691,PF4,GO_Biological_Process_2023,1.1091591335493776,0.5673402566587089
Positive Regulation Of Wound Healing (GO:0090303),1/40,0.5995926132139004,0.7768670660524691,CLEC7A,GO_Biological_Process_2023,1.1091591335493776,0.5673402566587089
Negative Regulation Of Protein Kinase Activity (GO:0006469),2/88,0.5946158279296047,0.7768670660524691,CDKN1C;ITGB1BP1,GO_Biological_Process_2023,1.0057881136950904,0.522848640886897
Positive Regulation Of Cell Adhesion (GO:0045785),2/88,0.5946158279296047,0.7768670660524691,RAC3;CIB1,GO_Biological_Process_2023,1.0057881136950904,0.522848640886897
Regulation Of Microtubule Polymerization (GO:0031113),1/40,0.5995926132139004,0.7768670660524691,RPS3,GO_Biological_Process_2023,1.1091591335493776,0.5673402566587089
Regulation Of Glycolytic Process (GO:0006110),1/40,0.5995926132139004,0.7768670660524691,INSR,GO_Biological_Process_2023,1.1091591335493776,0.5673402566587089
Regulation Of Protein Dephosphorylation (GO:0035304),1/40,0.5995926132139004,0.7768670660524691,CALM2,GO_Biological_Process_2023,1.1091591335493776,0.5673402566587089
Nucleic Acid-Templated Transcription (GO:0097659),1/40,0.5995926132139004,0.7768670660524691,THAP1,GO_Biological_Process_2023,1.1091591335493776,0.5673402566587089
Endothelial Cell Migration (GO:0043542),1/40,0.5995926132139004,0.7768670660524691,LPXN,GO_Biological_Process_2023,1.1091591335493776,0.5673402566587089
Cell Cycle G2/M Phase Transition (GO:0044839),1/40,0.5995926132139004,0.7768670660524691,UBE2A,GO_Biological_Process_2023,1.1091591335493776,0.5673402566587089
Negative Regulation Of Protein Localization (GO:1903828),1/40,0.5995926132139004,0.7768670660524691,COMMD1,GO_Biological_Process_2023,1.1091591335493776,0.5673402566587089
Protein Localization To Cilium (GO:0061512),1/40,0.5995926132139004,0.7768670660524691,BBS9,GO_Biological_Process_2023,1.1091591335493776,0.5673402566587089
Cellular Response To Chemical Stress (GO:0062197),2/89,0.6007811345530144,0.7773355354161507,PRDX2;CHCHD2,GO_Biological_Process_2023,0.994176245210728,0.5065572333589503
Sensory Perception Of Mechanical Stimulus (GO:0050954),2/89,0.6007811345530144,0.7773355354161507,NDUFB9;TIMM10,GO_Biological_Process_2023,0.994176245210728,0.5065572333589503
Kinase Inhibitor Activity (GO:0019210),1/34,0.5406136733254445,0.7785761021823709,CDKN1C,GO_Molecular_Function_2023,1.311227575085668,0.8064709823818986
Ubiquitin-Like Protein Conjugating Enzyme Binding (GO:0044390),1/34,0.5406136733254445,0.7785761021823709,RPS3,GO_Molecular_Function_2023,1.311227575085668,0.8064709823818986
Serine-Type Endopeptidase Activity (GO:0004252),3/125,0.5393184427210104,0.7785761021823709,KLK8;SEC11A;SEC11C,GO_Molecular_Function_2023,1.0638942641206324,0.6569005342863153
Sodium Channel Regulator Activity (GO:0017080),1/34,0.5406136733254445,0.7785761021823709,COMMD1,GO_Molecular_Function_2023,1.311227575085668,0.8064709823818986
Stem Cell Differentiation (GO:0048863),1/41,0.6086599261093041,0.7805461535371704,FOXO4,GO_Biological_Process_2023,1.0813747228381374,0.5368977711393941
Carbohydrate Catabolic Process (GO:0016052),1/41,0.6086599261093041,0.7805461535371704,UCP2,GO_Biological_Process_2023,1.0813747228381374,0.5368977711393941
Acylglycerol Metabolic Process (GO:0006639),1/41,0.6086599261093041,0.7805461535371704,DGKA,GO_Biological_Process_2023,1.0813747228381374,0.5368977711393941
Negative Regulation Of Proteolysis (GO:0045861),1/41,0.6086599261093041,0.7805461535371704,CST3,GO_Biological_Process_2023,1.0813747228381374,0.5368977711393941
Positive Regulation Of Ossification (GO:0045778),1/41,0.6086599261093041,0.7805461535371704,ATRAID,GO_Biological_Process_2023,1.0813747228381374,0.5368977711393941
Positive Regulation Of Viral Process (GO:0048524),1/41,0.6086599261093041,0.7805461535371704,ATG12,GO_Biological_Process_2023,1.0813747228381374,0.5368977711393941
Protein Localization To Lysosome (GO:0061462),1/41,0.6086599261093041,0.7805461535371704,LAMTOR5,GO_Biological_Process_2023,1.0813747228381374,0.5368977711393941
Heart Contraction (GO:0060047),1/41,0.6086599261093041,0.7805461535371704,MYL2,GO_Biological_Process_2023,1.0813747228381374,0.5368977711393941
Lymphocyte Migration (GO:0072676),1/41,0.6086599261093041,0.7805461535371704,CCL24,GO_Biological_Process_2023,1.0813747228381374,0.5368977711393941
Negative Regulation Of DNA Recombination (GO:0045910),1/41,0.6086599261093041,0.7805461535371704,MAGEF1,GO_Biological_Process_2023,1.0813747228381374,0.5368977711393941
Positive Regulation Of Actin Filament Polymerization (GO:0030838),1/41,0.6086599261093041,0.7805461535371704,CCL24,GO_Biological_Process_2023,1.0813747228381374,0.5368977711393941
Regulation Of Heart Rate By Cardiac Conduction (GO:0086091),1/41,0.6086599261093041,0.7805461535371704,KCNE3,GO_Biological_Process_2023,1.0813747228381374,0.5368977711393941
Visual System Development (GO:0150063),1/41,0.6086599261093041,0.7805461535371704,SCO2,GO_Biological_Process_2023,1.0813747228381374,0.5368977711393941
NADP Binding (GO:0050661),1/35,0.5510134566034046,0.7814755852185745,CBR4,GO_Molecular_Function_2023,1.272596843615495,0.7584626894662736
"Phosphatidylinositol-3,4,5-Trisphosphate Binding (GO:0005547)",1/36,0.5611783134210535,0.7814755852185745,COMMD1,GO_Molecular_Function_2023,1.236173582515046,0.7141579678591137
Hsp90 Protein Binding (GO:0051879),1/35,0.5510134566034046,0.7814755852185745,RPS3,GO_Molecular_Function_2023,1.272596843615495,0.7584626894662736
Amino Acid Binding (GO:0016597),1/36,0.5611783134210535,0.7814755852185745,SRR,GO_Molecular_Function_2023,1.236173582515046,0.7141579678591137
Non-Membrane Spanning Protein Tyrosine Kinase Activity (GO:0004715),1/36,0.5611783134210535,0.7814755852185745,CLK1,GO_Molecular_Function_2023,1.236173582515046,0.7141579678591137
Histone H3 Methyltransferase Activity (GO:0140938),1/36,0.5611783134210535,0.7814755852185745,METTL23,GO_Molecular_Function_2023,1.236173582515046,0.7141579678591137
Protein Kinase C Binding (GO:0005080),1/36,0.5611783134210535,0.7814755852185745,SQSTM1,GO_Molecular_Function_2023,1.236173582515046,0.7141579678591137
Chemoattractant Activity (GO:0042056),1/35,0.5510134566034046,0.7814755852185745,S100A4,GO_Molecular_Function_2023,1.272596843615495,0.7584626894662736
Ether Lipid Biosynthesis WP5275,2/20,0.0740949998934753,0.7818299988759815,PEX7;DHRS7B,WikiPathway_2023_Human,4.822222222222222,12.549385960238991
Autophagy In Pancreatic Ductal Adenocarcinoma WP5331,2/20,0.0740949998934753,0.7818299988759815,MAP1LC3B;SQSTM1,WikiPathway_2023_Human,4.822222222222222,12.549385960238991
Glucocorticoid Receptor Pathway WP2880,4/70,0.0738037816632845,0.7818299988759815,CDKN1C;SRGN;RGS2;DNAJC15,WikiPathway_2023_Human,2.635551948051948,6.869158450207448
Mitochondrial Fatty Acid Oxidation Disorders WP5123,2/19,0.0676675829437487,0.7818299988759815,PECR;ACADM,WikiPathway_2023_Human,5.106143790849673,13.75160118139556
Myometrial Relaxation And Contraction Pathways WP289,7/156,0.0643054629949333,0.7818299988759815,RGS2;IL6;RGS1;MYL2;RGS10;CALM2;RAMP1,WikiPathway_2023_Human,2.0480054294547925,5.619953592772844
DNA Damage Bypass R-HSA-73893,1/48,0.6666458042135351,0.7845413644442246,UBE2B,Reactome_2022,0.9199886776430628,0.3730520989203142
Positive Regulation Of MAP Kinase Activity (GO:0043406),2/91,0.6128992068152679,0.7849117907443486,INSR;RPS3,GO_Biological_Process_2023,0.9717353308364544,0.4757176786728134
Regulation Of Epithelial Cell Proliferation (GO:0050678),2/91,0.6128992068152679,0.7849117907443486,CDKN1C;B2M,GO_Biological_Process_2023,0.9717353308364544,0.4757176786728134
N-acyltransferase Activity (GO:0016410),1/37,0.5711135391525917,0.7854621454933571,SAT1,GO_Molecular_Function_2023,1.2017738359201773,0.6731943405154693
Calcium Channel Regulator Activity (GO:0005246),1/37,0.5711135391525917,0.7854621454933571,CALM2,GO_Molecular_Function_2023,1.2017738359201773,0.6731943405154693
Peptidase Inhibitor Activity (GO:0030414),1/37,0.5711135391525917,0.7854621454933571,CST3,GO_Molecular_Function_2023,1.2017738359201773,0.6731943405154693
Ribosome Binding (GO:0043022),2/85,0.5756948069343003,0.7854621454933571,TMEM223;TMEM147,GO_Molecular_Function_2023,1.0423025435073627,0.5755361250550953
Protein Tyrosine Kinase Binding (GO:1990782),2/85,0.5756948069343003,0.7854621454933571,TREM2;SQSTM1,GO_Molecular_Function_2023,1.0423025435073627,0.5755361250550953
C-type lectin receptor signaling pathway,5/104,0.0869323669875359,0.7860134848456376,IL6;FCER1G;CLEC7A;CLEC1B;CALM2,KEGG_2021_Human,2.1974781370754526,5.367614712864121
Apelin signaling pathway,6/137,0.0908803977733694,0.7863458709961637,GABARAPL2;GABARAPL1;GNG10;GNGT2;MYL2;CALM2,KEGG_2021_Human,1.9940095163112312,4.782055450661503
Intestinal immune network for IgA production,3/48,0.0942165559718905,0.7863458709961637,IL6;IL15;TNFRSF17,KEGG_2021_Human,2.8957683741648106,6.8402663677619
Guanyl Ribonucleotide Binding (GO:0032561),5/226,0.5814231897330897,0.7869060840965912,ARL11;RIT1;TUBB2A;INSR;RAC3,GO_Molecular_Function_2023,0.978215757134036,0.5304633247102146
Sulfotransferase Activity (GO:0008146),1/38,0.5808243101840446,0.7869060840965912,SULT1A1,GO_Molecular_Function_2023,1.1692335350871936,0.6352527174432196
Regulation Of Neurotransmitter Receptor Activity (GO:0099601),1/42,0.6175223508931987,0.7876133105015017,CNIH4,GO_Biological_Process_2023,1.0549456492347629,0.5085260169575
Cardiac Ventricle Morphogenesis (GO:0003208),1/42,0.6175223508931987,0.7876133105015017,MYL2,GO_Biological_Process_2023,1.0549456492347629,0.5085260169575
Regulation Of Osteoclast Differentiation (GO:0045670),1/42,0.6175223508931987,0.7876133105015017,TCTA,GO_Biological_Process_2023,1.0549456492347629,0.5085260169575
Substantia Nigra Development (GO:0021762),1/42,0.6175223508931987,0.7876133105015017,CALM2,GO_Biological_Process_2023,1.0549456492347629,0.5085260169575
Skeletal Muscle Tissue Development (GO:0007519),1/42,0.6175223508931987,0.7876133105015017,MYL6,GO_Biological_Process_2023,1.0549456492347629,0.5085260169575
Lipid Modification (GO:0030258),1/42,0.6175223508931987,0.7876133105015017,DGKA,GO_Biological_Process_2023,1.0549456492347629,0.5085260169575
Sensory Perception Of Sound (GO:0007605),2/92,0.6188521002992711,0.7877061263118684,NDUFB9;TIMM10,GO_Biological_Process_2023,0.9608888888888888,0.461119977373882
Steroid Metabolic Process (GO:0008202),2/92,0.6188521002992711,0.7877061263118684,CYP27A1;HSD17B10,GO_Biological_Process_2023,0.9608888888888888,0.461119977373882
Positive Regulation Of Neuron Projection Development (GO:0010976),2/92,0.6188521002992711,0.7877061263118684,TWF1;CAMK1,GO_Biological_Process_2023,0.9608888888888888,0.461119977373882
Central Nervous System Development (GO:0007417),6/283,0.6194800345577178,0.7879718978136059,COX7B;ATP6AP2;NDUFS4;UFC1;CAPG;PTS,GO_Biological_Process_2023,0.9359246248239466,0.4481907238443128
Endocytosis (GO:0006897),4/189,0.621404673072932,0.789885588490272,BIN3;INSR;OCIAD1;CD302,GO_Biological_Process_2023,0.934507722007722,0.4446133198400787
Regulation Of Endothelial Cell Apoptotic Process (GO:2000351),1/43,0.6261845071875887,0.7906157646156258,PDCD4,GO_Biological_Process_2023,1.0297751029458346,0.482048241127263
Response To Amyloid-Beta (GO:1904645),1/43,0.6261845071875887,0.7906157646156258,TREM2,GO_Biological_Process_2023,1.0297751029458346,0.482048241127263
Intracellular Glucose Homeostasis (GO:0001678),1/43,0.6261845071875887,0.7906157646156258,UCP2,GO_Biological_Process_2023,1.0297751029458346,0.482048241127263
Regulation Of Endothelial Cell Proliferation (GO:0001936),2/93,0.6247343723023685,0.7906157646156258,CCL24;PDCD6,GO_Biological_Process_2023,0.9502808302808304,0.4470393983374279
Regulation Of Primary Metabolic Process (GO:0080090),1/43,0.6261845071875887,0.7906157646156258,TREM2,GO_Biological_Process_2023,1.0297751029458346,0.482048241127263
Positive Regulation Of Biomineral Tissue Development (GO:0070169),1/43,0.6261845071875887,0.7906157646156258,ATRAID,GO_Biological_Process_2023,1.0297751029458346,0.482048241127263
mRNA Catabolic Process (GO:0006402),1/43,0.6261845071875887,0.7906157646156258,NUDT16L1,GO_Biological_Process_2023,1.0297751029458346,0.482048241127263
Learning (GO:0007612),1/43,0.6261845071875887,0.7906157646156258,INSR,GO_Biological_Process_2023,1.0297751029458346,0.482048241127263
Regulation Of Cellular Component Size (GO:0032535),1/43,0.6261845071875887,0.7906157646156258,LAMTOR5,GO_Biological_Process_2023,1.0297751029458346,0.482048241127263
Regulation Of Filopodium Assembly (GO:0051489),1/43,0.6261845071875887,0.7906157646156258,MIEN1,GO_Biological_Process_2023,1.0297751029458346,0.482048241127263
Potassium Channels R-HSA-1296071,2/102,0.6745297775830837,0.7925454208520342,GNG10;GNGT2,Reactome_2022,0.8643555555555555,0.3403308868132307
Heme Binding (GO:0020037),2/87,0.5883796472226553,0.7925752439460798,CYP27A1;CYB5A,GO_Molecular_Function_2023,1.017673202614379,0.5397564450065355
Pentosyltransferase Activity (GO:0016763),1/39,0.5903156861438161,0.7925752439460798,PNP,GO_Molecular_Function_2023,1.1384058816664722,0.6000512629594618
Sphingolipid Metabolic Process (GO:0006665),2/94,0.6305461671853716,0.793451903188762,B3GALNT1;ORMDL2,GO_Biological_Process_2023,0.939903381642512,0.4334542115553879
Positive Regulation Of Nucleocytoplasmic Transport (GO:0046824),1/44,0.6346509107512421,0.793451903188762,CAMK1,GO_Biological_Process_2023,1.0057752797401125,0.4573060833249215
"Retrograde Transport, Endosome To Golgi (GO:0042147)",2/94,0.6305461671853716,0.793451903188762,VPS29;BET1L,GO_Biological_Process_2023,0.939903381642512,0.4334542115553879
Nucleobase-Containing Compound Catabolic Process (GO:0034655),1/44,0.6346509107512421,0.793451903188762,RNASE6,GO_Biological_Process_2023,1.0057752797401125,0.4573060833249215
Negative Regulation Of Immune System Process (GO:0002683),1/44,0.6346509107512421,0.793451903188762,TREM2,GO_Biological_Process_2023,1.0057752797401125,0.4573060833249215
Extracellular Matrix Disassembly (GO:0022617),1/44,0.6346509107512421,0.793451903188762,CAPG,GO_Biological_Process_2023,1.0057752797401125,0.4573060833249215
Lymphocyte Chemotaxis (GO:0048247),1/44,0.6346509107512421,0.793451903188762,CCL24,GO_Biological_Process_2023,1.0057752797401125,0.4573060833249215
Peptidyl-Lysine Modification (GO:0018205),2/94,0.6305461671853716,0.793451903188762,SUMO1;METTL21A,GO_Biological_Process_2023,0.939903381642512,0.4334542115553879
Bone Development (GO:0060348),1/44,0.6346509107512421,0.793451903188762,VKORC1,GO_Biological_Process_2023,1.0057752797401125,0.4573060833249215
Actin Filament Organization (GO:0007015),3/144,0.6351835714356845,0.793451903188762,BIN3;RAC3;CAPG,GO_Biological_Process_2023,0.9196322797706488,0.4173670477508048
Ras Protein Signal Transduction (GO:0007265),3/144,0.6351835714356845,0.793451903188762,RIT1;BRK1;RAC3,GO_Biological_Process_2023,0.9196322797706488,0.4173670477508048
Positive Regulation Of Leukocyte Cell-Cell Adhesion (GO:1903039),1/44,0.6346509107512421,0.793451903188762,IL6,GO_Biological_Process_2023,1.0057752797401125,0.4573060833249215
Nucleus Organization (GO:0006997),1/44,0.6346509107512421,0.793451903188762,CHMP1B,GO_Biological_Process_2023,1.0057752797401125,0.4573060833249215
Regulation Of B Cell Proliferation (GO:0030888),1/44,0.6346509107512421,0.793451903188762,TYROBP,GO_Biological_Process_2023,1.0057752797401125,0.4573060833249215
Regulation Of Cell Adhesion (GO:0030155),3/144,0.6351835714356845,0.793451903188762,IL18;LPXN;ITGB1BP1,GO_Biological_Process_2023,0.9196322797706488,0.4173670477508048
Response To Unfolded Protein (GO:0006986),1/44,0.6346509107512421,0.793451903188762,DNAJB4,GO_Biological_Process_2023,1.0057752797401125,0.4573060833249215
Positive Regulation Of Epithelial Cell Migration (GO:0010634),2/95,0.6362876587871793,0.793818474537829,PDCD6;ITGB1BP1,GO_Biological_Process_2023,0.9297491039426524,0.4203437762684281
DNA Metabolic Process (GO:0006259),6/288,0.6363215112385683,0.793818474537829,ALKBH3;UBE2B;SUMO1;CNBP;RPS3;UBE2A,GO_Biological_Process_2023,0.9190916897242628,0.4154766138930758
Regulation Of Autophagy (GO:0010506),5/241,0.6380947848221256,0.7955027821389894,VPS29;TREM2;ATP6V1E1;DRAM2;SQSTM1,GO_Biological_Process_2023,0.9153300724225534,0.4112289147477156
Positive Regulation Of Supramolecular Fiber Organization (GO:1902905),2/96,0.6419590489152645,0.7972960648389953,CCL24;RPS3,GO_Biological_Process_2023,0.9198108747044916,0.4076884767887139
Negative Regulation Of Response To Biotic Stimulus (GO:0002832),1/45,0.6429259756893175,0.7972960648389953,ATG12,GO_Biological_Process_2023,0.9828663575891956,0.4341573147908814
Regulation Of Protein Modification Process (GO:0031399),1/45,0.6429259756893175,0.7972960648389953,NDUFS4,GO_Biological_Process_2023,0.9828663575891956,0.4341573147908814
Regulation Of Cellular Metabolic Process (GO:0031323),1/45,0.6429259756893175,0.7972960648389953,MPV17,GO_Biological_Process_2023,0.9828663575891956,0.4341573147908814
Establishment Of Protein Localization To Extracellular Region (GO:0035592),1/45,0.6429259756893175,0.7972960648389953,TVP23B,GO_Biological_Process_2023,0.9828663575891956,0.4341573147908814
Regulation Of Stem Cell Differentiation (GO:2000736),1/45,0.6429259756893175,0.7972960648389953,OCIAD1,GO_Biological_Process_2023,0.9828663575891956,0.4341573147908814
Cellular Response To Transforming Growth Factor Beta Stimulus (GO:0071560),2/96,0.6419590489152645,0.7972960648389953,HPGD;LPXN,GO_Biological_Process_2023,0.9198108747044916,0.4076884767887139
DNA Damage Response (GO:0006974),8/384,0.6415570717311107,0.7972960648389953,ALKBH3;UBE2B;SUMO1;RPS3;CIB1;UBE2A;ALKBH7;FAAP20,GO_Biological_Process_2023,0.918727237876174,0.407783637645563
Chondroitin Sulfate/Dermatan Sulfate Metabolism R-HSA-1793185,1/50,0.6815788881588838,0.7982651938116847,HEXB,Reactome_2022,0.8823476175392552,0.3382420279477241
Cargo Trafficking To Periciliary Membrane R-HSA-5620920,1/50,0.6815788881588838,0.7982651938116847,BBS9,Reactome_2022,0.8823476175392552,0.3382420279477241
Signal Sequence Binding (GO:0005048),1/41,0.6086599261093041,0.8004039701961846,TOMM20,GO_Molecular_Function_2023,1.0813747228381374,0.5368977711393941
3'-5' Exonuclease Activity (GO:0008408),1/42,0.6175223508931987,0.8004039701961846,TATDN1,GO_Molecular_Function_2023,1.0549456492347629,0.5085260169575
Translation Initiation Factor Activity (GO:0003743),1/41,0.6086599261093041,0.8004039701961846,EIF3M,GO_Molecular_Function_2023,1.0813747228381374,0.5368977711393941
RNA Endonuclease Activity (GO:0004521),1/41,0.6086599261093041,0.8004039701961846,RCL1,GO_Molecular_Function_2023,1.0813747228381374,0.5368977711393941
DNA-binding Transcription Factor Binding (GO:0140297),6/282,0.6160594945320392,0.8004039701961846,PSMD10;METTL23;CHCHD2;RPS3;UBXN7;FOXO4,GO_Molecular_Function_2023,0.9393643985182296,0.45503914097653
2-Oxoglutarate-Dependent Dioxygenase Activity (GO:0016706),1/41,0.6086599261093041,0.8004039701961846,ALKBH3,GO_Molecular_Function_2023,1.0813747228381374,0.5368977711393941
Promoter-Specific Chromatin Binding (GO:1990841),1/42,0.6175223508931987,0.8004039701961846,PCGF1,GO_Molecular_Function_2023,1.0549456492347629,0.5085260169575
Transcription Corepressor Binding (GO:0001222),1/42,0.6175223508931987,0.8004039701961846,PER1,GO_Molecular_Function_2023,1.0549456492347629,0.5085260169575
Endopeptidase Regulator Activity (GO:0061135),1/42,0.6175223508931987,0.8004039701961846,CST3,GO_Molecular_Function_2023,1.0549456492347629,0.5085260169575
Regulation Of Nervous System Development (GO:0051960),1/46,0.6510140169545784,0.8004619698329676,S100A10,GO_Biological_Process_2023,0.9609756097560976,0.4124738965866784
Regulation Of Fibroblast Proliferation (GO:0048145),1/46,0.6510140169545784,0.8004619698329676,NDUFS4,GO_Biological_Process_2023,0.9609756097560976,0.4124738965866784
Cellular Component Disassembly (GO:0022411),1/46,0.6510140169545784,0.8004619698329676,CAPG,GO_Biological_Process_2023,0.9609756097560976,0.4124738965866784
Epithelial Cell Migration (GO:0010631),1/46,0.6510140169545784,0.8004619698329676,LPXN,GO_Biological_Process_2023,0.9609756097560976,0.4124738965866784
Vacuolar Transport (GO:0007034),1/46,0.6510140169545784,0.8004619698329676,CHMP1B,GO_Biological_Process_2023,0.9609756097560976,0.4124738965866784
Response To Glucose (GO:0009749),1/46,0.6510140169545784,0.8004619698329676,UCP2,GO_Biological_Process_2023,0.9609756097560976,0.4124738965866784
Myofibril Assembly (GO:0030239),1/46,0.6510140169545784,0.8004619698329676,MYL2,GO_Biological_Process_2023,0.9609756097560976,0.4124738965866784
T Cell Differentiation (GO:0030217),1/46,0.6510140169545784,0.8004619698329676,FCER1G,GO_Biological_Process_2023,0.9609756097560976,0.4124738965866784
Regulation Of Protein Localization (GO:0032880),2/97,0.6475605664760503,0.8004619698329676,SUMO1;CAMK1,GO_Biological_Process_2023,0.9100818713450292,0.3954696618655047
Endomembrane System Organization (GO:0010256),4/196,0.6497172837135706,0.8004619698329676,SRGN;SEC16B;REEP5;SQSTM1,GO_Biological_Process_2023,0.9001116071428571,0.3881442899628537
Regulation Of ERK1 And ERK2 Cascade (GO:0070372),5/244,0.6488446675955789,0.8004619698329676,NOTCH2;CCL24;CIB1;TREM2;ITGB1BP1,GO_Biological_Process_2023,0.9037001675512248,0.3909062904895114
Cardiac Conduction (GO:0061337),1/46,0.6510140169545784,0.8004619698329676,KCNE3,GO_Biological_Process_2023,0.9609756097560976,0.4124738965866784
Protein Sumoylation (GO:0016925),1/46,0.6510140169545784,0.8004619698329676,SUMO1,GO_Biological_Process_2023,0.9609756097560976,0.4124738965866784
Phase I - Functionalization Of Compounds R-HSA-211945,2/104,0.684838993510307,0.8008021457660459,CYP27A1;POMC,Reactome_2022,0.8473202614379085,0.3207713144847879
Negative Regulation Of Tumor Necrosis Factor Production (GO:0032720),1/47,0.6589192521667301,0.801791711374403,POMC,GO_Biological_Process_2023,0.9400366335679168,0.3921403077211218
Positive Regulation Of Epithelial To Mesenchymal Transition (GO:0010718),1/47,0.6589192521667301,0.801791711374403,IL6,GO_Biological_Process_2023,0.9400366335679168,0.3921403077211218
Phosphatidylinositol Biosynthetic Process (GO:0006661),2/98,0.6530924653478555,0.801791711374403,PIGC;PIGP,GO_Biological_Process_2023,0.9005555555555556,0.3836695899792203
Cellular Response To Insulin Stimulus (GO:0032869),2/99,0.658555023912384,0.801791711374403,INSR;FOXO4,GO_Biological_Process_2023,0.891225658648339,0.3722713760620365
Positive Regulation Of Cell Population Proliferation (GO:0008284),10/483,0.6552757647267333,0.801791711374403,MCTS1;IL6;CLEC7A;IL15;CNBP;INSR;NDUFS4;IL18;CIB1;ITGB1BP1,GO_Biological_Process_2023,0.9123913022681832,0.3856669979173808
Negative Regulation Of Protein Phosphorylation (GO:0001933),3/149,0.6579761751007188,0.801791711374403,CIB1;ITGB1BP1;CALM2,GO_Biological_Process_2023,0.8879092046251945,0.3716668563297041
Cognition (GO:0050890),1/47,0.6589192521667301,0.801791711374403,METTL23,GO_Biological_Process_2023,0.9400366335679168,0.3921403077211218
Response To Organonitrogen Compound (GO:0010243),1/47,0.6589192521667301,0.801791711374403,IL6,GO_Biological_Process_2023,0.9400366335679168,0.3921403077211218
Epithelial To Mesenchymal Transition (GO:0001837),1/47,0.6589192521667301,0.801791711374403,S100A4,GO_Biological_Process_2023,0.9400366335679168,0.3921403077211218
Negative Regulation Of Hydrolase Activity (GO:0051346),1/47,0.6589192521667301,0.801791711374403,CST3,GO_Biological_Process_2023,0.9400366335679168,0.3921403077211218
Protein Monoubiquitination (GO:0006513),1/47,0.6589192521667301,0.801791711374403,FAAP20,GO_Biological_Process_2023,0.9400366335679168,0.3921403077211218
Golgi To Plasma Membrane Transport (GO:0006893),1/47,0.6589192521667301,0.801791711374403,COMMD1,GO_Biological_Process_2023,0.9400366335679168,0.3921403077211218
Regulation Of Signal Transduction By P53 Class Mediator (GO:1901796),1/47,0.6589192521667301,0.801791711374403,RPL5,GO_Biological_Process_2023,0.9400366335679168,0.3921403077211218
Regulation Of Wound Healing (GO:0061041),1/47,0.6589192521667301,0.801791711374403,CLEC7A,GO_Biological_Process_2023,0.9400366335679168,0.3921403077211218
Positive Regulation Of Cold-Induced Thermogenesis (GO:0120162),2/98,0.6530924653478555,0.801791711374403,UCP2;IL18,GO_Biological_Process_2023,0.9005555555555556,0.3836695899792203
Defense Response To Symbiont (GO:0140546),3/148,0.6535009261217478,0.801791711374403,BNIP3L;IL6;RNASE6,GO_Biological_Process_2023,0.8940787957914139,0.3803512485222329
tRNA Processing R-HSA-72306,2/105,0.6898925595068319,0.8041422827372626,PUS3;HSD17B10,Reactome_2022,0.8390507011866235,0.3114719015346647
Integration Of Energy Metabolism R-HSA-163685,2/105,0.6898925595068319,0.8041422827372626,GNG10;GNGT2,Reactome_2022,0.8390507011866235,0.3114719015346647
Antimicrobial Humoral Response (GO:0019730),2/100,0.6639485433338662,0.8068670080592556,RNASE6;PF4,GO_Biological_Process_2023,0.8820861678004536,0.3612589435209064
Protein Complex Oligomerization (GO:0051259),2/100,0.6639485433338662,0.8068670080592556,NINJ1;TMEM70,GO_Biological_Process_2023,0.8820861678004536,0.3612589435209064
RHOD GTPase Cycle R-HSA-9013405,1/52,0.6958444328396196,0.8072236526760721,STBD1,Reactome_2022,0.8476587974435894,0.3073857974006123
Post-translational Protein Phosphorylation R-HSA-8957275,2/106,0.6948793129056747,0.8072236526760721,CST3;IL6,Reactome_2022,0.8309401709401709,0.3024764304613664
Metabolism Of Non-Coding RNA R-HSA-194441,1/52,0.6958444328396196,0.8072236526760721,CLNS1A,Reactome_2022,0.8476587974435894,0.3073857974006123
Serine-Type Peptidase Activity (GO:0008236),3/142,0.6257760205923412,0.8079943254391532,KLK8;SEC11A;SEC11C,GO_Molecular_Function_2023,0.9329605358029834,0.4373371617859356
"Retrograde Vesicle-Mediated Transport, Golgi To Endoplasmic Reticulum (GO:0006890)",1/48,0.6666458042135351,0.8080555202588305,SEC22B,GO_Biological_Process_2023,0.9199886776430628,0.3730520989203142
Oligosaccharide Metabolic Process (GO:0009311),1/48,0.6666458042135351,0.8080555202588305,ST3GAL6,GO_Biological_Process_2023,0.9199886776430628,0.3730520989203142
Regulation Of DNA Binding (GO:0051101),1/48,0.6666458042135351,0.8080555202588305,SUMO1,GO_Biological_Process_2023,0.9199886776430628,0.3730520989203142
Negative Regulation Of ERK1 And ERK2 Cascade (GO:0070373),1/48,0.6666458042135351,0.8080555202588305,ITGB1BP1,GO_Biological_Process_2023,0.9199886776430628,0.3730520989203142
Microtubule Binding (GO:0008017),5/239,0.6308168726038866,0.8113942216317168,GABARAPL2;MAP1LC3B;RPS3;CRIPT;RMDN1,GO_Molecular_Function_2023,0.9232490104973328,0.4253774502460871
Antibacterial Humoral Response (GO:0019731),1/49,0.6741977030578784,0.8134162808570863,RNASE6,GO_Biological_Process_2023,0.9007760532150776,0.3551146397130886
Regulation Of Protein Secretion (GO:0050708),2/102,0.6745297775830837,0.8134162808570863,IL6;TREM2,GO_Biological_Process_2023,0.8643555555555555,0.3403308868132307
Negative Regulation Of Tumor Necrosis Factor Superfamily Cytokine Production (GO:1903556),1/49,0.6741977030578784,0.8134162808570863,POMC,GO_Biological_Process_2023,0.9007760532150776,0.3551146397130886
Intrinsic Apoptotic Signaling Pathway In Response To DNA Damage (GO:0008630),1/49,0.6741977030578784,0.8134162808570863,RPS27L,GO_Biological_Process_2023,0.9007760532150776,0.3551146397130886
Unsaturated Fatty Acid Metabolic Process (GO:0033559),1/49,0.6741977030578784,0.8134162808570863,GPX4,GO_Biological_Process_2023,0.9007760532150776,0.3551146397130886
Nuclear Export (GO:0051168),1/49,0.6741977030578784,0.8134162808570863,RITA1,GO_Biological_Process_2023,0.9007760532150776,0.3551146397130886
Negative Regulation Of DNA Metabolic Process (GO:0051053),1/49,0.6741977030578784,0.8134162808570863,RPS3,GO_Biological_Process_2023,0.9007760532150776,0.3551146397130886
Neurogenesis (GO:0022008),1/49,0.6741977030578784,0.8134162808570863,RITA1,GO_Biological_Process_2023,0.9007760532150776,0.3551146397130886
Insulin Receptor Signaling Cascade R-HSA-74751,1/53,0.7027362358934653,0.8139286782816718,INSR,Reactome_2022,0.8313150264369776,0.2932660407078404
Purine Ribonucleoside Triphosphate Binding (GO:0035639),10/476,0.6372836518193192,0.8165954017608767,PSMA6;ARL11;SRR;RIT1;TUBB2A;GUK1;INSR;STK17B;TWF1;RAC3,GO_Molecular_Function_2023,0.926436603033422,0.4173971447977239
Regulation Of Interleukin-12 Production (GO:0032655),1/50,0.6815788881588838,0.8166783363535383,CLEC7A,GO_Biological_Process_2023,0.8823476175392552,0.3382420279477241
Nucleocytoplasmic Transport (GO:0006913),1/50,0.6815788881588838,0.8166783363535383,RITA1,GO_Biological_Process_2023,0.8823476175392552,0.3382420279477241
Regulation Of TORC1 Signaling (GO:1903432),1/50,0.6815788881588838,0.8166783363535383,LAMTOR5,GO_Biological_Process_2023,0.8823476175392552,0.3382420279477241
Dicarboxylic Acid Metabolic Process (GO:0043648),1/50,0.6815788881588838,0.8166783363535383,NIT2,GO_Biological_Process_2023,0.8823476175392552,0.3382420279477241
Positive Regulation Of Cell Death (GO:0010942),1/50,0.6815788881588838,0.8166783363535383,TYROBP,GO_Biological_Process_2023,0.8823476175392552,0.3382420279477241
Regulation Of MAPK Cascade (GO:0043408),4/204,0.6803109767503354,0.8166783363535383,PSMD10;IL6;INSR;ATP6AP2,GO_Biological_Process_2023,0.86375,0.3327210490256125
Positive Regulation Of Developmental Growth (GO:0048639),1/50,0.6815788881588838,0.8166783363535383,INSR,GO_Biological_Process_2023,0.8823476175392552,0.3382420279477241
tRNA Processing (GO:0008033),1/50,0.6815788881588838,0.8166783363535383,PUS3,GO_Biological_Process_2023,0.8823476175392552,0.3382420279477241
Negative Regulation Of Cell Projection Organization (GO:0031345),1/50,0.6815788881588838,0.8166783363535383,CIB1,GO_Biological_Process_2023,0.8823476175392552,0.3382420279477241
Plasma Membrane Bounded Cell Projection Morphogenesis (GO:0120039),1/50,0.6815788881588838,0.8166783363535383,KLK8,GO_Biological_Process_2023,0.8823476175392552,0.3382420279477241
G Alpha (Q) Signaling Events R-HSA-416476,4/212,0.7089922167563184,0.8191382678391956,GNG10;GNGT2;RGS1;DGKA,Reactome_2022,0.8301854395604396,0.285509680792838
Interleukin-12 Family Signaling R-HSA-447115,1/54,0.7094722155875001,0.8191382678391956,PDCD4,Reactome_2022,0.8155880015060871,0.2799374861930001
G Alpha (I) Signaling Events R-HSA-418594,6/312,0.7107561048056481,0.8193282971932826,POMC;GNG10;GNGT2;RGS1;RGS10;PF4,Reactome_2022,0.845950936428383,0.2888295930237648
Positive Regulation Of Vasculature Development (GO:1904018),2/104,0.684838993510307,0.8195399795031045,PDCD6;NINJ1,GO_Biological_Process_2023,0.8473202614379085,0.3207713144847879
Positive Regulation Of Kinase Activity (GO:0033674),2/104,0.684838993510307,0.8195399795031045,INSR;TREM2,GO_Biological_Process_2023,0.8473202614379085,0.3207713144847879
Signaling By ALK Fusions And Activated Point Mutants R-HSA-9725370,1/55,0.716055887478642,0.8202705941069891,SQSTM1,Reactome_2022,0.8004434589800443,0.2673457619394279
Intrinsic Pathway For Apoptosis R-HSA-109606,1/55,0.716055887478642,0.8202705941069891,DIABLO,Reactome_2022,0.8004434589800443,0.2673457619394279
Complement Cascade R-HSA-166658,1/55,0.716055887478642,0.8202705941069891,PSMA7,Reactome_2022,0.8004434589800443,0.2673457619394279
Regulation Of Cholesterol Biosynthesis By SREBP (SREBF) R-HSA-1655829,1/55,0.716055887478642,0.8202705941069891,SAR1B,Reactome_2022,0.8004434589800443,0.2673457619394279
Positive Regulation Of Ras Protein Signal Transduction (GO:0046579),1/51,0.6887932100504137,0.8206154847241938,NOTCH2,GO_Biological_Process_2023,0.8646563192904656,0.3223561397428319
Amide Biosynthetic Process (GO:0043604),1/51,0.6887932100504137,0.8206154847241938,NANP,GO_Biological_Process_2023,0.8646563192904656,0.3223561397428319
Regulation Of Release Of Sequestered Calcium Ion Into Cytosol (GO:0051279),1/51,0.6887932100504137,0.8206154847241938,CALM2,GO_Biological_Process_2023,0.8646563192904656,0.3223561397428319
Cholesterol Transport (GO:0030301),1/51,0.6887932100504137,0.8206154847241938,STARD3NL,GO_Biological_Process_2023,0.8646563192904656,0.3223561397428319
RNA Modification (GO:0009451),1/51,0.6887932100504137,0.8206154847241938,PUS3,GO_Biological_Process_2023,0.8646563192904656,0.3223561397428319
Regulation Of Stress-Activated MAPK Cascade (GO:0032872),1/51,0.6887932100504137,0.8206154847241938,PER1,GO_Biological_Process_2023,0.8646563192904656,0.3223561397428319
Metaphase Plate Congression (GO:0051310),1/51,0.6887932100504137,0.8206154847241938,CHMP1B,GO_Biological_Process_2023,0.8646563192904656,0.3223561397428319
Damaged DNA Binding (GO:0003684),1/45,0.6429259756893175,0.8207047492700759,RPS3,GO_Molecular_Function_2023,0.9828663575891956,0.4341573147908814
Adenylate Cyclase-Inhibiting G Protein-Coupled Receptor Signaling Pathway (GO:0007193),1/52,0.6958444328396196,0.8237956761577361,RGS1,GO_Biological_Process_2023,0.8476587974435894,0.3073857974006123
Sprouting Angiogenesis (GO:0002040),1/52,0.6958444328396196,0.8237956761577361,ITGB1BP1,GO_Biological_Process_2023,0.8476587974435894,0.3073857974006123
Regulation Of Proteolysis (GO:0030162),1/52,0.6958444328396196,0.8237956761577361,CST3,GO_Biological_Process_2023,0.8476587974435894,0.3073857974006123
Negative Regulation Of Response To Stimulus (GO:0048585),1/52,0.6958444328396196,0.8237956761577361,RPS3,GO_Biological_Process_2023,0.8476587974435894,0.3073857974006123
Positive Regulation Of B Cell Activation (GO:0050871),1/52,0.6958444328396196,0.8237956761577361,IL6,GO_Biological_Process_2023,0.8476587974435894,0.3073857974006123
Negative Regulation Of Innate Immune Response (GO:0045824),1/52,0.6958444328396196,0.8237956761577361,ATG12,GO_Biological_Process_2023,0.8476587974435894,0.3073857974006123
Regulation Of Peptide Hormone Secretion (GO:0090276),1/52,0.6958444328396196,0.8237956761577361,IL6,GO_Biological_Process_2023,0.8476587974435894,0.3073857974006123
Regulation Of Protein Localization To Nucleus (GO:1900180),1/52,0.6958444328396196,0.8237956761577361,LAMTOR5,GO_Biological_Process_2023,0.8476587974435894,0.3073857974006123
Regulation Of Cell Development (GO:0060284),1/52,0.6958444328396196,0.8237956761577361,S100A10,GO_Biological_Process_2023,0.8476587974435894,0.3073857974006123
Arachidonic Acid Metabolic Process (GO:0019369),1/52,0.6958444328396196,0.8237956761577361,GPX4,GO_Biological_Process_2023,0.8476587974435894,0.3073857974006123
Chemokine Receptors Bind Chemokines R-HSA-380108,1/56,0.7224906879404012,0.8250595687556531,PF4,Reactome_2022,0.7858496270913122,0.2554410088991282
Deadenylation-dependent mRNA Decay R-HSA-429914,1/56,0.7224906879404012,0.8250595687556531,LSM1,Reactome_2022,0.7858496270913122,0.2554410088991282
Negative Regulation Of Translation (GO:0017148),2/107,0.699799684905076,0.827436105422354,RPS3;PAIP2,GO_Biological_Process_2023,0.8229841269841269,0.2937733598345303
Positive Regulation Of Autophagy (GO:0010508),2/107,0.699799684905076,0.827436105422354,BNIP3L;SQSTM1,GO_Biological_Process_2023,0.8229841269841269,0.2937733598345303
Regulated Necrosis R-HSA-5218859,1/57,0.7287799759705023,0.8286125081568856,IL18,Reactome_2022,0.7717770034843205,0.2441774391620019
Transport Of Small Molecules R-HSA-382551,14/706,0.7289978896899376,0.8286125081568856,PSMD10;SAR1B;PSMA7;PSMA6;PSMB7;PSMA3;PSMB4;GNG10;PSMB5;GNGT2;PSMA1;PSMA2;ATP6V1E1;ATP6V1F,Reactome_2022,0.8709583762240346,0.2752963921613892
SUMOylation Of Chromatin Organization Proteins R-HSA-4551638,1/57,0.7287799759705023,0.8286125081568856,SUMO1,Reactome_2022,0.7717770034843205,0.2441774391620019
Spermatid Development (GO:0007286),1/53,0.7027362358934653,0.8298643991706751,CIB1,GO_Biological_Process_2023,0.8313150264369776,0.2932660407078404
Regulation Of Cyclin-Dependent Protein Kinase Activity (GO:1904029),1/53,0.7027362358934653,0.8298643991706751,CDKN1C,GO_Biological_Process_2023,0.8313150264369776,0.2932660407078404
SARS-CoV Infections R-HSA-9679506,7/369,0.7317094278570219,0.8304051181261085,MAP1LC3B;SUMO1;SAR1B;CNBP;RPS3;RPS27L;B2M,Reactome_2022,0.8337078651685393,0.2604268267739556
Malaria,3/50,0.1033950953498601,0.8309902107748016,IL6;CR1L;IL18,KEGG_2021_Human,2.772259868265176,6.290805860435539
Positive Regulation Of Leukocyte Chemotaxis (GO:0002690),1/54,0.7094722155875001,0.8310328755791277,IL6,GO_Biological_Process_2023,0.8155880015060871,0.2799374861930001
Regulation Of Lipid Metabolic Process (GO:0019216),1/54,0.7094722155875001,0.8310328755791277,TREM2,GO_Biological_Process_2023,0.8155880015060871,0.2799374861930001
Regulation Of Exocytosis (GO:0017157),1/54,0.7094722155875001,0.8310328755791277,S100A10,GO_Biological_Process_2023,0.8155880015060871,0.2799374861930001
Nucleosome Assembly (GO:0006334),1/54,0.7094722155875001,0.8310328755791277,CHRAC1,GO_Biological_Process_2023,0.8155880015060871,0.2799374861930001
Regulation Of Blood Vessel Endothelial Cell Migration (GO:0043535),1/54,0.7094722155875001,0.8310328755791277,TMSB4X,GO_Biological_Process_2023,0.8155880015060871,0.2799374861930001
Regulation Of Wnt Signaling Pathway (GO:0030111),2/109,0.7094430825414492,0.8310328755791277,SUMO1;ATP6AP2,GO_Biological_Process_2023,0.8075181723779855,0.2772008067027648
Positive Regulation Of Wnt Signaling Pathway (GO:0030177),2/109,0.7094430825414492,0.8310328755791277,UBE2B;ATP6AP2,GO_Biological_Process_2023,0.8075181723779855,0.2772008067027648
Negative Regulation Of TOR Signaling (GO:0032007),1/54,0.7094722155875001,0.8310328755791277,PDCD6,GO_Biological_Process_2023,0.8155880015060871,0.2799374861930001
Mesenchymal Cell Differentiation (GO:0048762),1/54,0.7094722155875001,0.8310328755791277,S100A4,GO_Biological_Process_2023,0.8155880015060871,0.2799374861930001
Protein K63-linked Ubiquitination (GO:0070534),1/54,0.7094722155875001,0.8310328755791277,UBE2B,GO_Biological_Process_2023,0.8155880015060871,0.2799374861930001
Positive Regulation Of MAPK Cascade (GO:0043410),6/310,0.7049721889076667,0.8310328755791277,NOTCH2;CCL24;IL6;INSR;CIB1;TREM2,GO_Biological_Process_2023,0.8516049091338211,0.2977184578085899
Negative Regulation Of Neuron Projection Development (GO:0010977),1/54,0.7094722155875001,0.8310328755791277,CIB1,GO_Biological_Process_2023,0.8155880015060871,0.2799374861930001
"mRNA Splicing, Via Spliceosome (GO:0000398)",4/211,0.7055120286767486,0.8310328755791277,SRPK3;LSM8;CLNS1A;SF3B6,GO_Biological_Process_2023,0.8342391304347826,0.2910088521684275
Late SARS-CoV-2 Infection Events R-HSA-9772573,1/58,0.7349270349335739,0.832765618531542,SUMO1,Reactome_2022,0.7581981561442409,0.2335129440606207
Adenylate Cyclase-Activating G Protein-Coupled Receptor Signaling Pathway (GO:0007189),2/110,0.7141670402879635,0.8354909992167837,RAMP1;PF4,GO_Biological_Process_2023,0.8,0.2693107152171523
Response To Lipid (GO:0033993),2/110,0.7141670402879635,0.8354909992167837,SRR;TREM2,GO_Biological_Process_2023,0.8,0.2693107152171523
Ceramide Metabolic Process (GO:0006672),1/55,0.716055887478642,0.8358587391938339,ORMDL2,GO_Biological_Process_2023,0.8004434589800443,0.2673457619394279
Purine Ribonucleotide Biosynthetic Process (GO:0009152),1/55,0.716055887478642,0.8358587391938339,PPCDC,GO_Biological_Process_2023,0.8004434589800443,0.2673457619394279
Response To Peptide Hormone (GO:0043434),1/55,0.716055887478642,0.8358587391938339,POMC,GO_Biological_Process_2023,0.8004434589800443,0.2673457619394279
Adenylate Cyclase-Modulating G Protein-Coupled Receptor Signaling Pathway (GO:0007188),3/163,0.7162598025751417,0.8358587391938339,RGS1;RAMP1;PF4,GO_Biological_Process_2023,0.8096325167037862,0.2701843496080182
Regulation Of Mitotic Nuclear Division (GO:0007088),1/56,0.7224906879404012,0.8368961758028061,INSR,GO_Biological_Process_2023,0.7858496270913122,0.2554410088991282
post-Golgi Vesicle-Mediated Transport (GO:0006892),1/56,0.7224906879404012,0.8368961758028061,COMMD1,GO_Biological_Process_2023,0.7858496270913122,0.2554410088991282
Regulation Of Reactive Oxygen Species Metabolic Process (GO:2000377),1/56,0.7224906879404012,0.8368961758028061,MPV17,GO_Biological_Process_2023,0.7858496270913122,0.2554410088991282
Nucleotide-Excision Repair (GO:0006289),1/56,0.7224906879404012,0.8368961758028061,COMMD1,GO_Biological_Process_2023,0.7858496270913122,0.2554410088991282
Positive Regulation Of Signal Transduction (GO:0009967),5/266,0.7213456472957785,0.8368961758028061,IL6;ATP6AP2;RPS3;TREM2;ITGB1BP1,GO_Biological_Process_2023,0.8265833526189925,0.2699925881141807
Mitotic DNA Damage Checkpoint Signaling (GO:0044773),1/56,0.7224906879404012,0.8368961758028061,RPS27L,GO_Biological_Process_2023,0.7858496270913122,0.2554410088991282
T Cell Activation (GO:0042110),2/111,0.7188264796332169,0.8368961758028061,CLEC7A;SLAMF9,GO_Biological_Process_2023,0.7926197757390417,0.2616717564203372
Regulation Of Protein Phosphorylation (GO:0001932),5/265,0.7182961195332933,0.8368961758028061,INSR;NDUFS4;TWF1;CIB1;TREM2,GO_Biological_Process_2023,0.8298055412149372,0.2745605576990683
Cellular Response To Peptide (GO:1901653),1/56,0.7224906879404012,0.8368961758028061,TREM2,GO_Biological_Process_2023,0.7858496270913122,0.2554410088991282
Supramolecular Fiber Organization (GO:0097435),6/316,0.7220908252126143,0.8368961758028061,CST3;BIN3;CRIPT;RAC3;CIB1;B2M,GO_Biological_Process_2023,0.8348618544770722,0.2718346525585336
Regulation Of Cation Channel Activity (GO:2001257),1/56,0.7224906879404012,0.8368961758028061,CALM2,GO_Biological_Process_2023,0.7858496270913122,0.2554410088991282
Cytoskeleton Organization (GO:0007010),2/111,0.7188264796332169,0.8368961758028061,CCL24;RAC3,GO_Biological_Process_2023,0.7926197757390417,0.2616717564203372
Folate biosynthesis,2/26,0.1161707738249227,0.840301930666941,GGH;PTS,KEGG_2021_Human,3.6155555555555554,7.783184687247571
Glycosylphosphatidylinositol (GPI)-anchor biosynthesis,2/26,0.1161707738249227,0.840301930666941,PIGC;PIGP,KEGG_2021_Human,3.6155555555555554,7.783184687247571
Peroxisome,4/82,0.1148097350736681,0.840301930666941,PECR;PEX7;NUDT7;MPV17,KEGG_2021_Human,2.228708791208791,4.8239933721180615
RNA Binding (GO:0003723),30/1411,0.6638687603789122,0.84116789136659,RPL5;PEF1;SF3B6;NIP7;CSTF3;FCF1;RPS27L;MRPL14;TCF20;SRP14;HSD17B10;NGRN;SUMO1;TMSB4X;RPS3;RBM7;CHCHD1;PSTK;CNBP;LSM1;NUDT16L1;TPD52L2;PSMA6;LSM8;NUDT7;PSMA1;CLNS1A;UNC50;S100A4;SLIRP,GO_Molecular_Function_2023,0.935186742212354,0.383118699964427
Cytokine Receptor Binding (GO:0005126),2/100,0.6639485433338662,0.84116789136659,IL6;IL18,GO_Molecular_Function_2023,0.8820861678004536,0.3612589435209064
Signal Transduction In Response To DNA Damage (GO:0042770),1/57,0.7287799759705023,0.8426238344554393,TRIAP1,GO_Biological_Process_2023,0.7717770034843205,0.2441774391620019
Striated Muscle Contraction (GO:0006941),1/57,0.7287799759705023,0.8426238344554393,MYL2,GO_Biological_Process_2023,0.7717770034843205,0.2441774391620019
Post-Transcriptional Regulation Of Gene Expression (GO:0010608),1/57,0.7287799759705023,0.8426238344554393,PER1,GO_Biological_Process_2023,0.7717770034843205,0.2441774391620019
FCGR3A-mediated Phagocytosis R-HSA-9664422,1/60,0.7468072313421887,0.8436155761458057,BRK1,Reactome_2022,0.7324213611935811,0.2138290865117171
Recruitment And ATM-mediated Phosphorylation Of Repair And Signal Proteins At DNA Double Strand Breaks R-HSA-5693565,1/60,0.7468072313421887,0.8436155761458057,SUMO1,Reactome_2022,0.7324213611935811,0.2138290865117171
Organelle Organization (GO:0006996),8/418,0.7314334053066619,0.8447574687835958,CCL24;SEC16B;PEX7;CHCHD2;REEP5;SAR1B;CHMP1B;HSD17B10,GO_Biological_Process_2023,0.8410459239727532,0.2630363567971584
Protein Modification By Small Protein Removal (GO:0070646),2/114,0.7324226989985432,0.8447574687835958,SUMO1;SENP8,GO_Biological_Process_2023,0.7712698412698412,0.2401714803723867
Response To Endoplasmic Reticulum Stress (GO:0034976),2/114,0.7324226989985432,0.8447574687835958,UFC1;DNAJB9,GO_Biological_Process_2023,0.7712698412698412,0.2401714803723867
Regulation Of MAP Kinase Activity (GO:0043405),2/114,0.7324226989985432,0.8447574687835958,RGS2;INSR,GO_Biological_Process_2023,0.7712698412698412,0.2401714803723867
mRNA Transport (GO:0051028),1/58,0.7349270349335739,0.8450537160092471,THOC7,GO_Biological_Process_2023,0.7581981561442409,0.2335129440606207
Eye Development (GO:0001654),1/58,0.7349270349335739,0.8450537160092471,SCO2,GO_Biological_Process_2023,0.7581981561442409,0.2335129440606207
Response To Organic Cyclic Compound (GO:0014070),1/58,0.7349270349335739,0.8450537160092471,IL18,GO_Biological_Process_2023,0.7581981561442409,0.2335129440606207
Regulation Of Neuron Death (GO:1901214),1/58,0.7349270349335739,0.8450537160092471,TYROBP,GO_Biological_Process_2023,0.7581981561442409,0.2335129440606207
Glycosaminoglycan Biosynthetic Process (GO:0006024),1/58,0.7349270349335739,0.8450537160092471,ST3GAL6,GO_Biological_Process_2023,0.7581981561442409,0.2335129440606207
RHO GTPases Activate PKNs R-HSA-5625740,1/62,0.7581560953971106,0.8472828424895954,MYL6,Reactome_2022,0.7083348478790302,0.1961138246152564
Regulation Of Actin Dynamics For Phagocytic Cup Formation R-HSA-2029482,1/62,0.7581560953971106,0.8472828424895954,BRK1,Reactome_2022,0.7083348478790302,0.1961138246152564
Post NMDA Receptor Activation Events R-HSA-438064,1/61,0.7525465725216688,0.8472828424895954,CAMK1,Reactome_2022,0.7201773835920178,0.204740952399605
DNA Double Strand Break Response R-HSA-5693606,1/61,0.7525465725216688,0.8472828424895954,SUMO1,Reactome_2022,0.7201773835920178,0.204740952399605
Hemostasis R-HSA-109582,11/576,0.7565406712002023,0.8472828424895954,SRGN;GP9;GNG10;GNGT2;FCER1G;TMSB4X;DGKA;CD9;CLEC1B;S100A10;PF4,Reactome_2022,0.8380510906427467,0.2338154035602805
Glycosaminoglycan Metabolism R-HSA-1630316,2/120,0.7579431047480929,0.8472828424895954,HEXB;ST3GAL6,Reactome_2022,0.7318267419962335,0.2028235537582495
Pre-NOTCH Transcription And Translation R-HSA-1912408,1/62,0.7581560953971106,0.8472828424895954,NOTCH2,Reactome_2022,0.7083348478790302,0.1961138246152564
Regulation Of Multicellular Organismal Development (GO:2000026),1/59,0.7409350743399731,0.8472980168851273,INSR,GO_Biological_Process_2023,0.7450875449193364,0.2234087456598227
Heart Morphogenesis (GO:0003007),1/59,0.7409350743399731,0.8472980168851273,INSR,GO_Biological_Process_2023,0.7450875449193364,0.2234087456598227
Microtubule Cytoskeleton Organization Involved In Mitosis (GO:1902850),1/59,0.7409350743399731,0.8472980168851273,RMDN1,GO_Biological_Process_2023,0.7450875449193364,0.2234087456598227
Negative Regulation Of Protein-Containing Complex Assembly (GO:0031333),1/59,0.7409350743399731,0.8472980168851273,TREM2,GO_Biological_Process_2023,0.7450875449193364,0.2234087456598227
Phospholipid Transport (GO:0015914),1/59,0.7409350743399731,0.8472980168851273,TRIAP1,GO_Biological_Process_2023,0.7450875449193364,0.2234087456598227
Positive Regulation Of Protein Binding (GO:0032092),1/59,0.7409350743399731,0.8472980168851273,B2M,GO_Biological_Process_2023,0.7450875449193364,0.2234087456598227
Positive Regulation Of Cell Migration (GO:0030335),5/272,0.7391481713257757,0.8472980168851273,CCL24;MIEN1;CLEC7A;INSR;CIB1,GO_Biological_Process_2023,0.8077570821707765,0.2441501319501995
protein-DNA Complex Assembly (GO:0065004),1/59,0.7409350743399731,0.8472980168851273,CHRAC1,GO_Biological_Process_2023,0.7450875449193364,0.2234087456598227
Anterior/Posterior Pattern Specification (GO:0009952),1/59,0.7409350743399731,0.8472980168851273,ATP6AP2,GO_Biological_Process_2023,0.7450875449193364,0.2234087456598227
Exercise Induced Circadian Regulation WP410,3/48,0.0942165559718905,0.8500188787456293,PER1;SUMO1;STBD1,WikiPathway_2023_Human,2.8957683741648106,6.8402663677619
Nanoparticle Triggered Autophagic Cell Death WP2509,2/23,0.0944465420828477,0.8500188787456293,INSR;ATG12,WikiPathway_2023_Human,4.132698412698413,9.752016457661547
Transcription Factor Regulation In Adipogenesis WP3599,2/22,0.0874959072084773,0.8500188787456293,IL6;INSR,WikiPathway_2023_Human,4.339555555555555,10.571865815564632
Purine Metabolism And Related Disorders WP4224,2/23,0.0944465420828477,0.8500188787456293,DGUOK;PNP,WikiPathway_2023_Human,4.132698412698413,9.752016457661547
Methionine De Novo And Salvage Pathway WP3580,2/22,0.0874959072084773,0.8500188787456293,ADI1;MAT2B,WikiPathway_2023_Human,4.339555555555555,10.571865815564632
Negative Regulation Of Peptidase Activity (GO:0010466),1/60,0.7468072313421887,0.851940288181623,CST3,GO_Biological_Process_2023,0.7324213611935811,0.2138290865117171
Heart Development (GO:0007507),3/171,0.7459555551071936,0.851940288181623,MYL2;INSR;NDUFV2,GO_Biological_Process_2023,0.7707604199809099,0.2259015997093605
Sterol Metabolic Process (GO:0016125),1/60,0.7468072313421887,0.851940288181623,CYP27A1,GO_Biological_Process_2023,0.7324213611935811,0.2138290865117171
Intracellular Protein Transport (GO:0006886),6/325,0.7464544160188585,0.851940288181623,RPAIN;VPS29;ARL11;SAR1B;PDCD6;DNAJC15,GO_Biological_Process_2023,0.8109282089489296,0.2371322167887054
Positive Regulation Of Cell Projection Organization (GO:0031346),2/118,0.7496789436980424,0.8546976435126257,TWF1;CAMK1,GO_Biological_Process_2023,0.7445210727969349,0.2145041443516324
Metabolism Of Water-Soluble Vitamins And Cofactors R-HSA-196849,2/122,0.7659706106359221,0.8547111082095961,CYB5A;PPCDC,Reactome_2022,0.7195555555555555,0.1918417696614971
BMP Signaling Pathway (GO:0030509),1/61,0.7525465725216688,0.8558908386816317,PDCD4,GO_Biological_Process_2023,0.7201773835920178,0.204740952399605
Positive Regulation Of Cell Junction Assembly (GO:1901890),1/61,0.7525465725216688,0.8558908386816317,S100A10,GO_Biological_Process_2023,0.7201773835920178,0.204740952399605
Negative Regulation Of Autophagy (GO:0010507),1/61,0.7525465725216688,0.8558908386816317,TREM2,GO_Biological_Process_2023,0.7201773835920178,0.204740952399605
Positive Regulation Of Organelle Assembly (GO:1902117),1/61,0.7525465725216688,0.8558908386816317,CAPG,GO_Biological_Process_2023,0.7201773835920178,0.204740952399605
Positive Regulation Of Angiogenesis (GO:0045766),2/119,0.7538408901884585,0.8568445426567726,PDCD6;NINJ1,GO_Biological_Process_2023,0.7381196581196581,0.2085733904768156
Cholesterol Binding (GO:0015485),1/50,0.6815788881588838,0.8570600198117306,STARD3NL,GO_Molecular_Function_2023,0.8823476175392552,0.3382420279477241
Transmembrane Receptor Protein Tyrosine Kinase Activity (GO:0004714),1/50,0.6815788881588838,0.8570600198117306,INSR,GO_Molecular_Function_2023,0.8823476175392552,0.3382420279477241
Regulation Of IGF Transport And Uptake By IGFBPs R-HSA-381426,2/123,0.7698970503751627,0.8577848415138798,CST3;IL6,Reactome_2022,0.7135720844811754,0.186598011098505
RNA Methylation (GO:0001510),1/62,0.7581560953971106,0.8586346140641976,WTAP,GO_Biological_Process_2023,0.7083348478790302,0.1961138246152564
Regulation Of Cell Growth (GO:0001558),4/227,0.7576224732733727,0.8586346140641976,N6AMT1;PSMD10;MYL2;CIB1,GO_Biological_Process_2023,0.7737427930813581,0.2147678441612666
Regulation Of T Cell Activation (GO:0050863),1/62,0.7581560953971106,0.8586346140641976,B2M,GO_Biological_Process_2023,0.7083348478790302,0.1961138246152564
mRNA Export From Nucleus (GO:0006406),1/62,0.7581560953971106,0.8586346140641976,THOC7,GO_Biological_Process_2023,0.7083348478790302,0.1961138246152564
Regulation Of Neuron Projection Development (GO:0010975),3/174,0.7564338551940027,0.8586346140641976,TWF1;CIB1;CAMK1,GO_Biological_Process_2023,0.7571210877974446,0.2113429204231598
Regulation Of Embryonic Development (GO:0045995),1/62,0.7581560953971106,0.8586346140641976,INSR,GO_Biological_Process_2023,0.7083348478790302,0.1961138246152564
Positive Regulation Of I-kappaB kinase/NF-kappaB Signaling (GO:0043123),3/175,0.7598484206647133,0.8600331311557261,CLEC7A;S100A4;LAMTOR5,GO_Biological_Process_2023,0.7526803749935257,0.2067133623689755
Cellular Response To Lipid (GO:0071396),4/228,0.7606291268140465,0.8603987716067433,IL6;PDCD4;TREM2;PF4,GO_Biological_Process_2023,0.7702487244897959,0.2107472834236148
E-box Binding (GO:0070888),1/51,0.6887932100504137,0.8629119397285852,PER1,GO_Molecular_Function_2023,0.8646563192904656,0.3223561397428319
Protein Polymerization (GO:0051258),1/63,0.7636387299119983,0.8632837115060475,GPX4,GO_Biological_Process_2023,0.6968743294471068,0.1879194579968155
Nervous System Development (GO:0007399),8/433,0.7658272899564168,0.8652375631719132,NOTCH2;COX7B;TMEM223;NINJ1;RITA1;CAPG;NDUFV2;PTS,GO_Biological_Process_2023,0.8107260201377848,0.2163005709623039
Exopeptidase Activity (GO:0008238),1/52,0.6958444328396196,0.8653120806898591,GGH,GO_Molecular_Function_2023,0.8476587974435894,0.3073857974006123
Channel Activity (GO:0015267),1/52,0.6958444328396196,0.8653120806898591,MPV17,GO_Molecular_Function_2023,0.8476587974435894,0.3073857974006123
Collecting duct acid secretion,2/27,0.1236696002437905,0.8656872017065338,ATP6V1E1;ATP6V1F,KEGG_2021_Human,3.470755555555556,7.25437120759319
Positive Regulation Of Cell Differentiation (GO:0045597),5/283,0.7695982064392602,0.8667104519193448,IL6;IL18;CAMK1;ATRAID;PF4,GO_Biological_Process_2023,0.7753528720647643,0.2030546128654891
Cellular Response To Virus (GO:0098586),1/64,0.7689973400784207,0.8667104519193448,IL6,GO_Biological_Process_2023,0.6857776369971492,0.1801316815411538
Organonitrogen Compound Biosynthetic Process (GO:1901566),2/123,0.7698970503751627,0.8667104519193448,NANP;ORMDL2,GO_Biological_Process_2023,0.7135720844811754,0.186598011098505
Positive Regulation Of Macroautophagy (GO:0016239),1/64,0.7689973400784207,0.8667104519193448,BNIP3L,GO_Biological_Process_2023,0.6857776369971492,0.1801316815411538
Endocytic Recycling (GO:0032456),1/64,0.7689973400784207,0.8667104519193448,VPS29,GO_Biological_Process_2023,0.6857776369971492,0.1801316815411538
Positive Regulation Of T Cell Differentiation (GO:0045582),1/64,0.7689973400784207,0.8667104519193448,PNP,GO_Biological_Process_2023,0.6857776369971492,0.1801316815411538
RUNX1 Regulates Genes Involved In Megakaryocyte Differentiation And Platelet Function R-HSA-8936459,1/66,0.7793536224706009,0.8670012942986016,PF4,Reactome_2022,0.6646085621695378,0.1656805289840931
Regulation Of DNA Metabolic Process (GO:0051052),2/124,0.773766053626436,0.8684733197751802,CHRAC1;MPV17,GO_Biological_Process_2023,0.7076867030965391,0.1815115246454695
RNA Export From Nucleus (GO:0006405),1/65,0.7742347255017031,0.8684733197751802,THOC7,GO_Biological_Process_2023,0.6750277161862528,0.1727262192234835
Cellular Response To Light Stimulus (GO:0071482),1/65,0.7742347255017031,0.8684733197751802,TRIAP1,GO_Biological_Process_2023,0.6750277161862528,0.1727262192234835
Regulation Of Translational Initiation (GO:0006446),1/65,0.7742347255017031,0.8684733197751802,PAIP2,GO_Biological_Process_2023,0.6750277161862528,0.1727262192234835
Positive Regulation Of Cell Cycle (GO:0045787),1/65,0.7742347255017031,0.8684733197751802,PSMD10,GO_Biological_Process_2023,0.6750277161862528,0.1727262192234835
Regulation Of Cell-Matrix Adhesion (GO:0001952),1/65,0.7742347255017031,0.8684733197751802,CIB1,GO_Biological_Process_2023,0.6750277161862528,0.1727262192234835
Neurotransmitter Receptors And Postsynaptic Signal Transmission R-HSA-112314,3/182,0.7826777744329836,0.8693780438314781,GNG10;GNGT2;CAMK1,Reactome_2022,0.7229846586455313,0.1771559635373986
Negative Regulation Of Cellular Process (GO:0048523),10/537,0.7759182788659149,0.8698427932426476,IL6;HPGD;MYL2;CHMP1B;LPXN;TREM2;CIB1;ITGB1BP1;FOXO4;NUDT6,GO_Biological_Process_2023,0.8165832381704689,0.207173761502321
Antiporter Activity (GO:0015297),1/53,0.7027362358934653,0.8706695275591831,UCP2,GO_Molecular_Function_2023,0.8313150264369776,0.2932660407078404
Negative Regulation Of Endopeptidase Activity (GO:0010951),1/66,0.7793536224706009,0.8716149971711658,CST3,GO_Biological_Process_2023,0.6646085621695378,0.1656805289840931
Cellular Response To BMP Stimulus (GO:0071773),1/66,0.7793536224706009,0.8716149971711658,PDCD4,GO_Biological_Process_2023,0.6646085621695378,0.1656805289840931
Cellular Response To Type II Interferon (GO:0071346),1/66,0.7793536224706009,0.8716149971711658,CCL24,GO_Biological_Process_2023,0.6646085621695378,0.1656805289840931
Positive Regulation Of GTPase Activity (GO:0043547),4/234,0.7780649518490591,0.8716149971711658,CCL24;RGS1;RGS10;S100A10,GO_Biological_Process_2023,0.7499223602484472,0.1881894711373618
Protein-Containing Complex Organization (GO:0043933),2/126,0.7813340890893968,0.8733103968418943,LPXN;CAPG,GO_Biological_Process_2023,0.6962007168458781,0.1717892323571148
Protein Secretion (GO:0009306),1/67,0.7843567059252654,0.8746089010317313,TVP23B,GO_Biological_Process_2023,0.6545051400927232,0.158973656731616
Negative Regulation Of Cellular Catabolic Process (GO:0031330),1/67,0.7843567059252654,0.8746089010317313,TREM2,GO_Biological_Process_2023,0.6545051400927232,0.158973656731616
Cholesterol Metabolic Process (GO:0008203),1/67,0.7843567059252654,0.8746089010317313,CYP27A1,GO_Biological_Process_2023,0.6545051400927232,0.158973656731616
Inflammatory Response (GO:0006954),4/236,0.7836494920830416,0.8746089010317313,CCL24;IL6;IL18;PF4,GO_Biological_Process_2023,0.7433805418719212,0.1812312958336142
Cytosolic Transport (GO:0016482),2/127,0.7850342972718957,0.8748455713522015,VPS29;BET1L,GO_Biological_Process_2023,0.6905955555555555,0.1671433722831134
Myosin Binding (GO:0017022),1/54,0.7094722155875001,0.8757953723552657,MYL2,GO_Molecular_Function_2023,0.8155880015060871,0.2799374861930001
Circadian Clock R-HSA-400253,1/69,0.7940258314677473,0.8779862668193217,PER1,Reactome_2022,0.6351897743576366,0.1464997153523785
Signaling By Receptor Tyrosine Kinases R-HSA-9006934,9/496,0.7925233181141184,0.8779862668193217,POLR2C;INSR;POLR2E;BRK1;POLR2H;ATP6V1E1;POLR2J;POLR2K;ATP6V1F,Reactome_2022,0.7951617912218818,0.1849016352445483
Diseases Associated With O-glycosylation Of Proteins R-HSA-3906995,1/69,0.7940258314677473,0.8779862668193217,NOTCH2,Reactome_2022,0.6351897743576366,0.1464997153523785
B Cell Differentiation (GO:0030183),1/68,0.7892465903747448,0.8790187143984125,DNAJB9,GO_Biological_Process_2023,0.6447033127047689,0.1525861053030362
Regulation Of Gene Expression (GO:0010468),22/1127,0.7909794767041948,0.8804271262308385,NOTCH2;RPL5;SEC16B;CNBP;INSR;CNPY2;TREM2;FOXO4;ATRAID;THAP1;CLK1;PER1;IL6;TYROBP;CLEC7A;ZNHIT3;TCEAL1;RPS3;PCGF1;ZSCAN26;PF4;LAMTOR5,GO_Biological_Process_2023,0.8539324423866147,0.2002328608299544
DNA-templated DNA Replication (GO:0006261),1/69,0.7940258314677473,0.8812093052888813,CHRAC1,GO_Biological_Process_2023,0.6351897743576366,0.1464997153523785
Regulation Of Heart Contraction (GO:0008016),1/69,0.7940258314677473,0.8812093052888813,CALM2,GO_Biological_Process_2023,0.6351897743576366,0.1464997153523785
Regulation Of Monoatomic Ion Transmembrane Transporter Activity (GO:0032412),1/69,0.7940258314677473,0.8812093052888813,CNIH4,GO_Biological_Process_2023,0.6351897743576366,0.1464997153523785
Regulation Of Endopeptidase Activity (GO:0052548),1/69,0.7940258314677473,0.8812093052888813,PSMA3,GO_Biological_Process_2023,0.6351897743576366,0.1464997153523785
Phospholipid Metabolic Process (GO:0006644),1/69,0.7940258314677473,0.8812093052888813,GPX4,GO_Biological_Process_2023,0.6351897743576366,0.1464997153523785
Negative Regulation Of Macromolecule Metabolic Process (GO:0010605),3/186,0.7949009688818196,0.8816600716801304,NOTCH2;TCEAL1;CNPY2,GO_Biological_Process_2023,0.7070356712548833,0.1622913697477887
Regulation Of G Protein-Coupled Receptor Signaling Pathway (GO:0008277),1/70,0.7986969273908466,0.8837847107091181,RGS2,GO_Biological_Process_2023,0.6259519907452039,0.1406975575506747
Sensory Organ Development (GO:0007423),1/70,0.7986969273908466,0.8837847107091181,SCO2,GO_Biological_Process_2023,0.6259519907452039,0.1406975575506747
Regulation Of Actin Filament-Based Process (GO:0032970),1/70,0.7986969273908466,0.8837847107091181,RAC3,GO_Biological_Process_2023,0.6259519907452039,0.1406975575506747
Negative Regulation Of Extrinsic Apoptotic Signaling Pathway (GO:2001237),1/70,0.7986969273908466,0.8837847107091181,PF4,GO_Biological_Process_2023,0.6259519907452039,0.1406975575506747
"Plasma Lipoprotein Assembly, Remodeling, And Clearance R-HSA-174824",1/71,0.8032623198904597,0.8855241237346634,SAR1B,Reactome_2022,0.6169781438074121,0.1351638350477574
Diseases Of Programmed Cell Death R-HSA-9645723,1/71,0.8032623198904597,0.8855241237346634,PRDX2,Reactome_2022,0.6169781438074121,0.1351638350477574
Lipid Biosynthetic Process (GO:0008610),1/71,0.8032623198904597,0.8861781734294064,CBR4,GO_Biological_Process_2023,0.6169781438074121,0.1351638350477574
Regulation Of Double-Strand Break Repair Via Homologous Recombination (GO:0010569),1/71,0.8032623198904597,0.8861781734294064,MAGEF1,GO_Biological_Process_2023,0.6169781438074121,0.1351638350477574
Regulation Of Hydrolase Activity (GO:0051336),1/71,0.8032623198904597,0.8861781734294064,ITGB1BP1,GO_Biological_Process_2023,0.6169781438074121,0.1351638350477574
Cell-Cell Junction Assembly (GO:0007043),1/71,0.8032623198904597,0.8861781734294064,CD9,GO_Biological_Process_2023,0.6169781438074121,0.1351638350477574
Negative Regulation Of Cellular Response To Growth Factor Stimulus (GO:0090288),1/71,0.8032623198904597,0.8861781734294064,PDCD6,GO_Biological_Process_2023,0.6169781438074121,0.1351638350477574
Defense Response To Virus (GO:0051607),3/189,0.8036881838814565,0.8861781734294064,BNIP3L;IL6;RNASE6,GO_Biological_Process_2023,0.695524103743085,0.1520025613198963
Intracellular Monoatomic Cation Homeostasis (GO:0030003),3/190,0.8065462361128848,0.8880244818656936,COX19;CCDC115;B2M,GO_Biological_Process_2023,0.6917689934852256,0.148726220147138
Positive Regulation Of Protein Localization To Nucleus (GO:1900182),1/72,0.8077243957395405,0.8880244818656936,LAMTOR5,GO_Biological_Process_2023,0.6082570812904031,0.1298837944936246
Second-Messenger-Mediated Signaling (GO:0019932),1/72,0.8077243957395405,0.8880244818656936,POMC,GO_Biological_Process_2023,0.6082570812904031,0.1298837944936246
Protein Targeting To Membrane (GO:0006612),1/72,0.8077243957395405,0.8880244818656936,SRP14,GO_Biological_Process_2023,0.6082570812904031,0.1298837944936246
Cellular Response To Hypoxia (GO:0071456),1/72,0.8077243957395405,0.8880244818656936,BNIP3L,GO_Biological_Process_2023,0.6082570812904031,0.1298837944936246
Protein Serine/Threonine Kinase Activator Activity (GO:0043539),1/56,0.7224906879404012,0.8886108096201284,CALM2,GO_Molecular_Function_2023,0.7858496270913122,0.2554410088991282
Diseases Of Metabolism R-HSA-5668914,4/247,0.8123909996198777,0.8905613205209542,CYP27A1;NOTCH2;POMC;HEXB,Reactome_2022,0.7093253968253969,0.1473790402634834
Activation Of NMDA Receptors And Postsynaptic Events R-HSA-442755,1/74,0.8163478771442081,0.8905613205209542,CAMK1,Reactome_2022,0.5915317559153176,0.1200304857379086
Formation Of Cornified Envelope R-HSA-6809371,1/74,0.8163478771442081,0.8905613205209542,KLK8,Reactome_2022,0.5915317559153176,0.1200304857379086
"Cell Death Signaling Via NRAGE, NRIF And NADE R-HSA-204998",1/74,0.8163478771442081,0.8905613205209542,SQSTM1,Reactome_2022,0.5915317559153176,0.1200304857379086
RHOG GTPase Cycle R-HSA-9013408,1/74,0.8163478771442081,0.8905613205209542,STBD1,Reactome_2022,0.5915317559153176,0.1200304857379086
Transport Of Mature mRNA Derived From An Intron-Containing Transcript R-HSA-159236,1/74,0.8163478771442081,0.8905613205209542,THOC7,Reactome_2022,0.5915317559153176,0.1200304857379086
Cell Surface Interactions At Vascular Wall R-HSA-202733,2/134,0.8094266690318367,0.8905613205209542,FCER1G;PF4,Reactome_2022,0.6537373737373737,0.1382191032227177
Cellular Response To Decreased Oxygen Levels (GO:0036294),1/73,0.8120854880351774,0.8912555268570541,BNIP3L,GO_Biological_Process_2023,0.5997782705099778,0.1248436451996156
Ubiquitin-Dependent ERAD Pathway (GO:0030433),1/73,0.8120854880351774,0.8912555268570541,DNAJB9,GO_Biological_Process_2023,0.5997782705099778,0.1248436451996156
DNA Replication (GO:0006260),1/73,0.8120854880351774,0.8912555268570541,CHRAC1,GO_Biological_Process_2023,0.5997782705099778,0.1248436451996156
Cellular Response To Metal Ion (GO:0071248),2/135,0.8127028592909029,0.8914127044731025,SUMO1;B2M,GO_Biological_Process_2023,0.6487886382623225,0.1345520959539671
Platelet Mediated Interactions With Vascular And Circulating Cells WP4462,1/17,0.3221061398204446,0.8942042380410056,PF4,WikiPathway_2023_Human,2.706762749445676,3.066421578753248
Cells And Molecules Involved In Local Acute Inflammatory Response WP4493,1/17,0.3221061398204446,0.8942042380410056,IL6,WikiPathway_2023_Human,2.706762749445676,3.066421578753248
Serotonin And Anxiety WP3947,1/17,0.3221061398204446,0.8942042380410056,POMC,WikiPathway_2023_Human,2.706762749445676,3.066421578753248
Degradation Pathway Of Sphingolipids Including Diseases WP4153,1/17,0.3221061398204446,0.8942042380410056,HEXB,WikiPathway_2023_Human,2.706762749445676,3.066421578753248
Leptin Insulin Signaling Overlap WP3935,1/17,0.3221061398204446,0.8942042380410056,INSR,WikiPathway_2023_Human,2.706762749445676,3.066421578753248
Vitamin D In Inflammatory Diseases WP4482,1/22,0.3953894606992335,0.8942042380410056,IL6,WikiPathway_2023_Human,2.061767500791891,1.913081123914626
NAD Metabolism In Oncogene Induced Senescence And Mitochondrial Dysfunction Associated Senescence WP5046,1/22,0.3953894606992335,0.8942042380410056,IL6,WikiPathway_2023_Human,2.061767500791891,1.913081123914626
Fatty Acid Biosynthesis WP357,1/22,0.3953894606992335,0.8942042380410056,PECR,WikiPathway_2023_Human,2.061767500791891,1.913081123914626
Acute Viral Myocarditis WP4298,3/84,0.2954473959207623,0.8942042380410056,IL6;CHRAC1;RAC3,WikiPathway_2023_Human,1.6057906458797326,1.95788348908393
Omega 3 Omega 6 Fatty Acid Synthesis WP4723,1/15,0.2903690032661203,0.8942042380410056,ACOT2,WikiPathway_2023_Human,3.0937598986379475,3.825751966916572
Metabolism Of Sphingolipids In ER And Golgi Apparatus WP4142,1/21,0.3813943019913599,0.8942042380410056,B3GALNT1,WikiPathway_2023_Human,2.1649667405764967,2.086858043549189
Sulfation Biotransformation Reaction WP692,1/16,0.3064186765053858,0.8942042380410056,SULT1A1,WikiPathway_2023_Human,2.887361419068736,3.415179426102039
Biosynthesis And Regeneration Of Tetrahydrobiopterin And Catabolism Of Phenylalanine WP4156,1/15,0.2903690032661203,0.8942042380410056,PTS,WikiPathway_2023_Human,3.0937598986379475,3.825751966916572
OSX And miRNAs In Tooth Development WP3971,1/15,0.2903690032661203,0.8942042380410056,NOTCH2,WikiPathway_2023_Human,3.0937598986379475,3.825751966916572
FOXP3 In COVID 19 WP5063,1/15,0.2903690032661203,0.8942042380410056,IL6,WikiPathway_2023_Human,3.0937598986379475,3.825751966916572
Iron Sulfur Cluster Biogenesis WP5152,1/15,0.2903690032661203,0.8942042380410056,LYRM4,WikiPathway_2023_Human,3.0937598986379475,3.825751966916572
PPAR Alpha Pathway WP2878,1/26,0.4482810821729101,0.8942042380410056,ACADM,WikiPathway_2023_Human,1.731529933481153,1.389266770915738
Physico Chemical Features And Toxicity Associated Pathways WP3680,2/66,0.441505899573736,0.8942042380410056,TMSB4X;CAMK1,WikiPathway_2023_Human,1.3530555555555557,1.1062093721261492
2Q37 Copy Number Variation Syndrome WP5224,4/135,0.3643342761783494,0.8942042380410056,GABARAPL2;GABARAPL1;MAP1LC3B;RAMP1,WikiPathway_2023_Human,1.3234051254089425,1.3362203078418835
11P11 2 Copy Number Variation Syndrome WP5348,2/56,0.3621414386634021,0.8942042380410056,ALKBH3;CD53,WikiPathway_2023_Human,1.6044444444444443,1.6296669992984565
1P36 Copy Number Variation Syndrome WP5345,3/94,0.3573915921681185,0.8942042380410056,SSU72;COMMD1;FAAP20,WikiPathway_2023_Human,1.4285959029834308,1.4699154701829251
LTF Danger Signal Response Pathway WP4478,1/19,0.3524268799934312,0.8942042380410056,IL6,WikiPathway_2023_Human,2.4057649667405765,2.509001419767876
Extracellular Vesicles In The Crosstalk Of Cardiac Cells WP4300,1/19,0.3524268799934312,0.8942042380410056,IL6,WikiPathway_2023_Human,2.4057649667405765,2.509001419767876
Growth Factors And Hormones In Beta Cell Proliferation WP5385,1/26,0.4482810821729101,0.8942042380410056,INSR,WikiPathway_2023_Human,1.731529933481153,1.389266770915738
Apoptosis Related Network Due To Altered Notch3 In Ovarian Cancer WP2864,2/53,0.3374702806479745,0.8942042380410056,RNF7;SQSTM1,WikiPathway_2023_Human,1.6990849673202617,1.8456783310928548
MFAP5 Effect On Permeability And Motility Of Endothelial Cells Via Cytoskeleton Rearrangement WP4560,1/18,0.337439549883382,0.8942042380410056,MYL2,WikiPathway_2023_Human,2.547410982131212,2.76742805674558
AGE RAGE Pathway WP2324,2/66,0.441505899573736,0.8942042380410056,INSR;FOXO4,WikiPathway_2023_Human,1.3530555555555557,1.1062093721261492
Hematopoietic Stem Cell Differentiation WP2849,2/54,0.3457289072668368,0.8942042380410056,GP9;IL6,WikiPathway_2023_Human,1.6663247863247863,1.7698040821708847
TCA Cycle Aka Krebs Or Citric Acid Cycle WP78,1/18,0.337439549883382,0.8942042380410056,IDH3G,WikiPathway_2023_Human,2.547410982131212,2.76742805674558
Estrogen Metabolism WP697,1/18,0.337439549883382,0.8942042380410056,SULT1A1,WikiPathway_2023_Human,2.547410982131212,2.76742805674558
Glycosaminoglycan Degradation WP4815,1/17,0.3221061398204446,0.8942042380410056,HEXB,WikiPathway_2023_Human,2.706762749445676,3.066421578753248
Nephrogenesis WP5052,1/18,0.337439549883382,0.8942042380410056,NOTCH2,WikiPathway_2023_Human,2.547410982131212,2.76742805674558
Hypertrophy Model WP516,1/20,0.3670759243263146,0.8942042380410056,IL18,WikiPathway_2023_Human,2.2790290582331663,2.284012324032437
Nanomaterial Induced Apoptosis WP2507,1/20,0.3670759243263146,0.8942042380410056,DIABLO,WikiPathway_2023_Human,2.2790290582331663,2.284012324032437
Leucine Isoleucine And Valine Metabolism WP4686,1/23,0.4090686808997726,0.8942042380410056,HSD17B10,WikiPathway_2023_Human,1.9679500100786127,1.7590958307332074
NRF2 ARE Regulation WP4357,1/23,0.4090686808997726,0.8942042380410056,INSR,WikiPathway_2023_Human,1.9679500100786127,1.7590958307332074
Tamoxifen Metabolism WP691,1/23,0.4090686808997726,0.8942042380410056,SULT1A1,WikiPathway_2023_Human,1.9679500100786127,1.7590958307332074
Roles Of Ceramides In Development Of Insulin Resistance WP5181,1/23,0.4090686808997726,0.8942042380410056,INSR,WikiPathway_2023_Human,1.9679500100786127,1.7590958307332074
Modulators Of TCR Signaling And T Cell Activation WP5072,2/61,0.4024462870738195,0.8942042380410056,DGKA;RNF7,WikiPathway_2023_Human,1.4680979284369116,1.336253396321528
GPR143 In Melanocytes And Retinal Pigment Epithelium Cells WP4941,1/30,0.4965550448391827,0.8942042380410056,POMC,WikiPathway_2023_Human,1.4923923847388945,1.044765609595606
Matrix Metalloproteinases WP129,1/30,0.4965550448391827,0.8942042380410056,TCF20,WikiPathway_2023_Human,1.4923923847388945,1.044765609595606
Cholesterol Metabolism WP5304,2/72,0.4864543558665715,0.8942042380410056,CYP27A1;SAR1B,WikiPathway_2023_Human,1.2366984126984126,0.8911799678728504
Disorders Of Bile Acid Synthesis And Biliary Transport WP5176,1/29,0.4848968352380255,0.8942042380410056,CYP27A1,WikiPathway_2023_Human,1.5457713018688628,1.1188588257899288
7Q11 23 Distal Copy Number Variation WP5401,1/21,0.3813943019913599,0.8942042380410056,PTPMT1,WikiPathway_2023_Human,2.1649667405764967,2.086858043549189
Type II Diabetes Mellitus WP1584,1/21,0.3813943019913599,0.8942042380410056,INSR,WikiPathway_2023_Human,2.1649667405764967,2.086858043549189
Pathogenesis Of SARS CoV 2 Mediated By Nsp9 Nsp10 Complex WP4884,1/21,0.3813943019913599,0.8942042380410056,IL6,WikiPathway_2023_Human,2.1649667405764967,2.086858043549189
Network Map Of SARS CoV 2 Signaling Pathway WP5115,6/218,0.3709458218326675,0.8942042380410056,GABARAPL2;MAP1LC3B;CD163;IL6;IL18;PF4,WikiPathway_2023_Human,1.227007361028852,1.2168222917438851
Proximal Tubule Transport WP4917,2/57,0.3702901247163637,0.8942042380410056,ATP6V1E1;ATP6V1F,WikiPathway_2023_Human,1.5751919191919193,1.5649034897717822
Fluoropyrimidine Activity WP1601,1/33,0.529973546370943,0.8942042380410056,GGH,WikiPathway_2023_Human,1.3522727272727273,0.858596069960524
PI3K AKT mTOR Signaling Pathway And Therapeutic Opportunities In Prostate Cancer WP3844,1/32,0.5190875339597911,0.8942042380410056,FOXO4,WikiPathway_2023_Human,1.395965953794435,0.9153107971033396
Intracellular Trafficking Proteins Involved In CMT Neuropathy WP4856,1/27,0.4607661345434268,0.8942042380410056,RABAC1,WikiPathway_2023_Human,1.664847347774177,1.290031382484892
Melanoma WP4685,2/68,0.4567339075913951,0.8942042380410056,LAMTOR3;CALM2,WikiPathway_2023_Human,1.311919191919192,1.0280911379961395
Trans Sulfuration One Carbon Metabolism And Related Pathways WP2525,2/68,0.4567339075913951,0.8942042380410056,GPX4;MAT2B,WikiPathway_2023_Human,1.311919191919192,1.0280911379961395
PPAR Signaling Pathway WP3942,2/67,0.4491495846790334,0.8942042380410056,CYP27A1;ACADM,WikiPathway_2023_Human,1.33217094017094,1.0662686826504266
5Q35 Copy Number Variation WP5380,3/109,0.4484444315751554,0.8942042380410056,COX7B;COX4I1;TRIAP1,WikiPathway_2023_Human,1.2254906080598396,0.9828073200323282
MAPK Cascade WP422,1/33,0.529973546370943,0.8942042380410056,LAMTOR3,WikiPathway_2023_Human,1.3522727272727273,0.858596069960524
MTHFR Deficiency WP4288,1/24,0.4224390794026658,0.8942042380410056,HNMT,WikiPathway_2023_Human,1.882290562036055,1.6219886629757825
Estrogen Metabolism WP5276,1/24,0.4224390794026658,0.8942042380410056,HSD17B10,WikiPathway_2023_Human,1.882290562036055,1.6219886629757825
2Q11 2 Copy Number Variation Syndrome WP5221,1/32,0.5190875339597911,0.8942042380410056,ITPRIPL1,WikiPathway_2023_Human,1.395965953794435,0.9153107971033396
SARS CoV 2 Innate Immunity Evasion And Cell Specific Immune Response WP5039,2/66,0.441505899573736,0.8942042380410056,IL6;PF4,WikiPathway_2023_Human,1.3530555555555557,1.1062093721261492
LDL Influence On CD14 And TLR4 WP5272,1/24,0.4224390794026658,0.8942042380410056,IL6,WikiPathway_2023_Human,1.882290562036055,1.6219886629757825
IL1 And Megakaryocytes In Obesity WP2865,1/24,0.4224390794026658,0.8942042380410056,IL18,WikiPathway_2023_Human,1.882290562036055,1.6219886629757825
Nuclear Receptors Meta Pathway WP2882,8/314,0.4158893863819385,0.8942042380410056,SULT1A1;CDKN1C;SRGN;RGS2;MGST3;ACADM;DNAJC15;SQSTM1,WikiPathway_2023_Human,1.133015368309486,0.9940351170112088
Oxidation By Cytochrome P450 WP43,2/63,0.4182322629775563,0.8942042380410056,CYP27A1;CYB5A,WikiPathway_2023_Human,1.4198178506375227,1.2376812708197162
Genes Targeted By miRNAs In Adipocytes WP1992,1/13,0.2571494589092296,0.8942042380410056,TMSB4X,WikiPathway_2023_Human,3.609756097560976,4.902401854149645
Calcium Regulation In Cardiac Cells WP536,5/151,0.2564588831696653,0.8942042380410056,RGS2;RGS1;RGS10;CAMK1;CALM2,WikiPathway_2023_Human,1.486469921240538,2.0227688358373577
16P11 2 Distal Deletion Syndrome WP4950,1/31,0.5079499666536046,0.8942042380410056,INSR,WikiPathway_2023_Human,1.4425720620842573,0.9771583946941652
Disturbed Pathways In Duchenne Muscular Dystrophy WP5356,2/74,0.5009304851103743,0.8942042380410056,IL6;TOMM20,WikiPathway_2023_Human,1.2022222222222223,0.8310817231805295
Burn Wound Healing WP5055,2/74,0.5009304851103743,0.8942042380410056,IL6;IL15,WikiPathway_2023_Human,1.2022222222222223,0.8310817231805295
Dopaminergic Neurogenesis WP2855,1/30,0.4965550448391827,0.8942042380410056,CDKN1C,WikiPathway_2023_Human,1.4923923847388945,1.044765609595606
Glycerophospholipid Biosynthetic Pathway WP2533,1/30,0.4965550448391827,0.8942042380410056,PTPMT1,WikiPathway_2023_Human,1.4923923847388945,1.044765609595606
Leukocyte Intrinsic Hippo Pathway Functions WP4542,1/34,0.5406136733254445,0.8942042380410056,FOXO4,WikiPathway_2023_Human,1.311227575085668,0.8064709823818986
JAK STAT Signaling In The Regulation Of Beta Cells WP5358,1/34,0.5406136733254445,0.8942042380410056,IL6,WikiPathway_2023_Human,1.311227575085668,0.8064709823818986
Fatty Acid Beta Oxidation WP143,1/34,0.5406136733254445,0.8942042380410056,ACADM,WikiPathway_2023_Human,1.311227575085668,0.8064709823818986
Primary Ovarian Insufficiency WP5316,4/170,0.537738492294431,0.8942042380410056,NOTCH2;IL6;MRPS22;POLR2C,WikiPathway_2023_Human,1.0424913941480207,0.6467438455799647
One Carbon Metabolism WP241,1/29,0.4848968352380255,0.8942042380410056,MAT2B,WikiPathway_2023_Human,1.5457713018688628,1.1188588257899288
Parkin Ubiquitin Proteasomal System Pathway WP2359,2/71,0.4791188854941966,0.8942042380410056,PSMD10;TUBB2A,WikiPathway_2023_Human,1.2546859903381642,0.9232061287056872
Eicosanoid Metabolism Via Lipooxygenases LOX WP4721,1/28,0.4729692682017358,0.8942042380410056,HPGD,WikiPathway_2023_Human,1.6031042128603104,1.200283984858342
Th17 Cell Differentiation Pathway WP5130,2/69,0.4642576441814646,0.8942042380410056,PER1;IL6,WikiPathway_2023_Human,1.2922719734660033,0.9915804617767048
TLR4 Signaling And Tolerance WP3851,1/27,0.4607661345434268,0.8942042380410056,IL6,WikiPathway_2023_Human,1.664847347774177,1.290031382484892
Canonical And Non Canonical Notch Signaling WP3845,1/27,0.4607661345434268,0.8942042380410056,NOTCH2,WikiPathway_2023_Human,1.664847347774177,1.290031382484892
Photodynamic Therapy Induced Unfolded Protein Response WP3613,1/27,0.4607661345434268,0.8942042380410056,DNAJB9,WikiPathway_2023_Human,1.664847347774177,1.290031382484892
Chemokine Signaling Pathway WP3929,4/165,0.5142263608303057,0.8942042380410056,CCL24;GNG10;GNGT2;PF4,WikiPathway_2023_Human,1.0751441881100263,0.7150694970493852
Eicosanoid Metabolism Via Cyclooxygenases COX WP4719,1/31,0.5079499666536046,0.8942042380410056,HPGD,WikiPathway_2023_Human,1.4425720620842573,0.9771583946941652
Mitochondrial Immune Response To SARS CoV 2 WP5038,1/32,0.5190875339597911,0.8942042380410056,NDUFB9,WikiPathway_2023_Human,1.395965953794435,0.9153107971033396
Regucalcin In Proximal Tubule Epithelial Kidney Cells WP4838,1/32,0.5190875339597911,0.8942042380410056,SEC16B,WikiPathway_2023_Human,1.395965953794435,0.9153107971033396
Endothelin Pathways WP2197,1/32,0.5190875339597911,0.8942042380410056,RAMP1,WikiPathway_2023_Human,1.395965953794435,0.9153107971033396
TP53 Network WP1742,1/19,0.3524268799934312,0.8942042380410056,SUMO1,WikiPathway_2023_Human,2.4057649667405765,2.509001419767876
Overview Of Nanoparticle Effects WP3287,1/19,0.3524268799934312,0.8942042380410056,IL6,WikiPathway_2023_Human,2.4057649667405765,2.509001419767876
Prostaglandin Synthesis And Regulation WP98,2/45,0.2705477373297945,0.8942042380410056,HPGD;S100A10,WikiPathway_2023_Human,2.0160206718346254,2.6355573682230937
Omega 9 Fatty Acid Synthesis WP4724,1/14,0.2739487760453591,0.8942042380410056,ACOT2,WikiPathway_2023_Human,3.331911990448576,4.314206754505804
T Cell Modulation In Pancreatic Cancer WP5078,2/46,0.2789637960207963,0.8942042380410056,IL6;B2M,WikiPathway_2023_Human,1.97010101010101,2.5151752967216146
Cholesterol Metabolism With Bloch And Kandutsch Russell Pathways WP4718,2/47,0.287372862730716,0.8942042380410056,CYP27A1;ACOT2,WikiPathway_2023_Human,1.9262222222222225,2.401950441524157
COVID 19 Adverse Outcome Pathway WP4891,1/15,0.2903690032661203,0.8942042380410056,IL6,WikiPathway_2023_Human,3.0937598986379475,3.825751966916572
Antiviral And Anti Inflammatory Effects Of Nrf2 On SARS CoV 2 Pathway WP5113,1/31,0.5079499666536046,0.8942042380410056,IL6,WikiPathway_2023_Human,1.4425720620842573,0.9771583946941652
Constitutive Androstane Receptor Pathway WP2875,1/31,0.5079499666536046,0.8942042380410056,SULT1A1,WikiPathway_2023_Human,1.4425720620842573,0.9771583946941652
NOTCH1 Regulation Of Endothelial Cell Calcification WP3413,1/17,0.3221061398204446,0.8942042380410056,SAT1,WikiPathway_2023_Human,2.706762749445676,3.066421578753248
Valproic Acid Pathway WP3871,1/12,0.2399623198560257,0.8942042380410056,HSD17B10,WikiPathway_2023_Human,3.938117315057448,5.620769966069832
FBXL10 Enhancement Of MAP ERK Signaling In Diffuse Large B Cell Lymphoma WP4553,1/33,0.529973546370943,0.8942042380410056,PCGF1,WikiPathway_2023_Human,1.3522727272727273,0.858596069960524
Signal Transduction Through IL1R WP4496,1/33,0.529973546370943,0.8942042380410056,IL6,WikiPathway_2023_Human,1.3522727272727273,0.858596069960524
Resistin As A Regulator Of Inflammation WP4481,1/33,0.529973546370943,0.8942042380410056,IL6,WikiPathway_2023_Human,1.3522727272727273,0.858596069960524
Inflammatory Bowel Disease Signaling WP5198,2/42,0.2453002278261921,0.8942042380410056,IL6;IL18,WikiPathway_2023_Human,2.1675555555555555,3.0460059954185126
Fibrin Complement Receptor 3 Signaling Pathway WP4136,2/42,0.2453002278261921,0.8942042380410056,IL6;TYROBP,WikiPathway_2023_Human,2.1675555555555555,3.0460059954185126
Cholesterol Biosynthesis Pathway In Hepatocytes WP5329,2/43,0.253711493316693,0.8942042380410056,CYP27A1;ACOT2,WikiPathway_2023_Human,2.114579945799458,2.9002680064623823
ACE Inhibitor Pathway WP554,1/17,0.3221061398204446,0.8942042380410056,ATP6AP2,WikiPathway_2023_Human,2.706762749445676,3.066421578753248
Host Pathogen Interaction Of Human Coronaviruses Autophagy WP4863,1/19,0.3524268799934312,0.8942042380410056,ATG12,WikiPathway_2023_Human,2.4057649667405765,2.509001419767876
Glutathione Metabolism WP100,1/19,0.3524268799934312,0.8942042380410056,GPX4,WikiPathway_2023_Human,2.4057649667405765,2.509001419767876
Methionine Metabolism Leading To Sulfur Amino Acids And Related Disorders WP4292,1/13,0.2571494589092296,0.8942042380410056,MAT2B,WikiPathway_2023_Human,3.609756097560976,4.902401854149645
Male Steroid Hormones In Cardiomyocyte Energy Metabolism WP5320,1/13,0.2571494589092296,0.8942042380410056,SULT1A1,WikiPathway_2023_Human,3.609756097560976,4.902401854149645
Female Steroid Hormones In Cardiomyocyte Energy Metabolism WP5318,1/13,0.2571494589092296,0.8942042380410056,ACADM,WikiPathway_2023_Human,3.609756097560976,4.902401854149645
Ganglio Series Sphingolipid Metabolism WP5299,1/13,0.2571494589092296,0.8942042380410056,HEXB,WikiPathway_2023_Human,3.609756097560976,4.902401854149645
Vitamin K Metabolism And Activation Of Dependent Proteins WP5186,1/13,0.2571494589092296,0.8942042380410056,VKORC1,WikiPathway_2023_Human,3.609756097560976,4.902401854149645
IL 10 Anti Inflammatory Signaling Pathway WP4495,1/12,0.2399623198560257,0.8942042380410056,IL6,WikiPathway_2023_Human,3.938117315057448,5.620769966069832
Ferroptosis WP4313,3/64,0.1760129701781348,0.8942042380410056,MAP1LC3B;GPX4;SAT1,WikiPathway_2023_Human,2.1344700427178798,3.707996219398851
15Q25 Copy Number Variation WP5408,2/45,0.2705477373297945,0.8942042380410056,SPCS1;SEC11A,WikiPathway_2023_Human,2.0160206718346254,2.6355573682230937
Renin Angiotensin Aldosterone System RAAS WP4756,2/44,0.2621288501616047,0.8942042380410056,CAMK1;CALM2,WikiPathway_2023_Human,2.0641269841269843,2.7636990471805407
Folate Metabolism WP176,3/68,0.198866831756232,0.8942042380410056,IL6;GPX4;INSR,WikiPathway_2023_Human,2.002706869967449,3.2346116502933726
Altered Glycosylation Of MUC1 In Tumor Microenvironment WP4480,1/9,0.1859836132615545,0.8942042380410056,IL6,WikiPathway_2023_Human,5.415742793791575,9.109803135070925
Macrophage Markers WP4146,1/9,0.1859836132615545,0.8942042380410056,CD163,WikiPathway_2023_Human,5.415742793791575,9.109803135070925
Genetic Causes Of Porto Sinusoidal Vascular Disease WP5269,2/37,0.2035099551935874,0.8942042380410056,DGUOK;CHCHD2,WikiPathway_2023_Human,2.47784126984127,3.944823295926852
Melatonin Metabolism And Effects WP3298,2/37,0.2035099551935874,0.8942042380410056,SULT1A1;PER1,WikiPathway_2023_Human,2.47784126984127,3.944823295926852
Vitamin D Metabolism WP1531,1/10,0.204388639977025,0.8942042380410056,CYP27A1,WikiPathway_2023_Human,4.813747228381375,7.642940512529682
Trans Sulfuration Pathway WP2333,1/10,0.204388639977025,0.8942042380410056,MAT2B,WikiPathway_2023_Human,4.813747228381375,7.642940512529682
Interleukin 1 Induced Activation Of NF kB WP3656,1/10,0.204388639977025,0.8942042380410056,SQSTM1,WikiPathway_2023_Human,4.813747228381375,7.642940512529682
Alternative Pathway Of Fetal Androgen Synthesis WP4524,1/11,0.2223784262078615,0.8942042380410056,CYB5A,WikiPathway_2023_Human,4.332150776053215,6.512845984951964
Metapathway Biotransformation Phase I And II WP702,6/184,0.2378607555164069,0.8942042380410056,CYP27A1;SULT1A1;GPX4;NAA20;MGST3;HNMT,WikiPathway_2023_Human,1.4639492114677282,2.102333306046477
Classical Pathway Of Steroidogenesis With Glucocorticoid And Mineralocorticoid Metabolism WP4523,1/16,0.3064186765053858,0.8942042380410056,CYB5A,WikiPathway_2023_Human,2.887361419068736,3.415179426102039
Vitamin B12 Metabolism WP1533,2/50,0.3125192705158425,0.8942042380410056,IL6;INSR,WikiPathway_2023_Human,1.805555555555556,2.100022069268198
Ketogenesis And Ketolysis WP4742,1/8,0.1671537834175771,0.8942042380410056,UCP2,WikiPathway_2023_Human,6.189737092176117,11.07245568473065
Serine Metabolism WP4688,1/8,0.1671537834175771,0.8942042380410056,SRR,WikiPathway_2023_Human,6.189737092176117,11.07245568473065
Prostaglandin Signaling WP5088,2/33,0.1707349479941369,0.8942042380410056,IL6;KLRD1,WikiPathway_2023_Human,2.7981362007168458,4.946105691179396
Overview Of Proinflammatory And Profibrotic Mediators WP5095,5/129,0.1680996764984074,0.8942042380410056,CCL24;IL6;IL15;IL18;PF4,WikiPathway_2023_Human,1.752183012196002,3.124489528637873
RalA Downstream Regulated Genes WP2290,1/12,0.2399623198560257,0.8942042380410056,RAC3,WikiPathway_2023_Human,3.938117315057448,5.620769966069832
Ras Signaling WP4223,6/184,0.2378607555164069,0.8942042380410056,GNG10;GNGT2;INSR;RAC3;FOXO4;CALM2,WikiPathway_2023_Human,1.4639492114677282,2.102333306046477
Insulin Signaling In Adipocytes Diabetic Condition WP3635,1/8,0.1671537834175771,0.8942042380410056,INSR,WikiPathway_2023_Human,6.189737092176117,11.07245568473065
Insulin Signaling In Adipocytes Normal Condition WP3634,1/8,0.1671537834175771,0.8942042380410056,INSR,WikiPathway_2023_Human,6.189737092176117,11.07245568473065
Mir 124 Predicted Interactions With Cell Cycle And Differentiation WP3595,1/6,0.1281803606254961,0.8942042380410056,CTDSP1,WikiPathway_2023_Human,8.666518847006651,17.80377647372595
Cellular Proteostasis WP4918,1/6,0.1281803606254961,0.8942042380410056,VBP1,WikiPathway_2023_Human,8.666518847006651,17.80377647372595
Linoleic Acid Metabolism Affected By SARS CoV 2 WP4853,1/6,0.1281803606254961,0.8942042380410056,ACOT2,WikiPathway_2023_Human,8.666518847006651,17.80377647372595
Cytokines And Inflammatory Response WP530,2/26,0.1161707738249227,0.8942042380410056,IL6;IL15,WikiPathway_2023_Human,3.6155555555555554,7.783184687247571
PtdIns 4 5 P2 In Cytokinesis Pathway WP5199,1/12,0.2399623198560257,0.8942042380410056,MYL2,WikiPathway_2023_Human,3.938117315057448,5.620769966069832
Octadecanoid Formation From Linoleic Acid WP5324,1/12,0.2399623198560257,0.8942042380410056,GPX4,WikiPathway_2023_Human,3.938117315057448,5.620769966069832
Oxysterols Derived From Cholesterol WP4545,3/51,0.10811217607897,0.8942042380410056,CYP27A1;ACOT2;ACOT13,WikiPathway_2023_Human,2.714365256124722,6.038338740017425
Mitochondrial Beta Oxidation WP5241,1/9,0.1859836132615545,0.8942042380410056,HSD17B10,WikiPathway_2023_Human,5.415742793791575,9.109803135070925
Peroxiredoxin 2 Induced Ovarian Failure WP4873,1/8,0.1671537834175771,0.8942042380410056,PRDX2,WikiPathway_2023_Human,6.189737092176117,11.07245568473065
Autophagy WP4923,2/30,0.1468086015917311,0.8942042380410056,MAP1LC3B;ATG12,WikiPathway_2023_Human,3.0984126984126985,5.944693831350787
Selenium Micronutrient Network WP15,4/86,0.1303028544685933,0.8942042380410056,PRDX2;IL6;GPX4;INSR,WikiPathway_2023_Human,2.11955574912892,4.3194297068382905
Arylamine Metabolism WP694,1/6,0.1281803606254961,0.8942042380410056,SULT1A1,WikiPathway_2023_Human,8.666518847006651,17.80377647372595
Notch Signaling WP268,2/44,0.2621288501616047,0.8942042380410056,NOTCH2;MFNG,WikiPathway_2023_Human,2.0641269841269843,2.7636990471805407
ncRNAs Involved In STAT3 Signaling In Hepatocellular Carcinoma WP4337,1/13,0.2571494589092296,0.8942042380410056,IL6,WikiPathway_2023_Human,3.609756097560976,4.902401854149645
SARS CoV 2 Mitochondrial Chronic Oxidative Stress And Endothelial Dysfunction WP5183,2/26,0.1161707738249227,0.8942042380410056,IL6;IL18,WikiPathway_2023_Human,3.6155555555555554,7.783184687247571
Import Into Nucleus (GO:0051170),1/74,0.8163478771442081,0.8948886350035633,RPAIN,GO_Biological_Process_2023,0.5915317559153176,0.1200304857379086
Receptor Ligand Activity (GO:0048018),6/319,0.7303874168845003,0.8950565799639147,POMC;CCL24;IL6;IL15;IL18;S100A4,GO_Molecular_Function_2023,0.8267310419920056,0.2597425055628312
Protein Modification Process (GO:0036211),13/711,0.8191518474429902,0.8952791232602547,TAF13;PDCD6;INSR;RNF7;ATG12;FAM220A;DUSP12;CTDSP1;STK17B;SENP8;ST3GAL6;CAMK1;HCST,GO_Biological_Process_2023,0.7997141197433605,0.1595316160675283
Nucleosome Organization (GO:0034728),1/75,0.8205137922220312,0.8952791232602547,CHRAC1,GO_Biological_Process_2023,0.583508120093486,0.1154322365654353
Negative Regulation Of Cellular Biosynthetic Process (GO:0031327),2/137,0.8191048746577024,0.8952791232602547,RPS3;PAIP2,GO_Biological_Process_2023,0.6391111111111111,0.1275302451048419
Regulation Of DNA Replication (GO:0006275),1/75,0.8205137922220312,0.8952791232602547,CHRAC1,GO_Biological_Process_2023,0.583508120093486,0.1154322365654353
Regulation Of Fat Cell Differentiation (GO:0045598),1/75,0.8205137922220312,0.8952791232602547,IL6,GO_Biological_Process_2023,0.583508120093486,0.1154322365654353
Regulation Of Plasma Membrane Bounded Cell Projection Assembly (GO:0120032),1/75,0.8205137922220312,0.8952791232602547,TWF1,GO_Biological_Process_2023,0.583508120093486,0.1154322365654353
Regulation Of Programmed Cell Death (GO:0043067),3/195,0.8203160148463318,0.8952791232602547,PRDX2;BNIP3L;RPS3,GO_Biological_Process_2023,0.6735801781737194,0.1334130816761003
Protein Localization To Organelle (GO:0033365),2/137,0.8191048746577024,0.8952791232602547,GABARAPL2;BBS9,GO_Biological_Process_2023,0.6391111111111111,0.1275302451048419
Muscle Contraction R-HSA-397014,3/196,0.8229678040102667,0.896447072225469,MYL6;KCNE3;MYL2,Reactome_2022,0.6700555061910751,0.1305524082904376
SUMOylation Of DNA Damage Response And Repair Proteins R-HSA-3108214,1/76,0.8245854120957921,0.8968744749689743,SUMO1,Reactome_2022,0.5756984478935698,0.1110375789300249
Nuclease Activity (GO:0004518),1/58,0.7349270349335739,0.8973565607703421,RNASE6,GO_Molecular_Function_2023,0.7581981561442409,0.2335129440606207
Sterol Binding (GO:0032934),1/59,0.7409350743399731,0.8981838850811904,STARD3NL,GO_Molecular_Function_2023,0.7450875449193364,0.2234087456598227
Receptor Tyrosine Kinase Binding (GO:0030971),1/59,0.7409350743399731,0.8981838850811904,SQSTM1,GO_Molecular_Function_2023,0.7450875449193364,0.2234087456598227
Wnt Signaling Pathway (GO:0016055),1/76,0.8245854120957921,0.8986785940522255,RAC3,GO_Biological_Process_2023,0.5756984478935698,0.1110375789300249
Positive Regulation Of Protein Secretion (GO:0050714),1/76,0.8245854120957921,0.8986785940522255,TREM2,GO_Biological_Process_2023,0.5756984478935698,0.1110375789300249
Sphingolipid Biosynthetic Process (GO:0030148),1/77,0.8285648664252951,0.901969860381908,ORMDL2,GO_Biological_Process_2023,0.5680942933831252,0.1068358988037016
Positive Regulation Of Synaptic Transmission (GO:0050806),1/77,0.8285648664252951,0.901969860381908,SQSTM1,GO_Biological_Process_2023,0.5680942933831252,0.1068358988037016
Secondary Active Transmembrane Transporter Activity (GO:0015291),1/60,0.7468072313421887,0.902057480151676,UCP2,GO_Molecular_Function_2023,0.7324213611935811,0.2138290865117171
Protein Phosphatase Regulator Activity (GO:0019888),1/61,0.7525465725216688,0.9025202666896882,CALM2,GO_Molecular_Function_2023,0.7201773835920178,0.204740952399605
UDP-glycosyltransferase Activity (GO:0008194),1/61,0.7525465725216688,0.9025202666896882,HEXB,GO_Molecular_Function_2023,0.7201773835920178,0.204740952399605
COPI-dependent Golgi-to-ER Retrograde Traffic R-HSA-6811434,1/78,0.8324542370035122,0.9040897648168708,SEC22B,Reactome_2022,0.5606876493794454,0.1028172354550402
Organonitrogen Compound Catabolic Process (GO:1901565),1/78,0.8324542370035122,0.9041097432504928,SQSTM1,GO_Biological_Process_2023,0.5606876493794454,0.1028172354550402
Negative Regulation Of Protein Modification Process (GO:0031400),1/78,0.8324542370035122,0.9041097432504928,CIB1,GO_Biological_Process_2023,0.5606876493794454,0.1028172354550402
Cellular Response To Nutrient Levels (GO:0031669),1/78,0.8324542370035122,0.9041097432504928,MAP1LC3B,GO_Biological_Process_2023,0.5606876493794454,0.1028172354550402
Proteolysis Involved In Protein Catabolic Process (GO:0051603),1/78,0.8324542370035122,0.9041097432504928,PSMA6,GO_Biological_Process_2023,0.5606876493794454,0.1028172354550402
Regulation Of Cyclin-Dependent Protein Serine/Threonine Kinase Activity (GO:0000079),1/79,0.8362555587703249,0.9056223793134855,PSMD10,GO_Biological_Process_2023,0.5534709193245778,0.0989722345015543
Cellular Response To UV (GO:0034644),1/79,0.8362555587703249,0.9056223793134855,TRIAP1,GO_Biological_Process_2023,0.5534709193245778,0.0989722345015543
Response To Insulin (GO:0032868),1/79,0.8362555587703249,0.9056223793134855,INSR,GO_Biological_Process_2023,0.5534709193245778,0.0989722345015543
Positive Regulation Of Cytoskeleton Organization (GO:0051495),1/79,0.8362555587703249,0.9056223793134855,CCL24,GO_Biological_Process_2023,0.5534709193245778,0.0989722345015543
Protein Import Into Nucleus (GO:0006606),1/79,0.8362555587703249,0.9056223793134855,RPAIN,GO_Biological_Process_2023,0.5534709193245778,0.0989722345015543
Positive Regulation Of Transferase Activity (GO:0051347),2/143,0.8371506582735407,0.9060697970951392,INSR;TREM2,GO_Biological_Process_2023,0.611725768321513,0.1087350057555839
Photodynamic Therapy Induced NF kB Survival Signaling WP3617,1/35,0.5510134566034046,0.9065060092507624,IL6,WikiPathway_2023_Human,1.272596843615495,0.7584626894662736
Positive Regulation Of Immune Response (GO:0050778),1/80,0.8399708204239491,0.9065127109052952,IL15,GO_Biological_Process_2023,0.5464368912964158,0.0952921050890772
Negative Regulation Of Protein Serine/Threonine Kinase Activity (GO:0071901),1/80,0.8399708204239491,0.9065127109052952,RGS2,GO_Biological_Process_2023,0.5464368912964158,0.0952921050890772
Regulation Of Cytokinesis (GO:0032465),1/80,0.8399708204239491,0.9065127109052952,CALM2,GO_Biological_Process_2023,0.5464368912964158,0.0952921050890772
Response To Type II Interferon (GO:0034341),1/80,0.8399708204239491,0.9065127109052952,CCL24,GO_Biological_Process_2023,0.5464368912964158,0.0952921050890772
Wound Healing (GO:0042060),1/80,0.8399708204239491,0.9065127109052952,CHMP1B,GO_Biological_Process_2023,0.5464368912964158,0.0952921050890772
ATP Binding (GO:0005524),5/279,0.7588507666560704,0.9068535757556584,SRR;GUK1;INSR;STK17B;TWF1,GO_Molecular_Function_2023,0.7868351867274123,0.2171272793756096
Diseases Of Glycosylation R-HSA-3781865,2/143,0.8371506582735407,0.9078433805277508,NOTCH2;HEXB,Reactome_2022,0.611725768321513,0.1087350057555839
Cytoskeleton-Dependent Cytokinesis (GO:0061640),1/81,0.8436019662460249,0.9088663017435684,BIN3,GO_Biological_Process_2023,0.5395787139689578,0.0917685797731973
Spindle Assembly (GO:0051225),1/81,0.8436019662460249,0.9088663017435684,RPS3,GO_Biological_Process_2023,0.5395787139689578,0.0917685797731973
Cellular Response To Interleukin-1 (GO:0071347),1/81,0.8436019662460249,0.9088663017435684,CCL24,GO_Biological_Process_2023,0.5395787139689578,0.0917685797731973
L-amino Acid Transmembrane Transporter Activity (GO:0015179),1/63,0.7636387299119983,0.9093507137114608,UCP2,GO_Molecular_Function_2023,0.6968743294471068,0.1879194579968155
COPI-mediated Anterograde Transport R-HSA-6807878,1/80,0.8399708204239491,0.9095542019975308,BET1L,Reactome_2022,0.5464368912964158,0.0952921050890772
mRNA Binding (GO:0003729),5/282,0.7669459450546627,0.9100731812796526,RPL5;CSTF3;SF3B6;CNBP;RPS3,GO_Molecular_Function_2023,0.7781923614307982,0.2064847486770074
Positive Regulation Of Cellular Catabolic Process (GO:0031331),2/146,0.8455499589908124,0.9104432548125586,INSR;SQSTM1,GO_Biological_Process_2023,0.5988888888888889,0.1004744056560018
Regulation Of HSF1-mediated Heat Shock Response R-HSA-3371453,1/81,0.8436019662460249,0.910791503380664,HSBP1,Reactome_2022,0.5395787139689578,0.0917685797731973
DDX58/IFIH1-mediated Induction Of Interferon-Alpha/Beta R-HSA-168928,1/81,0.8436019662460249,0.910791503380664,ATG12,Reactome_2022,0.5395787139689578,0.0917685797731973
Global Genome Nucleotide Excision Repair (GG-NER) R-HSA-5696399,1/82,0.8471508965784724,0.9131282413778292,SUMO1,Reactome_2022,0.5328898743532889,0.0883938784840584
RHOA GTPase Cycle R-HSA-8980692,2/147,0.8482612078373277,0.9131282413778292,CCDC115;STBD1,Reactome_2022,0.594727969348659,0.0978723970177103
Vitamin D Sensitive Calcium Signaling In Depression WP4698,1/36,0.5611783134210535,0.9134072548236296,CYP27A1,WikiPathway_2023_Human,1.236173582515046,0.7141579678591137
Enterocyte Cholesterol Metabolism WP5333,1/36,0.5611783134210535,0.9134072548236296,SAR1B,WikiPathway_2023_Human,1.236173582515046,0.7141579678591137
Epigenetic Regulation Of Gene Expression (GO:0040029),1/83,0.8506194687840568,0.9138083436080152,N6AMT1,GO_Biological_Process_2023,0.5263641771672706,0.0851606750484565
Regulation Of Epithelial To Mesenchymal Transition (GO:0010717),1/83,0.8506194687840568,0.9138083436080152,IL6,GO_Biological_Process_2023,0.5263641771672706,0.0851606750484565
Calcium Ion Transmembrane Import Into Cytosol (GO:0097553),1/83,0.8506194687840568,0.9138083436080152,GP9,GO_Biological_Process_2023,0.5263641771672706,0.0851606750484565
Vascular Transport (GO:0010232),1/83,0.8506194687840568,0.9138083436080152,INSR,GO_Biological_Process_2023,0.5263641771672706,0.0851606750484565
Transport Of Mature Transcript To Cytoplasm R-HSA-72202,1/83,0.8506194687840568,0.9143222483846248,THOC7,Reactome_2022,0.5263641771672706,0.0851606750484565
miRNA Role In Immune Response In Sepsis WP4329,1/37,0.5711135391525917,0.9149777119408014,IL6,WikiPathway_2023_Human,1.2017738359201773,0.6731943405154693
Apoptosis WP254,2/84,0.5692463179092375,0.9149777119408014,BNIP3L;DIABLO,WikiPathway_2023_Human,1.0550677506775068,0.5944695282894343
Photodynamic Therapy Induced HIF 1 Survival Signaling WP3614,1/37,0.5711135391525917,0.9149777119408014,BNIP3L,WikiPathway_2023_Human,1.2017738359201773,0.6731943405154693
Integrin-Mediated Signaling Pathway (GO:0007229),1/85,0.8573227604767418,0.9158338908730908,ITGB1BP1,GO_Biological_Process_2023,0.5137789040228065,0.079091543023764
Response To Interleukin-1 (GO:0070555),1/85,0.8573227604767418,0.9158338908730908,CCL24,GO_Biological_Process_2023,0.5137789040228065,0.079091543023764
Mitotic Spindle Organization (GO:0007052),1/85,0.8573227604767418,0.9158338908730908,RMDN1,GO_Biological_Process_2023,0.5137789040228065,0.079091543023764
Transport Across Blood-Brain Barrier (GO:0150104),1/85,0.8573227604767418,0.9158338908730908,INSR,GO_Biological_Process_2023,0.5137789040228065,0.079091543023764
Nuclear-Transcribed mRNA Catabolic Process (GO:0000956),1/85,0.8573227604767418,0.9158338908730908,LSM1,GO_Biological_Process_2023,0.5137789040228065,0.079091543023764
Positive Regulation Of Protein Phosphorylation (GO:0001934),6/377,0.8573764084769361,0.9158338908730908,IL6;IL15;INSR;CIB1;TREM2;CALM2,GO_Biological_Process_2023,0.6953815285315412,0.1070040860072409
Establishment Of Protein Localization To Organelle (GO:0072594),1/85,0.8573227604767418,0.9158338908730908,RPAIN,GO_Biological_Process_2023,0.5137789040228065,0.079091543023764
Phosphorylation (GO:0016310),7/429,0.8552554853436134,0.9158338908730908,GNPTG;TAF13;DGKA;INSR;STK17B;CAMK1;HCST,GO_Biological_Process_2023,0.7129346610575643,0.1114709284549786
Axon Guidance (GO:0007411),2/149,0.853554355769016,0.9158338908730908,NOTCH2;RAC3,GO_Biological_Process_2023,0.5865759637188208,0.0928819886672885
Negative Regulation Of Signal Transduction (GO:0009968),4/267,0.8566175635486868,0.9158338908730908,RGS2;PDCD6;RITA1;TREM2,GO_Biological_Process_2023,0.6547053231939164,0.1013246249173121
Striated Muscle Contraction Pathway WP383,1/38,0.5808243101840446,0.9161455614243176,MYL2,WikiPathway_2023_Human,1.1692335350871936,0.6352527174432196
Clear Cell Renal Cell Carcinoma Pathways WP4018,2/85,0.5756948069343003,0.9161455614243176,CAMK1;SQSTM1,WikiPathway_2023_Human,1.0423025435073627,0.5755361250550953
Amyotrophic Lateral Sclerosis ALS WP2447,1/38,0.5808243101840446,0.9161455614243176,CST3,WikiPathway_2023_Human,1.1692335350871936,0.6352527174432196
Orexin Receptor Pathway WP5094,2/88,0.5946158279296047,0.9168060248775224,POMC;IL6,WikiPathway_2023_Human,1.0057881136950904,0.522848640886897
IL6 Signaling Pathway WP364,1/43,0.6261845071875887,0.9168060248775224,IL6,WikiPathway_2023_Human,1.0297751029458346,0.482048241127263
Cytoplasmic Ribosomal Proteins WP477,2/88,0.5946158279296047,0.9168060248775224,RPL5;RPS3,WikiPathway_2023_Human,1.0057881136950904,0.522848640886897
Glycogen Synthesis And Degradation WP500,1/40,0.5995926132139004,0.9168060248775224,CALM2,WikiPathway_2023_Human,1.1091591335493776,0.5673402566587089
Hair Follicle Development Cytodifferentiation Part 3 Of 3 WP2840,2/87,0.5883796472226553,0.9168060248775224,NOTCH2;S100A4,WikiPathway_2023_Human,1.017673202614379,0.5397564450065355
Neuroinflammation And Glutamatergic Signaling WP5083,3/140,0.6162036354690367,0.9168060248775224,IL6;SRR;INSR,WikiPathway_2023_Human,0.9466779379968462,0.4583604347172448
Metabolic Epileptic Disorders WP5355,2/92,0.6188521002992711,0.9168060248775224,SPCS1;MPC2,WikiPathway_2023_Human,0.9608888888888888,0.461119977373882
P53 Transcriptional Gene Network WP4963,2/91,0.6128992068152679,0.9168060248775224,SCO2;SAT1,WikiPathway_2023_Human,0.9717353308364544,0.4757176786728134
Oxidative Damage Response WP3941,1/40,0.5995926132139004,0.9168060248775224,CDKN1C,WikiPathway_2023_Human,1.1091591335493776,0.5673402566587089
G Protein Signaling Pathways WP35,2/91,0.6128992068152679,0.9168060248775224,GNG10;GNGT2,WikiPathway_2023_Human,0.9717353308364544,0.4757176786728134
Nucleotide Binding Oligomerization Domain NOD Pathway WP1433,1/41,0.6086599261093041,0.9168060248775224,IL18,WikiPathway_2023_Human,1.0813747228381374,0.5368977711393941
Amino Acid Metabolism WP3925,2/91,0.6128992068152679,0.9168060248775224,ACADM;HNMT,WikiPathway_2023_Human,0.9717353308364544,0.4757176786728134
Corticotropin Releasing Hormone Signaling Pathway WP2355,2/93,0.6247343723023685,0.9168060248775224,POMC;IL18,WikiPathway_2023_Human,0.9502808302808304,0.4470393983374279
Immune Infiltration In Pancreatic Cancer WP5285,1/39,0.5903156861438161,0.9168060248775224,IL6,WikiPathway_2023_Human,1.1384058816664722,0.6000512629594618
Vitamin A And Carotenoid Metabolism WP716,1/43,0.6261845071875887,0.9168060248775224,SULT1A1,WikiPathway_2023_Human,1.0297751029458346,0.482048241127263
Vesicle-mediated Transport R-HSA-5653656,11/637,0.8562176176712682,0.9189901702864638,GABARAPL2;SEC16B;CD163;MCFD2;MAP1LC3B;TRAPPC2L;SAR1B;TRAPPC6B;VTA1;SEC22B;BET1L,Reactome_2022,0.753957387001659,0.1170373396638531
Cellular Response To Organic Cyclic Compound (GO:0071407),2/152,0.8611791576614765,0.9193735470775556,IL18;CIB2,GO_Biological_Process_2023,0.5747555555555556,0.0858987784072831
Protease Binding (GO:0002020),2/125,0.7775782043392532,0.9194521223239588,CST3;SUMO1,GO_Molecular_Function_2023,0.7018970189701897,0.1765769740043697
Neurodegeneration With Brain Iron Accumulation NBIA Subtypes Pathway WP4577,1/44,0.6346509107512421,0.9203942118003796,ATG12,WikiPathway_2023_Human,1.0057752797401125,0.4573060833249215
Genes Controlling Nephrogenesis WP4823,1/44,0.6346509107512421,0.9203942118003796,NOTCH2,WikiPathway_2023_Human,1.0057752797401125,0.4573060833249215
Regulation Of Insulin Secretion (GO:0050796),1/87,0.8637258802932684,0.9215690436727269,IL6,GO_Biological_Process_2023,0.5017789924199454,0.0735105364334586
VEGFA VEGFR2 Signaling WP3888,9/430,0.6390980779267151,0.9224717539885604,RPL5;PRDX2;PNP;MYL2;TMSB4X;DNAJB4;DNAJB9;FOXO4;ATP6V1E1,WikiPathway_2023_Human,0.9230039195079972,0.4132264086179896
GDP Binding (GO:0019003),1/67,0.7843567059252654,0.9226856318548772,RIT1,GO_Molecular_Function_2023,0.6545051400927232,0.158973656731616
Actin Binding (GO:0003779),3/183,0.7857886538348658,0.9226856318548772,MYL2;TMSB4X;TWF1,GO_Molecular_Function_2023,0.7189309576837416,0.1733108246282907
Glycolysis And Gluconeogenesis WP534,1/45,0.6429259756893175,0.9236401340888788,MPC2,WikiPathway_2023_Human,0.9828663575891956,0.4341573147908814
Positive Regulation Of Peptidyl-Serine Phosphorylation (GO:0033138),1/89,0.869842241434325,0.9239413806550272,IL6,GO_Biological_Process_2023,0.490324531344487,0.0683725273348762
Cellular Response To Peptide Hormone Stimulus (GO:0071375),1/89,0.869842241434325,0.9239413806550272,INSR,GO_Biological_Process_2023,0.490324531344487,0.0683725273348762
Cellular Response To Growth Factor Stimulus (GO:0071363),2/155,0.8684393840297834,0.9239413806550272,CIB1;ITGB1BP1,GO_Biological_Process_2023,0.5633986928104575,0.0794716052517162
Positive Regulation Of Cellular Process (GO:0048522),10/594,0.8671342940246124,0.9239413806550272,MCTS1;N6AMT1;PSMD10;IL6;CLEC7A;IL15;CNBP;INSR;CIB1;ITGB1BP1,GO_Biological_Process_2023,0.7346742701295481,0.1047362065463789
Proteolysis (GO:0006508),5/330,0.8698809807230841,0.9239413806550272,SRGN;PSMA6;PSMB5;SPCS1;ECE2,GO_Biological_Process_2023,0.6616072965066254,0.0922273164362424
Regulation Of Vesicle-Mediated Transport (GO:0060627),1/89,0.869842241434325,0.9239413806550272,BET1L,GO_Biological_Process_2023,0.490324531344487,0.0683725273348762
ERAD Pathway (GO:0036503),1/89,0.869842241434325,0.9239413806550272,DNAJB9,GO_Biological_Process_2023,0.490324531344487,0.0683725273348762
Positive Regulation Of DNA Repair (GO:0045739),1/89,0.869842241434325,0.9239413806550272,RPS3,GO_Biological_Process_2023,0.490324531344487,0.0683725273348762
Fcgamma Receptor (FCGR) Dependent Phagocytosis R-HSA-2029480,1/87,0.8637258802932684,0.9256915730229464,BRK1,Reactome_2022,0.5017789924199454,0.0735105364334586
Translation Inhibitors In Chronically Activated PDGFRA Cells WP4566,1/46,0.6510140169545784,0.9265594845958184,PDCD4,WikiPathway_2023_Human,0.9609756097560976,0.4124738965866784
Endoplasmic Reticulum Stress Response In Coronavirus Infection WP4861,1/46,0.6510140169545784,0.9265594845958184,PPP1R11,WikiPathway_2023_Human,0.9609756097560976,0.4124738965866784
17Q12 Copy Number Variation Syndrome WP5287,2/100,0.6639485433338662,0.927243709497008,MIEN1;ZNHIT3,WikiPathway_2023_Human,0.8820861678004536,0.3612589435209064
IL 26 Signaling Pathways WP5347,1/48,0.6666458042135351,0.927243709497008,IL6,WikiPathway_2023_Human,0.9199886776430628,0.3730520989203142
Pluripotent Stem Cell Differentiation Pathway WP2848,1/48,0.6666458042135351,0.927243709497008,IL6,WikiPathway_2023_Human,0.9199886776430628,0.3730520989203142
Regulation Of Actin Cytoskeleton WP51,3/150,0.6624097110932541,0.927243709497008,TMSB4X;BRK1;RAC3,WikiPathway_2023_Human,0.8818235534748421,0.3631975625070758
Energy Metabolism WP1541,1/48,0.6666458042135351,0.927243709497008,UCP2,WikiPathway_2023_Human,0.9199886776430628,0.3730520989203142
Peptidyl-Serine Phosphorylation (GO:0018105),2/158,0.8753497356353954,0.9274857232480964,SRPK3;CAMK1,GO_Biological_Process_2023,0.5524786324786325,0.0735524607778724
Regulation Of RNA Metabolic Process (GO:0051252),1/91,0.8756846589177507,0.9274857232480964,CLK1,GO_Biological_Process_2023,0.4793791574279379,0.0636372146296276
Positive Regulation Of Binding (GO:0051099),1/91,0.8756846589177507,0.9274857232480964,B2M,GO_Biological_Process_2023,0.4793791574279379,0.0636372146296276
rRNA Metabolic Process (GO:0016072),1/91,0.8756846589177507,0.9274857232480964,RPL5,GO_Biological_Process_2023,0.4793791574279379,0.0636372146296276
Lymphocyte Differentiation (GO:0030098),1/91,0.8756846589177507,0.9274857232480964,DNAJB9,GO_Biological_Process_2023,0.4793791574279379,0.0636372146296276
Ubiquitin-Like Protein Transferase Activity (GO:0019787),4/240,0.7944834665374672,0.929626372077407,UBE2B;UFC1;UBE2A;RNF7,GO_Molecular_Function_2023,0.7306295399515739,0.1680908991910072
Calcium Ion Binding (GO:0005509),6/346,0.7972166810990226,0.929626372077407,SRR;MYL2;PDCD6;CIB2;CIB1;CALM2,GO_Molecular_Function_2023,0.760010551305724,0.1722402535812994
B Cell Activation (GO:0042113),1/92,0.8785069865471198,0.929951089362942,DNAJB9,GO_Biological_Process_2023,0.474086888721035,0.0614091472226989
Antimicrobial Peptides R-HSA-6803157,1/89,0.869842241434325,0.9308838022367336,RNASE6,Reactome_2022,0.490324531344487,0.0683725273348762
Regulation Of Peptidyl-Serine Phosphorylation (GO:0033135),1/93,0.881265376303828,0.9318216577340812,IL6,GO_Biological_Process_2023,0.4689096693338475,0.0592685301036665
Protein O-linked Glycosylation (GO:0006493),1/93,0.881265376303828,0.9318216577340812,B3GALNT1,GO_Biological_Process_2023,0.4689096693338475,0.0592685301036665
Regulation Of TP53 Activity Thru Phosphorylation R-HSA-6804756,1/90,0.872796914840441,0.9320496183648797,TAF13,Reactome_2022,0.4847903535215127,0.065956881035805
Membrane Trafficking R-HSA-199991,10/599,0.8734781942599829,0.9320496183648797,GABARAPL2;SEC16B;MCFD2;MAP1LC3B;TRAPPC2L;SAR1B;TRAPPC6B;VTA1;SEC22B;BET1L,Reactome_2022,0.7282455884273521,0.0985113197917876
Monoatomic Cation Transmembrane Transport (GO:0098655),4/281,0.8820252356306718,0.9321008673331438,UCP2;ATP6AP2;ATP6V1E1;ATP6V1F,GO_Biological_Process_2023,0.6211642599277978,0.0779776140840578
Regulation Of Macromolecule Metabolic Process (GO:0060255),2/162,0.8840440536553372,0.9321384301020942,TREM2;ATRAID,GO_Biological_Process_2023,0.5385555555555556,0.0663761014502975
Protein Autophosphorylation (GO:0046777),2/162,0.8840440536553372,0.9321384301020942,INSR;STK17B,GO_Biological_Process_2023,0.5385555555555556,0.0663761014502975
Muscle Contraction (GO:0006936),1/94,0.8839612735699641,0.9321384301020942,MYL6,GO_Biological_Process_2023,0.4638437879979973,0.0572114323193215
Cellular Response To Hormone Stimulus (GO:0032870),1/94,0.8839612735699641,0.9321384301020942,RAMP1,GO_Biological_Process_2023,0.4638437879979973,0.0572114323193215
EPH-Ephrin Signaling R-HSA-2682334,1/91,0.8756846589177507,0.9330439160521012,MYL6,Reactome_2022,0.4793791574279379,0.0636372146296276
Hepatitis C And Hepatocellular Carcinoma WP3646,1/49,0.6741977030578784,0.9335045119262932,IL6,WikiPathway_2023_Human,0.9007760532150776,0.3551146397130886
Nitrogen Compound Transport (GO:0071705),2/163,0.8861283241800009,0.9336128381706144,CHMP1B;RAMP1,GO_Biological_Process_2023,0.5351828847481022,0.0647001339221152
Inorganic Cation Transmembrane Transport (GO:0098662),4/284,0.8869321962620836,0.9336128381706144,UCP2;ATP6AP2;ATP6V1E1;ATP6V1F,GO_Biological_Process_2023,0.6144132653061225,0.0737214454774911
Positive Regulation Of Transmembrane Receptor Protein Serine/Threonine Kinase Signaling Pathway (GO:0090100),1/95,0.8865960910937859,0.9336128381706144,CDKN1C,GO_Biological_Process_2023,0.4588856913714205,0.0552341275433489
Protein Polyubiquitination (GO:0000209),3/226,0.8882793010163929,0.9340721383034204,UBE2B;CDC26;UBE2A,GO_Biological_Process_2023,0.5790146513927312,0.0685953198971548
Regulation Of Nucleic Acid-Templated Transcription (GO:1903506),7/452,0.8883622251524017,0.9340721383034204,ZNHIT3;CNBP;INSR;PCGF1;ZSCAN26;FOXO4;THAP1,GO_Biological_Process_2023,0.675273324075243,0.0799359578008481
Photodynamic Therapy Induced AP 1 Survival Signaling WP3611,1/50,0.6815788881588838,0.9352607164870782,IL6,WikiPathway_2023_Human,0.8823476175392552,0.3382420279477241
RANKL RANK Signaling Pathway WP2018,1/50,0.6815788881588838,0.9352607164870782,SQSTM1,WikiPathway_2023_Human,0.8823476175392552,0.3382420279477241
7Q11 23 Copy Number Variation Syndrome WP4932,2/104,0.684838993510307,0.9355389822060444,CDKN1C;SQSTM1,WikiPathway_2023_Human,0.8473202614379085,0.3207713144847879
Epithelial To Mesenchymal Transition In Colorectal Cancer WP4239,3/160,0.7044537849103755,0.9357693878007544,NOTCH2;CTDSP1;PDCD6,WikiPathway_2023_Human,0.8252308739874881,0.2891052361244394
Cardiac Progenitor Differentiation WP2406,1/53,0.7027362358934653,0.9357693878007544,MYL2,WikiPathway_2023_Human,0.8313150264369776,0.2932660407078404
Interferon Type I Signaling Pathways WP585,1/54,0.7094722155875001,0.9357693878007544,PDCD4,WikiPathway_2023_Human,0.8155880015060871,0.2799374861930001
Copper Homeostasis WP3286,1/51,0.6887932100504137,0.9357693878007544,COMMD1,WikiPathway_2023_Human,0.8646563192904656,0.3223561397428319
8P23 1 Copy Number Variation Syndrome WP5346,1/52,0.6958444328396196,0.9357693878007544,S100A10,WikiPathway_2023_Human,0.8476587974435894,0.3073857974006123
IL 1 Signaling Pathway WP195,1/54,0.7094722155875001,0.9357693878007544,SQSTM1,WikiPathway_2023_Human,0.8155880015060871,0.2799374861930001
Notch Signaling Pathway WP61,1/54,0.7094722155875001,0.9357693878007544,NOTCH2,WikiPathway_2023_Human,0.8155880015060871,0.2799374861930001
One Carbon Metabolism And Related Pathways WP3940,1/53,0.7027362358934653,0.9357693878007544,GPX4,WikiPathway_2023_Human,0.8313150264369776,0.2932660407078404
Pathogenic Escherichia Coli Infection WP2272,1/55,0.716055887478642,0.9363807759336088,TUBB2A,WikiPathway_2023_Human,0.8004434589800443,0.2673457619394279
DNA Damage Response Only ATM Dependent WP710,2/110,0.7141670402879635,0.9363807759336088,INSR;RAC3,WikiPathway_2023_Human,0.8,0.2693107152171523
Apoptotic Process (GO:0006915),3/228,0.8917544936541268,0.9365096500162152,NOTCH2;DIABLO;CIB1,GO_Biological_Process_2023,0.5738084632516703,0.0657380312671826
Chromatin Remodeling (GO:0006338),3/228,0.8917544936541268,0.9365096500162152,PER1;CHRAC1;PCGF1,GO_Biological_Process_2023,0.5738084632516703,0.0657380312671826
Peptidyl-Serine Modification (GO:0018209),2/166,0.892174884669703,0.9365096500162152,SRPK3;CAMK1,GO_Biological_Process_2023,0.5253116531165312,0.0599344384227683
Protein Heterodimerization Activity (GO:0046982),3/190,0.8065462361128848,0.9372623502415248,GTF2A2;PEF1;PDCD6,GO_Molecular_Function_2023,0.6917689934852256,0.148726220147138
RNA Splicing (GO:0008380),1/98,0.8941477183886526,0.9375335809094628,LSM1,GO_Biological_Process_2023,0.4446247742702356,0.0497465246784768
MAPK Cascade (GO:0000165),1/98,0.8941477183886526,0.9375335809094628,IL18,GO_Biological_Process_2023,0.4446247742702356,0.0497465246784768
VEGFA-VEGFR2 Pathway R-HSA-4420097,1/93,0.881265376303828,0.9376253713000028,BRK1,Reactome_2022,0.4689096693338475,0.0592685301036665
Positive Regulation Of Phosphorylation (GO:0042327),3/231,0.896786024552903,0.9397757670899988,INSR;CIB1;TREM2,GO_Biological_Process_2023,0.5661704372289298,0.0616774700116267
Brain Development (GO:0007420),2/169,0.8979224108546127,0.9404424135970316,NDUFS4;UFC1,GO_Biological_Process_2023,0.5157950765136394,0.0555364897118029
Transition Metal Ion Binding (GO:0046914),8/456,0.8122481291338521,0.9406447406120556,DUSP12;SCO2;AGMO;DNAJC24;TIMM10;COMMD1;RNF7;THAP1,GO_Molecular_Function_2023,0.7681788931788932,0.1597423458816652
IL 18 Signaling Pathway WP4754,1/56,0.7224906879404012,0.940775108552182,IL18,WikiPathway_2023_Human,0.7858496270913122,0.2554410088991282
ncRNA Processing (GO:0034470),1/100,0.8989012362084778,0.9409433875678944,RPL5,GO_Biological_Process_2023,0.4355976617617416,0.0464269179704126
Positive Regulation Of Developmental Process (GO:0051094),3/233,0.9000227231455635,0.9412507294547552,FIS1;INSR;CAMK1,GO_Biological_Process_2023,0.5611891159097512,0.0591130059438204
rRNA Processing (GO:0006364),1/101,0.9011975069247656,0.9412507294547552,RPL5,GO_Biological_Process_2023,0.4312195121951219,0.044860126708039
Hemopoiesis (GO:0030097),1/101,0.9011975069247656,0.9412507294547552,NOTCH2,GO_Biological_Process_2023,0.4312195121951219,0.044860126708039
Visual Perception (GO:0007601),1/101,0.9011975069247656,0.9412507294547552,DRAM2,GO_Biological_Process_2023,0.4312195121951219,0.044860126708039
P75 NTR Receptor-Mediated Signaling R-HSA-193704,1/95,0.8865960910937859,0.9419279226134272,SQSTM1,Reactome_2022,0.4588856913714205,0.0552341275433489
Sensory Perception Of Light Stimulus (GO:0050953),1/102,0.9034417337753416,0.9420246586232072,DRAM2,GO_Biological_Process_2023,0.4269280586595245,0.0433518378407579
Calcium Ion Homeostasis (GO:0055074),1/102,0.9034417337753416,0.9420246586232072,CIB2,GO_Biological_Process_2023,0.4269280586595245,0.0433518378407579
Regulation Of RNA Splicing (GO:0043484),1/102,0.9034417337753416,0.9420246586232072,CLK1,GO_Biological_Process_2023,0.4269280586595245,0.0433518378407579
Hormone Activity (GO:0005179),1/74,0.8163478771442081,0.942154913005473,POMC,GO_Molecular_Function_2023,0.5915317559153176,0.1200304857379086
Cellular Senescence R-HSA-2559583,2/165,0.8901932423371155,0.9443789179576356,IL6;CDC26,Reactome_2022,0.5285616905248807,0.0614805587782789
Regulation Of Cell Cycle (GO:0051726),4/298,0.90754806213951,0.945781794247383,HPGD;CDC26;NUDT6;THAP1,GO_Biological_Process_2023,0.5847303206997084,0.0567239593753052
Regulation Of Neuron Apoptotic Process (GO:0043523),1/105,0.9098737883488616,0.946631279521782,TREM2,GO_Biological_Process_2023,0.4145488657683779,0.0391538846831779
Lysosomal Transport (GO:0007041),1/105,0.9098737883488616,0.946631279521782,CHMP1B,GO_Biological_Process_2023,0.4145488657683779,0.0391538846831779
Intrinsic Apoptotic Signaling Pathway (GO:0097193),1/105,0.9098737883488616,0.946631279521782,DIABLO,GO_Biological_Process_2023,0.4145488657683779,0.0391538846831779
Visual Phototransduction R-HSA-2187338,1/98,0.8941477183886526,0.9472013456736524,RNF7,Reactome_2022,0.4446247742702356,0.0497465246784768
Cellular Response To Heat Stress R-HSA-3371556,1/99,0.8965517173440797,0.948375516034489,HSBP1,Reactome_2022,0.4400651613195167,0.0480548073692582
Cell-Matrix Adhesion (GO:0007160),1/109,0.917789686218879,0.9500511959489716,ITGB1BP1,GO_Biological_Process_2023,0.3991130820399113,0.0342387197914152
Protein Modification By Small Protein Conjugation (GO:0032446),5/364,0.9170022950248428,0.9500511959489716,UBE2B;SUMO1;MAGEF1;UFC1;RNF7,GO_Biological_Process_2023,0.597888741408212,0.0518042517428026
"RNA Splicing, Via Transesterification Reactions With Bulged Adenosine As Nucleophile (GO:0000377)",2/180,0.916643503696836,0.9500511959489716,LSM8;SF3B6,GO_Biological_Process_2023,0.483645443196005,0.0420948772305353
Positive Regulation Of DNA Metabolic Process (GO:0051054),1/108,0.9158782574702012,0.9500511959489716,RPS3,GO_Biological_Process_2023,0.4028638332262677,0.0354003821990496
Lipid Transport (GO:0006869),1/108,0.9158782574702012,0.9500511959489716,TRIAP1,GO_Biological_Process_2023,0.4028638332262677,0.0354003821990496
RNA Processing (GO:0006396),2/183,0.9211604874324248,0.9500511959489716,CSTF3;LSM1,GO_Biological_Process_2023,0.4755555555555555,0.0390530998948553
Glycerophospholipid Biosynthetic Process (GO:0046474),1/108,0.9158782574702012,0.9500511959489716,DGKA,GO_Biological_Process_2023,0.4028638332262677,0.0354003821990496
RNA Metabolic Process (GO:0016070),1/111,0.9214835069231512,0.9500511959489716,RNASE6,GO_Biological_Process_2023,0.3918161660955452,0.0320389646705056
Negative Regulation Of Inflammatory Response (GO:0050728),1/111,0.9214835069231512,0.9500511959489716,TREM2,GO_Biological_Process_2023,0.3918161660955452,0.0320389646705056
Regulation Of JNK Cascade (GO:0046328),1/110,0.9196577758290468,0.9500511959489716,PER1,GO_Biological_Process_2023,0.3954311519762403,0.0331188066262793
Mitotic Sister Chromatid Segregation (GO:0000070),1/111,0.9214835069231512,0.9500511959489716,CHMP1B,GO_Biological_Process_2023,0.3918161660955452,0.0320389646705056
Calcium Ion Transport (GO:0006816),1/112,0.923267837765304,0.9500511959489716,RAMP1,GO_Biological_Process_2023,0.3882663150955834,0.030997592574056
Small GTPase Mediated Signal Transduction (GO:0007264),1/112,0.923267837765304,0.9500511959489716,RIT1,GO_Biological_Process_2023,0.3882663150955834,0.030997592574056
Negative Regulation Of Defense Response (GO:0031348),1/112,0.923267837765304,0.9500511959489716,ATG12,GO_Biological_Process_2023,0.3882663150955834,0.030997592574056
Mitotic Cell Cycle Phase Transition (GO:0044772),1/111,0.9214835069231512,0.9500511959489716,UBE2A,GO_Biological_Process_2023,0.3918161660955452,0.0320389646705056
Protein Deubiquitination (GO:0016579),1/112,0.923267837765304,0.9500511959489716,SENP8,GO_Biological_Process_2023,0.3882663150955834,0.030997592574056
Negative Regulation Of Developmental Process (GO:0051093),1/109,0.917789686218879,0.9500511959489716,CST3,GO_Biological_Process_2023,0.3991130820399113,0.0342387197914152
Cellular Response To Salt (GO:1902075),1/109,0.917789686218879,0.9500511959489716,CIB2,GO_Biological_Process_2023,0.3991130820399113,0.0342387197914152
Regulation Of Transforming Growth Factor Beta Receptor Signaling Pathway (GO:0017015),1/111,0.9214835069231512,0.9500511959489716,CDKN1C,GO_Biological_Process_2023,0.3918161660955452,0.0320389646705056
Regulation Of Cellular Response To Stress (GO:0080135),1/107,0.9139224863476276,0.9500511959489716,CHCHD2,GO_Biological_Process_2023,0.4066853533029327,0.0366055527032043
Regulation Of Cytoskeleton Organization (GO:0051493),1/114,0.9267160247321756,0.9530777497245572,RAC3,GO_Biological_Process_2023,0.3813551007593744,0.0290242114899186
Metal Ion Binding (GO:0046872),9/521,0.8361607473524177,0.9538245173458172,NUDT22;SRR;NUDT7;IDH3G;MYL2;PDCD6;CIB2;CIB1;CALM2,GO_Molecular_Function_2023,0.7553435383747178,0.1351569449925803
Adenyl Ribonucleotide Binding (GO:0032559),5/309,0.8307262720072913,0.9538245173458172,SRR;GUK1;INSR;STK17B;TWF1,GO_Molecular_Function_2023,0.7080831272812905,0.131317509841246
Cysteine-Type Peptidase Activity (GO:0008234),2/144,0.8399952592451497,0.9538245173458172,SUMO1;GGH,GO_Molecular_Function_2023,0.6073865414710485,0.1059033287626031
Guanyl-Nucleotide Exchange Factor Activity (GO:0005085),3/203,0.8406109247825153,0.9538245173458172,LAMTOR3;RCBTB2;LAMTOR5,GO_Molecular_Function_2023,0.646369710467706,0.1122268200978666
Voltage-Gated Potassium Channel Activity (GO:0005249),1/80,0.8399708204239491,0.9538245173458172,KCNE3,GO_Molecular_Function_2023,0.5464368912964158,0.0952921050890772
Signaling By VEGF R-HSA-194138,1/102,0.9034417337753416,0.9542847750700578,BRK1,Reactome_2022,0.4269280586595245,0.0433518378407579
Regulation Of Cell Migration (GO:0030334),6/434,0.929714217380688,0.9551813257076572,CCL24;MIEN1;CLEC7A;TMSB4X;INSR;CIB1,GO_Biological_Process_2023,0.6009806797703365,0.0437982899317144
Negative Regulation Of Transcription By RNA Polymerase II (GO:0000122),12/763,0.9297775670452194,0.9551813257076572,FAM220A;PSMD10;PER1;HSBP1;DNAJB4;CNBP;MAGEF1;ERF;RITA1;PCGF1;BCORL1;THAP1,GO_Biological_Process_2023,0.6826171165718437,0.0497012817172974
MHC Class II Antigen Presentation R-HSA-2132295,1/104,0.907778736989961,0.9563415842620128,SAR1B,Reactome_2022,0.4185951391729274,0.0405010101942111
PI3K/AKT Signaling In Cancer R-HSA-2219528,1/105,0.9098737883488616,0.9563415842620128,FOXO4,Reactome_2022,0.4145488657683779,0.0391538846831779
"PI5P, PP2A And IER3 Regulate PI3K/AKT Signaling R-HSA-6811558",1/106,0.911921346741646,0.9563415842620128,INSR,Reactome_2022,0.4105796642382008,0.0378560753789333
HATs Acetylate Histones R-HSA-3214847,1/106,0.911921346741646,0.9563415842620128,SAP130,Reactome_2022,0.4105796642382008,0.0378560753789333
Ion Channel Transport R-HSA-983712,2/175,0.9085718308573776,0.9563415842620128,ATP6V1E1;ATP6V1F,Reactome_2022,0.497752087347463,0.0477251316154564
Regulation Of Small GTPase Mediated Signal Transduction (GO:0051056),1/118,0.9331554226193168,0.9573009332184392,SQSTM1,GO_Biological_Process_2023,0.368241514582978,0.0254762398728784
Positive Regulation Of Cell Cycle Process (GO:0090068),1/118,0.9331554226193168,0.9573009332184392,INSR,GO_Biological_Process_2023,0.368241514582978,0.0254762398728784
Neuron Projection Development (GO:0031175),2/192,0.9333684098879784,0.9573009332184392,IL6;KLK8,GO_Biological_Process_2023,0.4528187134502924,0.0312242457805086
Regulation Of Cell Differentiation (GO:0045595),2/193,0.934608794813218,0.9575962154001246,OCIAD1;CAMK1,GO_Biological_Process_2023,0.4504246655031995,0.030460976287911
Regulation Of Protein Kinase Activity (GO:0045859),1/119,0.9346750293932068,0.9575962154001246,ITGB1BP1,GO_Biological_Process_2023,0.3651020331466797,0.0246649688617575
GTPase Regulator Activity (GO:0030695),7/424,0.84709359454861,0.9579548367881932,RGS2;RGS1;RGS10;ITGB1BP1;LAMTOR3;LAMTOR5;RCBTB2,GO_Molecular_Function_2023,0.7216716514428906,0.1197571448978889
Cellular Component Assembly (GO:0022607),3/260,0.9355868551808604,0.9580083266557832,RAC3;LPXN;CAPG,GO_Biological_Process_2023,0.5015295555189656,0.0333924867782299
Chromatin DNA Binding (GO:0031490),1/83,0.8506194687840568,0.9587249531111276,PER1,GO_Molecular_Function_2023,0.5263641771672706,0.0851606750484565
Protein Phosphorylation (GO:0006468),7/500,0.9373813450944238,0.959323314522328,CLK1;SRPK3;TAF13;INSR;STK17B;CAMK1;HCST,GO_Biological_Process_2023,0.6079950771474805,0.0393160590464635
Intra-Golgi And Retrograde Golgi-to-ER Traffic R-HSA-6811442,2/181,0.9181754950952942,0.9603273778985194,SEC22B;BET1L,Reactome_2022,0.4809186840471757,0.041054458100346
Transmission Across Chemical Synapses R-HSA-112315,3/246,0.9189220462295924,0.9603273778985194,GNG10;GNGT2;CAMK1,Reactome_2022,0.5308092056421678,0.0448820334970768
Mitotic Spindle Checkpoint R-HSA-69618,1/110,0.9196577758290468,0.9603273778985194,CDC26,Reactome_2022,0.3954311519762403,0.0331188066262793
Protein Localization To Nucleus (GO:0034504),1/122,0.9390301189928836,0.9604878257380962,RPAIN,GO_Biological_Process_2023,0.3559949423686573,0.0223948318232497
Positive Regulation Of Multicellular Organismal Process (GO:0051240),5/387,0.9396776359575306,0.9606274908103086,IL6;IL15;UCP2;IL18;TREM2,GO_Biological_Process_2023,0.5612167211309838,0.0349180081292189
Regulation Of Cell Motility (GO:2000145),1/123,0.9404164478786852,0.9606782876098624,TMSB4X,GO_Biological_Process_2023,0.3530587764894042,0.0216892734605565
Enzyme-Linked Receptor Protein Signaling Pathway (GO:0007167),1/124,0.9417713213111576,0.9606782876098624,INSR,GO_Biological_Process_2023,0.3501703531447731,0.0210076973601937
Neuron Projection Guidance (GO:0097485),1/124,0.9417713213111576,0.9606782876098624,NOTCH2,GO_Biological_Process_2023,0.3501703531447731,0.0210076973601937
Negative Regulation Of Growth (GO:0045926),1/124,0.9417713213111576,0.9606782876098624,MYL2,GO_Biological_Process_2023,0.3501703531447731,0.0210076973601937
Negative Regulation Of Cell Growth (GO:0030308),1/125,0.9430954516719242,0.9611562471793136,MYL2,GO_Biological_Process_2023,0.3473285172734425,0.0203492068223557
Chromatin Organization (GO:0006325),3/268,0.94363166737776,0.9611562471793136,PER1;CHRAC1;PCGF1,GO_Biological_Process_2023,0.486187334537967,0.0282082837466116
Organic Substance Transport (GO:0071702),2/201,0.9437736341984112,0.9611562471793136,CHMP1B;RAMP1,GO_Biological_Process_2023,0.4321384701284199,0.0250073934162155
Growth Factor Activity (GO:0008083),1/85,0.8573227604767418,0.961621312038412,IL6,GO_Molecular_Function_2023,0.5137789040228065,0.079091543023764
GTPase Activator Activity (GO:0005096),3/211,0.8588961867168013,0.961621312038412,RGS2;RGS1;RGS10,GO_Molecular_Function_2023,0.6212523556621552,0.0944969674638887
Golgi-to-ER Retrograde Transport R-HSA-8856688,1/112,0.923267837765304,0.9618019434953774,SEC22B,Reactome_2022,0.3882663150955834,0.030997592574056
Negative Regulation Of PI3K/AKT Network R-HSA-199418,1/113,0.925011705219598,0.9618019434953774,INSR,Reactome_2022,0.3847798542920494,0.0299931614814835
Reproduction R-HSA-1474165,1/113,0.925011705219598,0.9618019434953774,CD9,Reactome_2022,0.3847798542920494,0.0299931614814835
Regulation Of Anatomical Structure Morphogenesis (GO:0022603),1/127,0.9456542512980736,0.9625500771198584,IL6,GO_Biological_Process_2023,0.3417801710484637,0.0190980818150221
Fragile X Syndrome WP4549,2/122,0.7659706106359221,0.96439830354097,MAP1LC3B;CAMK1,WikiPathway_2023_Human,0.7195555555555555,0.1918417696614971
G1 To S Cell Cycle Control WP45,1/64,0.7689973400784207,0.96439830354097,CDKN1C,WikiPathway_2023_Human,0.6857776369971492,0.1801316815411538
Spinal Cord Injury WP2431,2/119,0.7538408901884585,0.96439830354097,IL6;KLK8,WikiPathway_2023_Human,0.7381196581196581,0.2085733904768156
Endochondral Ossification WP474,1/63,0.7636387299119983,0.96439830354097,CDKN1C,WikiPathway_2023_Human,0.6968743294471068,0.1879194579968155
3Q29 Copy Number Variation Syndrome WP4906,1/63,0.7636387299119983,0.96439830354097,UBXN7,WikiPathway_2023_Human,0.6968743294471068,0.1879194579968155
Novel Intracellular Components Of RIG I Like Receptor Pathway WP3865,1/60,0.7468072313421887,0.96439830354097,ATG12,WikiPathway_2023_Human,0.7324213611935811,0.2138290865117171
Endochondral Ossification With Skeletal Dysplasias WP4808,1/63,0.7636387299119983,0.96439830354097,CDKN1C,WikiPathway_2023_Human,0.6968743294471068,0.1879194579968155
TAR Syndrome WP5362,1/62,0.7581560953971106,0.96439830354097,POLR3GL,WikiPathway_2023_Human,0.7083348478790302,0.1961138246152564
Lung Fibrosis WP3624,1/63,0.7636387299119983,0.96439830354097,IL6,WikiPathway_2023_Human,0.6968743294471068,0.1879194579968155
Regulation Of DNA Repair (GO:0006282),1/129,0.94809822879772,0.9645155141448668,RPS3,GO_Biological_Process_2023,0.3364052106430155,0.0179294440924224
Negative Regulation Of Cell Differentiation (GO:0045596),2/207,0.9498319666569908,0.9647131806132592,IL6;PDCD4,GO_Biological_Process_2023,0.419360433604336,0.0215845600367066
Regulation Of Canonical Wnt Signaling Pathway (GO:0060828),2/207,0.9498319666569908,0.9647131806132592,UBE2B;ATP6AP2,GO_Biological_Process_2023,0.419360433604336,0.0215845600367066
Regulation Of Cell Cycle Process (GO:0010564),1/130,0.9492787749901296,0.9647131806132592,CALM2,GO_Biological_Process_2023,0.3337802299798896,0.0173741845185688
Circulatory System Development (GO:0072359),1/132,0.9515600873660488,0.9654252370470434,MYL2,GO_Biological_Process_2023,0.3286504967756131,0.0163183004168215
Plasma Membrane Bounded Cell Projection Organization (GO:0120036),1/132,0.9515600873660488,0.9654252370470434,IL6,GO_Biological_Process_2023,0.3286504967756131,0.0163183004168215
GABAergic synapse,4/89,0.1424586964231995,0.9660480351198222,GABARAPL2;GABARAPL1;GNG10;GNGT2,KEGG_2021_Human,2.044432773109244,3.983992627751515
Pathways Affected In Adenoid Cystic Carcinoma WP3651,1/65,0.7742347255017031,0.9670033714429436,BCORL1,WikiPathway_2023_Human,0.6750277161862528,0.1727262192234835
mRNA Processing WP411,2/125,0.7775782043392532,0.9672314249098029,CLK1;CSTF3,WikiPathway_2023_Human,0.7018970189701897,0.1765769740043697
Protein Kinase Activator Activity (GO:0030295),1/88,0.8668190911212347,0.9672782573107818,CALM2,GO_Molecular_Function_2023,0.4959859316461503,0.0708887817088553
Non-Membrane-Bounded Organelle Assembly (GO:0140694),1/135,0.9547915048024722,0.9681812454307702,RPS3,GO_Biological_Process_2023,0.3212430089022735,0.0148614346411106
Negative Regulation Of DNA-templated Transcription (GO:0045892),16/1025,0.9572153723863362,0.968549461833322,CDKN1C;PSMD10;HSBP1;CNBP;MAGEF1;RITA1;THAP1;FAM220A;PER1;SUMO1;DNAJB4;ERF;PDCD4;PCGF1;MAF1;BCORL1,GO_Biological_Process_2023,0.674261917967649,0.0294833587379707
Potassium Ion Transmembrane Transport (GO:0071805),1/137,0.9568253621751708,0.968549461833322,KCNE3,GO_Biological_Process_2023,0.3164862397287074,0.0139679267689048
mRNA Processing (GO:0006397),2/214,0.9561141437716264,0.968549461833322,LSM8;SF3B6,GO_Biological_Process_2023,0.4053668763102725,0.0181920448681595
Transmembrane Receptor Protein Tyrosine Kinase Signaling Pathway (GO:0007169),3/284,0.9570009942056276,0.968549461833322,CHURC1;INSR;FOXO4,GO_Biological_Process_2023,0.4581236278325103,0.0201349222309407
AMP Activated Protein Kinase Signaling WP1403,1/67,0.7843567059252654,0.9717131660450656,INSR,WikiPathway_2023_Human,0.6545051400927232,0.158973656731616
Cell-Cell Communication R-HSA-1500931,1/120,0.936160163864808,0.9720131063106944,TYROBP,Reactome_2022,0.3620153161042687,0.0238816804723696
Peptide Ligand-Binding Receptors R-HSA-375276,2/196,0.9382001499982,0.9727514303097484,POMC;PF4,Reactome_2022,0.4433906071019473,0.0282847617294088
Regulation Of Cell Population Proliferation (GO:0042127),11/766,0.96201589209582,0.972883204486359,MCTS1;IL6;CLEC7A;IL15;CNBP;INSR;CIB1;ITGB1BP1;FOXO4;NUDT6;PF4,GO_Biological_Process_2023,0.6208736916400114,0.0240429044384008
Urotensin II Mediated Signaling Pathway WP5158,1/69,0.7940258314677473,0.9729587859113472,IL6,WikiPathway_2023_Human,0.6351897743576366,0.1464997153523785
Vitamin D Receptor Pathway WP2877,3/186,0.7949009688818196,0.9729587859113472,NINJ1;CD9;S100A4,WikiPathway_2023_Human,0.7070356712548833,0.1622913697477887
Sterol Regulatory Element Binding Proteins SREBP Signaling WP1982,1/69,0.7940258314677473,0.9729587859113472,SAR1B,WikiPathway_2023_Human,0.6351897743576366,0.1464997153523785
Negative Regulation Of Response To External Stimulus (GO:0032102),1/146,0.9649051703266476,0.9747564321408368,ATG12,GO_Biological_Process_2023,0.2967046410276015,0.0105999072816769
Neuron Projection Morphogenesis (GO:0048812),1/146,0.9649051703266476,0.9747564321408368,KLK8,GO_Biological_Process_2023,0.2967046410276015,0.0105999072816769
Interferon Signaling R-HSA-913531,2/200,0.9426985922562544,0.9760330545001106,SUMO1;B2M,Reactome_2022,0.4343434343434343,0.025630030074121
Hexosyltransferase Activity (GO:0016758),1/96,0.8891712095499698,0.9760609042942664,HEXB,GO_Molecular_Function_2023,0.4540319757264558,0.0533330818483957
Growth Factor Receptor Binding (GO:0070851),1/96,0.8891712095499698,0.9760609042942664,IL6,GO_Molecular_Function_2023,0.4540319757264558,0.0533330818483957
Single-Stranded DNA Binding (GO:0003697),1/96,0.8891712095499698,0.9760609042942664,POLR2H,GO_Molecular_Function_2023,0.4540319757264558,0.0533330818483957
Protein Serine/Threonine Kinase Activity (GO:0004674),5/342,0.8886197718989596,0.9760609042942664,CLK1;SRPK3;STK17B;CAMK1;SQSTM1,GO_Molecular_Function_2023,0.6376502764888243,0.0752974673203134
mRNA 3'-UTR Binding (GO:0003730),1/93,0.881265376303828,0.9760609042942664,RPL5,GO_Molecular_Function_2023,0.4689096693338475,0.0592685301036665
Cardiac Conduction R-HSA-5576891,1/126,0.9443895348605617,0.9763313285616216,KCNE3,Reactome_2022,0.3445321507760532,0.0197129427849901
Glycerophospholipid Biosynthesis R-HSA-1483206,1/127,0.9456542512980736,0.9763313285616216,PTPMT1,Reactome_2022,0.3417801710484637,0.0190980818150221
Skeletal System Development (GO:0001501),1/149,0.9672479060662738,0.9765983154697072,VKORC1,GO_Biological_Process_2023,0.2906454125966321,0.0096786230984468
Neuron Development (GO:0048666),1/150,0.9679936071888589,0.9768266138030351,IL6,GO_Biological_Process_2023,0.2886798910698075,0.0093906979285946
Protein Ubiquitination (GO:0016567),5/434,0.9695883386361374,0.9779109853197092,UBE2B;MAGEF1;UBE2A;RNF7;FAAP20,GO_Biological_Process_2023,0.498505968304626,0.0153957041489856
Regulation Of Cellular Component Organization (GO:0051128),1/153,0.9701305815276065,0.977933240360268,KLK8,GO_Biological_Process_2023,0.2829384992414517,0.0085799957993758
Mesodermal Commitment Pathway WP2857,2/145,0.8427948339828126,0.9786219250515918,RGS10;BCORL1,WikiPathway_2023_Human,0.603108003108003,0.1031506031336576
Glioblastoma Signaling Pathways WP2261,1/82,0.8471508965784724,0.9786219250515918,FOXO4,WikiPathway_2023_Human,0.5328898743532889,0.0883938784840584
Circadian Rhythm Genes WP3594,3/201,0.8357313614987243,0.9786219250515918,CST3;PER1;IL6,WikiPathway_2023_Human,0.6529661874873456,0.1171735126242413
Male Infertility WP4673,2/145,0.8427948339828126,0.9786219250515918,UBE2B;INSR,WikiPathway_2023_Human,0.603108003108003,0.1031506031336576
NRF2 Pathway WP2884,2/141,0.8313240567544767,0.9786219250515918,MGST3;SQSTM1,WikiPathway_2023_Human,0.6205915267785771,0.1146453481461869
Apoptosis Modulation And Signaling WP1772,1/89,0.869842241434325,0.9786219250515918,DIABLO,WikiPathway_2023_Human,0.490324531344487,0.0683725273348762
Allograft Rejection WP2328,1/90,0.872796914840441,0.9786219250515918,PECR,WikiPathway_2023_Human,0.4847903535215127,0.065956881035805
Sudden Infant Death Syndrome SIDS Susceptibility Pathways WP706,2/157,0.8730842664675966,0.9786219250515918,IL6;ACADM,WikiPathway_2023_Human,0.5560716845878136,0.0754718299282587
Pancreatic Adenocarcinoma Pathway WP4263,1/89,0.869842241434325,0.9786219250515918,RAC3,WikiPathway_2023_Human,0.490324531344487,0.0683725273348762
TNF Alpha Signaling Pathway WP231,1/89,0.869842241434325,0.9786219250515918,DIABLO,WikiPathway_2023_Human,0.490324531344487,0.0683725273348762
Bardet Biedl Syndrome WP5234,1/88,0.8668190911212347,0.9786219250515918,BBS9,WikiPathway_2023_Human,0.4959859316461503,0.0708887817088553
Androgen Receptor Signaling Pathway WP138,1/87,0.8637258802932684,0.9786219250515918,SUMO1,WikiPathway_2023_Human,0.5017789924199454,0.0735105364334586
Ciliary Landscape WP4352,3/213,0.8631708442859573,0.9786219250515918,MYL6;ERF;BBS9,WikiPathway_2023_Human,0.615272033089405,0.0905327524497479
EGFR Tyrosine Kinase Inhibitor Resistance WP4806,1/84,0.8540094985297461,0.9786219250515918,IL6,WikiPathway_2023_Human,0.5199957256965779,0.0820620661442426
Non Genomic Actions Of 1 25 Dihydroxyvitamin D3 WP4341,1/75,0.8205137922220312,0.9786219250515918,IL6,WikiPathway_2023_Human,0.583508120093486,0.1154322365654353
Endoderm Differentiation WP2853,2/140,0.8283408896009659,0.9786219250515918,RGS10;BCORL1,WikiPathway_2023_Human,0.6251207729468599,0.1177293120468264
A Network Map Of Macrophage Stimulating Protein MSP Signaling WP5353,1/82,0.8471508965784724,0.9786219250515918,PDCD4,WikiPathway_2023_Human,0.5328898743532889,0.0883938784840584
Head And Neck Squamous Cell Carcinoma WP4674,1/73,0.8120854880351774,0.9786219250515918,NOTCH2,WikiPathway_2023_Human,0.5997782705099778,0.1248436451996156
Joubert Syndrome WP4656,1/76,0.8245854120957921,0.9786219250515918,BBS9,WikiPathway_2023_Human,0.5756984478935698,0.1110375789300249
Primary Focal Segmental Glomerulosclerosis FSGS WP2572,1/72,0.8077243957395405,0.9786219250515918,CDKN1C,WikiPathway_2023_Human,0.6082570812904031,0.1298837944936246
Extrafollicular And Follicular B Cell Activation By SARS CoV 2 WP5218,1/74,0.8163478771442081,0.9786219250515918,IL6,WikiPathway_2023_Human,0.5915317559153176,0.1200304857379086
Brain Derived Neurotrophic Factor BDNF Signaling Pathway WP2380,2/137,0.8191048746577024,0.9786219250515918,CAMK1;SQSTM1,WikiPathway_2023_Human,0.6391111111111111,0.1275302451048419
Chromosomal And Microsatellite Instability In Colorectal Cancer WP4216,1/73,0.8120854880351774,0.9786219250515918,RAC3,WikiPathway_2023_Human,0.5997782705099778,0.1248436451996156
Transcription Coregulator Binding (GO:0001221),1/99,0.8965517173440797,0.979681647028549,PER1,GO_Molecular_Function_2023,0.4400651613195167,0.0480548073692582
Kinase Binding (GO:0019900),7/460,0.8982837653763253,0.979681647028549,PER1;LRBA;RPS3;TPRKB;RAC3;SQSTM1;CALM2,GO_Molecular_Function_2023,0.6630701689113774,0.0711270486800023
Metalloendopeptidase Activity (GO:0004222),1/101,0.9011975069247656,0.9796889026891809,ECE2,GO_Molecular_Function_2023,0.4312195121951219,0.044860126708039
Integrin Mediated Cell Adhesion WP185,1/101,0.9011975069247656,0.9803303919689876,RAC3,WikiPathway_2023_Human,0.4312195121951219,0.044860126708039
IL 24 Signaling Pathway WP5413,3/232,0.898415958951857,0.9803303919689876,IL6;TMBIM4;SQSTM1,WikiPathway_2023_Human,0.5636689003219186,0.0603814030525718
Hippo Signaling Regulation Pathways WP4540,1/98,0.8941477183886526,0.9803303919689876,INSR,WikiPathway_2023_Human,0.4446247742702356,0.0497465246784768
Small Cell Lung Cancer WP4658,1/95,0.8865960910937859,0.9803303919689876,CDKN1C,WikiPathway_2023_Human,0.4588856913714205,0.0552341275433489
Neural Crest Differentiation WP2064,1/101,0.9011975069247656,0.9803303919689876,NOTCH2,WikiPathway_2023_Human,0.4312195121951219,0.044860126708039
Genes Related To Primary Cilium Development Based On CRISPR WP4536,1/102,0.9034417337753416,0.9803303919689876,BBS9,WikiPathway_2023_Human,0.4269280586595245,0.0433518378407579
Toll Like Receptor Signaling Pathway WP75,1/102,0.9034417337753416,0.9803303919689876,IL6,WikiPathway_2023_Human,0.4269280586595245,0.0433518378407579
Thyroid Hormones Production And Peripheral Downstream Signaling Effects WP4746,1/93,0.881265376303828,0.9803303919689876,POMC,WikiPathway_2023_Human,0.4689096693338475,0.0592685301036665
Prader Willi And Angelman Syndrome WP3998,1/102,0.9034417337753416,0.9803303919689876,POMC,WikiPathway_2023_Human,0.4269280586595245,0.0433518378407579
Protein Kinase Regulator Activity (GO:0019887),1/103,0.9056350936721196,0.981347352307088,CDKN1C,GO_Molecular_Function_2023,0.4227207512716838,0.0418995822405581
NF1 Copy Number Variation Syndrome WP5366,1/104,0.907778736989961,0.9815558074873784,PER1,WikiPathway_2023_Human,0.4185951391729274,0.0405010101942111
Complement System In Neuronal Development And Plasticity WP5090,1/106,0.911921346741646,0.982563141207548,DIABLO,WikiPathway_2023_Human,0.4105796642382008,0.0378560753789333
Negative Regulation Of Cell Migration (GO:0030336),1/163,0.9762774268631332,0.9830752878964598,ITGB1BP1,GO_Biological_Process_2023,0.2653362897265336,0.0063703220996628
Positive Regulation Of DNA-templated Transcription (GO:0045893),19/1243,0.9759306901330828,0.9830752878964598,CDKN1C;GTF2A2;CNBP;IL18;TCF20;FOXO4;TRIAP1;METTL23;POMC;PER1;CHCHD2;IL6;MED10;MED21;ITGB1BP1;CAMK1;SQSTM1;S100A10;PF4,GO_Biological_Process_2023,0.6569080288004348,0.0160047162495968
Double-Strand Break Repair (GO:0006302),1/168,0.9788597022241564,0.9851478801827698,CIB1,GO_Biological_Process_2023,0.2573257033604631,0.005498266453523
Neuron Differentiation (GO:0030182),1/173,0.9811614108370852,0.9858810541815712,NGRN,GO_Biological_Process_2023,0.2497808487598618,0.0047504060945275
Generation Of Neurons (GO:0048699),1/172,0.9807220043202732,0.9858810541815712,NGRN,GO_Biological_Process_2023,0.2512545221145991,0.0048909806964657
Metal Ion Transport (GO:0030001),1/171,0.9802723704929632,0.9858810541815712,RAMP1,GO_Biological_Process_2023,0.2527455328029216,0.0050359084528258
Gastrin Signaling Pathway WP4659,1/115,0.9283816914242028,0.986087135410732,LAMTOR3,WikiPathway_2023_Human,0.3779904306220095,0.0280893478576075
22Q11 2 Copy Number Variation Syndrome WP4657,1/118,0.9331554226193168,0.986087135410732,GP9,WikiPathway_2023_Human,0.368241514582978,0.0254762398728784
Insulin Signaling WP481,1/160,0.9745793647416522,0.986087135410732,INSR,WikiPathway_2023_Human,0.2703844705685478,0.0069622167561279
MAPK Signaling Pathway WP382,2/246,0.9764196144753328,0.986087135410732,RAC3;LAMTOR3,WikiPathway_2023_Human,0.3516211293260473,0.0083906830042111
PI3K Akt Signaling Pathway WP4172,4/338,0.949278747090761,0.986087135410732,GNG10;IL6;GNGT2;INSR,WikiPathway_2023_Human,0.5136334473909324,0.0267360572226525
Angiopoietin Like Protein 8 Regulatory Pathway WP3915,1/132,0.9515600873660488,0.986087135410732,INSR,WikiPathway_2023_Human,0.3286504967756131,0.0163183004168215
Smith Magenis And Potocki Lupski Syndrome Copy Number Variation WP5381,1/155,0.9714755240204556,0.986087135410732,PER1,WikiPathway_2023_Human,0.2792351772396118,0.0080808438951651
Focal Adhesion WP306,2/199,0.941604049386391,0.986087135410732,MYL2;RAC3,WikiPathway_2023_Human,0.4365707839819515,0.0262686485266328
Hippo Merlin Signaling Dysregulation WP4541,1/120,0.936160163864808,0.986087135410732,INSR,WikiPathway_2023_Human,0.3620153161042687,0.0238816804723696
Breast Cancer Pathway WP4262,1/154,0.970810781568418,0.986087135410732,NOTCH2,WikiPathway_2023_Human,0.2810747358810486,0.0083264734655178
TGF Beta Signaling Pathway WP366,1/132,0.9515600873660488,0.986087135410732,SUMO1,WikiPathway_2023_Human,0.3286504967756131,0.0163183004168215
Adipogenesis WP236,1/131,0.9504325255531464,0.986087135410732,IL6,WikiPathway_2023_Human,0.331195633634658,0.0168373593735241
Osteoblast Differentiation And Related Diseases WP4787,1/118,0.9331554226193168,0.986087135410732,NOTCH2,WikiPathway_2023_Human,0.368241514582978,0.0254762398728784
Cell Cycle WP179,1/120,0.936160163864808,0.986087135410732,CDKN1C,WikiPathway_2023_Human,0.3620153161042687,0.0238816804723696
Focal Adhesion PI3K Akt mTOR Signaling Pathway WP3932,3/302,0.9684732347698596,0.986087135410732,GNG10;GNGT2;INSR,WikiPathway_2023_Human,0.4301420473590513,0.0137793562840781
Hepatitis B Infection WP4666,1/150,0.9679936071888589,0.986087135410732,IL6,WikiPathway_2023_Human,0.2886798910698075,0.0093906979285946
Measles Virus Infection WP4630,1/136,0.9558201104829904,0.986087135410732,IL6,WikiPathway_2023_Human,0.3188470066518847,0.0144072781864615
Ectoderm Differentiation WP2858,1/137,0.9568253621751708,0.986087135410732,RIT1,WikiPathway_2023_Human,0.3164862397287074,0.0139679267689048
EGF EGFR Signaling Pathway WP437,1/159,0.9739868090661012,0.986087135410732,FOXO4,WikiPathway_2023_Human,0.272109798198097,0.0071721390358455
Extracellular Matrix Organization (GO:0030198),1/176,0.9824205614699956,0.986618939937816,CAPG,GO_Biological_Process_2023,0.2454608805828318,0.0043534431155735
Metabolism Of Carbohydrates R-HSA-71387,3/285,0.9577294270134452,0.9870859472022696,HEXB;CRYL1;ST3GAL6,Reactome_2022,0.456475382647017,0.0197151608993694
Death Receptor Signaling R-HSA-73887,1/139,0.958767907733352,0.9870859472022696,SQSTM1,Reactome_2022,0.3118673479224911,0.0131315639775627
Axonogenesis (GO:0007409),1/188,0.9866712642082256,0.990358770267733,NOTCH2,GO_Biological_Process_2023,0.2295670939208176,0.0030804140647667
Phosphatidylinositol Phosphate Binding (GO:1901981),1/109,0.917789686218879,0.9913305264607764,COMMD1,GO_Molecular_Function_2023,0.3991130820399113,0.0342387197914152
Ciliopathies WP4803,1/184,0.9853826555776816,0.991865436206482,BBS9,WikiPathway_2023_Human,0.2346334193595289,0.0034550311666432
Endopeptidase Inhibitor Activity (GO:0004866),1/112,0.923267837765304,0.9932210476506552,CST3,GO_Molecular_Function_2023,0.3882663150955834,0.030997592574056
Nuclear Receptor Binding (GO:0016922),1/115,0.9283816914242028,0.9932210476506552,ZNHIT3,GO_Molecular_Function_2023,0.3779904306220095,0.0280893478576075
Protein Phosphatase Binding (GO:0019903),1/115,0.9283816914242028,0.9932210476506552,PPP1R11,GO_Molecular_Function_2023,0.3779904306220095,0.0280893478576075
DNA Double-Strand Break Repair R-HSA-5693532,1/149,0.9672479060662738,0.9944177910681352,SUMO1,Reactome_2022,0.2906454125966321,0.0096786230984468
Negative Regulation Of Nucleic Acid-Templated Transcription (GO:1903507),4/456,0.9927178750741724,0.9958962674169928,CDKN1C;PER1;SUMO1;PDCD4,GO_Biological_Process_2023,0.377212389380531,0.0027569582280277
Regulation Of Transcription By RNA Polymerase II (GO:0006357),31/2028,0.9943346828705988,0.99682913624084,PSMD10;GTF2A2;MAGEF1;TCF20;FOXO4;TRIAP1;CHCHD2;MED10;DNAJB4;MED31;PCGF1;S100A10;HSBP1;CNBP;RITA1;IL18;THAP1;FAM220A;METTL23;POMC;PER1;IL6;CTDSP1;MED21;ERF;ZSCAN26;ITGB1BP1;CAMK1;BCORL1;SQSTM1;PF4,GO_Biological_Process_2023,0.647147681141665,0.0036767216020657
Cilium Organization (GO:0044782),1/228,0.9947082231850086,0.99682913624084,BBS9,GO_Biological_Process_2023,0.1887240298113834,0.0010013372148153
GPCR Downstream Signaling R-HSA-388396,8/619,0.9713980676784478,0.9972833919294116,POMC;GNG10;GNGT2;RGS1;DGKA;RGS10;RAMP1;PF4,Reactome_2022,0.5584406009937924,0.0162053533363655
Regulation Of TP53 Activity R-HSA-5633007,1/157,0.9727600298327868,0.9972833919294116,TAF13,Reactome_2022,0.275626812212178,0.0076122217109792
Cilium Assembly (GO:0060271),1/243,0.9962589858406808,0.997851301747725,BBS9,GO_Biological_Process_2023,0.1768888237342178,0.0006629844860556373
Signal Transduction R-HSA-162582,43/2465,0.9752520121946378,0.99843982227479,NOTCH2;PSMD10;VPS29;GTF2A2;DGKA;BRK1;TWF1;FOXO4;PSMA7;PSMB7;DUSP12;PSMB4;GNG10;PSMB5;GNGT2;RGS1;POLR2C;STBD1;POLR2E;RDH14;ST3GAL6;POLR2H;MAF1;ATP6V1E1;POLR2J;POLR2K;ATP6V1F;CCDC115;INSR;POMC;PSMA6;MYL6;PSMA3;IL6;PSMA1;PSMA2;MFNG;RGS10;LAMTOR3;SQSTM1;RAMP1;PF4;LAMTOR5,Reactome_2022,0.7434075174793408,0.0186293220617274
Plasma Membrane Bounded Cell Projection Assembly (GO:0120031),1/275,0.9982157290571768,0.9992787916014336,BBS9,GO_Biological_Process_2023,0.1559713208280058,0.0002785436683181908
GPCR Ligand Binding R-HSA-500792,5/458,0.9788851994886868,0.999363969352467,POMC;GNG10;GNGT2;RAMP1;PF4,Reactome_2022,0.4715024371453546,0.0100622893608204
SUMO E3 Ligases SUMOylate Target Proteins R-HSA-3108232,1/168,0.9788597022241564,0.999363969352467,SUMO1,Reactome_2022,0.2573257033604631,0.005498266453523
GPCRs Class A Rhodopsin Like WP455,1/259,0.9974162195042368,0.9995316841098796,GPR34,WikiPathway_2023_Human,0.1657814675398339,0.00042889724947817
Pleural Mesothelioma WP5087,2/437,0.9995316841098796,0.9995316841098796,IL6;INSR,WikiPathway_2023_Human,0.19527969348659,9.147400451479e-05
Natural killer cell mediated cytotoxicity,5/131,0.1755901634520738,0.9998704963814194,TYROBP;FCER1G;RAC3;KLRD1;HCST,KEGG_2021_Human,1.7241930329178652,2.99941071079058
SNARE interactions in vesicular transport,2/33,0.1707349479941369,0.9998704963814194,SEC22B;BET1L,KEGG_2021_Human,2.7981362007168458,4.946105691179396
Olfactory transduction,2/440,0.9995603952399782,0.9998704963814194,RGS2;CALM2,KEGG_2021_Human,0.1939117199391172,8.526325754960035e-05
MicroRNAs in cancer,2/310,0.9934460783935344,0.9998704963814194,NOTCH2;PDCD4,KEGG_2021_Human,0.2776334776334776,0.0018255769479808
Viral carcinogenesis,1/203,0.9905718748119297,0.9998704963814194,GTF2A2,KEGG_2021_Human,0.2123553818796514,0.0020116109562826
Axon guidance,1/182,0.984692458782438,0.9998704963814194,RAC3,KEGG_2021_Human,0.237250554323725,0.0036598059709656
Hepatocellular carcinoma,1/168,0.9788597022241564,0.9998704963814194,MGST3,KEGG_2021_Human,0.2573257033604631,0.005498266453523
Purine metabolism,5/129,0.1680996764984074,0.9998704963814194,DGUOK;PNP;GUK1;GMPR2;NME3,KEGG_2021_Human,1.752183012196002,3.124489528637873
Protein processing in endoplasmic reticulum,1/171,0.9802723704929632,0.9998704963814194,SAR1B,KEGG_2021_Human,0.2527455328029216,0.0050359084528258
Ras signaling pathway,6/232,0.4273361232152206,0.9998704963814194,GNG10;GNGT2;INSR;RAC3;FOXO4;CALM2,KEGG_2021_Human,1.1501646890749633,0.9778520779297588
Renin-angiotensin system,1/23,0.4090686808997726,0.9998704963814194,ATP6AP2,KEGG_2021_Human,1.9679500100786127,1.7590958307332074
Human cytomegalovirus infection,6/225,0.3991740638036488,0.9998704963814194,GNG10;IL6;GNGT2;RAC3;B2M;CALM2,KEGG_2021_Human,1.1873579458197678,1.090419320614857
Histidine metabolism,1/22,0.3953894606992335,0.9998704963814194,HNMT,KEGG_2021_Human,2.061767500791891,1.913081123914626
Ubiquitin mediated proteolysis,4/140,0.3899792488029743,0.9998704963814194,UBE2B;CDC26;UBE2A;RNF7,KEGG_2021_Human,1.274422268907563,1.2000747033050017
Herpes simplex virus 1 infection,2/498,0.9998704963814194,0.9998704963814194,IL6;B2M,KEGG_2021_Human,0.1707168458781362,2.210988097957621e-05
Neuroactive ligand-receptor interaction,1/341,0.9996122235741794,0.9998704963814194,POMC,KEGG_2021_Human,0.1252641189513499,4.858389278357995e-05
Aldosterone synthesis and secretion,3/98,0.3820291874266455,0.9998704963814194,POMC;CAMK1;CALM2,KEGG_2021_Human,1.368163169616692,1.3165263197728383
Pantothenate and CoA biosynthesis,1/21,0.3813943019913599,0.9998704963814194,PPCDC,KEGG_2021_Human,2.1649667405764967,2.086858043549189
Autophagy,4/137,0.3746034255558721,0.9998704963814194,GABARAPL2;GABARAPL1;SQSTM1;ATG12,KEGG_2021_Human,1.3033700322234156,1.279762539767862
Glutathione metabolism,2/57,0.3702901247163637,0.9998704963814194,GPX4;MGST3,KEGG_2021_Human,1.5751919191919193,1.5649034897717822
Pyrimidine metabolism,2/56,0.3621414386634021,0.9998704963814194,PNP;NME3,KEGG_2021_Human,1.6044444444444443,1.6296669992984565
Glycosaminoglycan degradation,1/19,0.3524268799934312,0.9998704963814194,HEXB,KEGG_2021_Human,2.4057649667405765,2.509001419767876
Human immunodeficiency virus 1 infection,6/212,0.3468077085181487,0.9998704963814194,GNG10;GNGT2;RAC3;RNF7;B2M;CALM2,KEGG_2021_Human,1.263137271975271,1.337643179876355
Other glycan degradation,1/18,0.337439549883382,0.9998704963814194,HEXB,KEGG_2021_Human,2.547410982131212,2.76742805674558
Fatty acid biosynthesis,1/18,0.337439549883382,0.9998704963814194,CBR4,KEGG_2021_Human,2.547410982131212,2.76742805674558
Salmonella infection,7/249,0.332997818846599,0.9998704963814194,IL6;TUBB2A;MYL2;IL18;RPS3;BRK1;S100A10,KEGG_2021_Human,1.2549168910762374,1.3799308823070484
Osteoclast differentiation,4/127,0.3232602448510304,0.9998704963814194,TYROBP;TREM2;SQSTM1;LILRA5,KEGG_2021_Human,1.4100609756097562,1.5923784312742555
Selenocompound metabolism,1/17,0.3221061398204446,0.9998704963814194,PSTK,KEGG_2021_Human,2.706762749445676,3.066421578753248
Primary bile acid biosynthesis,1/17,0.3221061398204446,0.9998704963814194,CYP27A1,KEGG_2021_Human,2.706762749445676,3.066421578753248
Shigellosis,7/246,0.3220839837091142,0.9998704963814194,GABARAPL2;GABARAPL1;MYL2;IL18;FOXO4;SQSTM1;ATG12,KEGG_2021_Human,1.270866437873161,1.43981916923899
Ovarian steroidogenesis,2/51,0.3208624164548719,0.9998704963814194,INSR;ACOT2,KEGG_2021_Human,1.7686167800453514,2.0104624913208946
Cardiac muscle contraction,3/87,0.3140237168012367,0.9998704963814194,COX7B;COX4I1;MYL2,KEGG_2021_Human,1.548202354438435,1.7932622962421387
Vibrio cholerae infection,2/50,0.3125192705158425,0.9998704963814194,ATP6V1E1;ATP6V1F,KEGG_2021_Human,1.805555555555556,2.100022069268198
Cysteine and methionine metabolism,2/50,0.3125192705158425,0.9998704963814194,ADI1;MAT2B,KEGG_2021_Human,1.805555555555556,2.100022069268198
"Valine, leucine and isoleucine degradation",2/48,0.2957709627967983,0.9998704963814194,ACADM;HSD17B10,KEGG_2021_Human,1.8842512077294689,2.295338102489214
Amino sugar and nucleotide sugar metabolism,2/48,0.2957709627967983,0.9998704963814194,NANP;HEXB,KEGG_2021_Human,1.8842512077294689,2.295338102489214
Kaposi sarcoma-associated herpesvirus infection,6/193,0.2718749737659769,0.9998704963814194,GABARAPL2;GABARAPL1;GNG10;IL6;GNGT2;CALM2,KEGG_2021_Human,1.3928442962998488,1.814058481750468
Basal transcription factors,2/45,0.2705477373297945,0.9998704963814194,GTF2A2;TAF13,KEGG_2021_Human,2.0160206718346254,2.6355573682230937
mTOR signaling pathway,5/154,0.2693250515976657,0.9998704963814194,INSR;ATP6V1E1;LAMTOR3;ATP6V1F;LAMTOR5,KEGG_2021_Human,1.4563157815714007,1.9104478462665868
Phagosome,5/152,0.2607311894713611,0.9998704963814194,TUBB2A;CLEC7A;ATP6V1E1;SEC22B;ATP6V1F,KEGG_2021_Human,1.4762817878829384,1.9845144215049688
Graft-versus-host disease,2/42,0.2453002278261921,0.9998704963814194,IL6;KLRD1,KEGG_2021_Human,2.1675555555555555,3.0460059954185126
Tuberculosis,6/180,0.2231834142389774,0.9998704963814194,IL6;FCER1G;CLEC7A;CR1L;IL18;CALM2,KEGG_2021_Human,1.4979124787382094,2.246511256574744
Ubiquinone and other terpenoid-quinone biosynthesis,1/11,0.2223784262078615,0.9998704963814194,VKORC1,KEGG_2021_Human,4.332150776053215,6.512845984951964
Fluid shear stress and atherosclerosis,5/139,0.2067459650949862,0.9998704963814194,SUMO1;MGST3;RAC3;SQSTM1;CALM2,KEGG_2021_Human,1.6205883335002838,2.5544757962239166
African trypanosomiasis,2/37,0.2035099551935874,0.9998704963814194,IL6;IL18,KEGG_2021_Human,2.47784126984127,3.944823295926852
Viral protein interaction with cytokine and cytokine receptor,4/100,0.1904659041545277,0.9998704963814194,CCL24;IL6;IL18;PF4,KEGG_2021_Human,1.8091517857142856,3.0000839885123205
NOD-like receptor signaling pathway,5/181,0.389110983011537,0.9998704963814194,GABARAPL2;GABARAPL1;IL6;IL18;ATG12,KEGG_2021_Human,1.231187716087045,1.1621066015369372
Notch signaling pathway,2/59,0.3864602960201719,0.9998704963814194,NOTCH2;MFNG,KEGG_2021_Human,1.519766081871345,1.4448813456091958
Adherens junction,2/71,0.4791188854941966,0.9998704963814194,INSR;RAC3,KEGG_2021_Human,1.2546859903381642,0.9232061287056872
Citrate cycle (TCA cycle),1/30,0.4965550448391827,0.9998704963814194,IDH3G,KEGG_2021_Human,1.4923923847388945,1.044765609595606
Pentose phosphate pathway,1/30,0.4965550448391827,0.9998704963814194,IDNK,KEGG_2021_Human,1.4923923847388945,1.044765609595606
PPAR signaling pathway,2/74,0.5009304851103743,0.9998704963814194,CYP27A1;ACADM,KEGG_2021_Human,1.2022222222222223,0.8310817231805295
Asthma,1/31,0.5079499666536046,0.9998704963814194,FCER1G,KEGG_2021_Human,1.4425720620842573,0.9771583946941652
Circadian rhythm,1/31,0.5079499666536046,0.9998704963814194,PER1,KEGG_2021_Human,1.4425720620842573,0.9771583946941652
Glioma,2/75,0.5080695570637277,0.9998704963814194,CAMK1;CALM2,KEGG_2021_Human,1.1856925418569255,0.8028761928044486
Inflammatory bowel disease,2/65,0.433804165085015,0.9998704963814194,IL6;IL18,KEGG_2021_Human,1.3746031746031746,1.14801644543255
Chemokine signaling pathway,5/192,0.4381673115686757,0.9998704963814194,CCL24;GNG10;GNGT2;RAC3;PF4,KEGG_2021_Human,1.1581069279450646,0.955617087094972
Fc epsilon RI signaling pathway,2/68,0.4567339075913951,0.9998704963814194,FCER1G;RAC3,KEGG_2021_Human,1.311919191919192,1.0280911379961395
Pathogenic Escherichia coli infection,5/197,0.4601927777495374,0.9998704963814194,IL6;TUBB2A;IL18;RPS3;BRK1,KEGG_2021_Human,1.1276565995525727,0.8751853325630318
Oxytocin signaling pathway,4/154,0.4607042514177761,0.9998704963814194,RGS2;MYL6;CAMK1;CALM2,KEGG_2021_Human,1.154642857142857,0.8948470352950822
Biosynthesis of unsaturated fatty acids,1/27,0.4607661345434268,0.9998704963814194,ACOT2,KEGG_2021_Human,1.664847347774177,1.290031382484892
Fatty acid elongation,1/27,0.4607661345434268,0.9998704963814194,ACOT2,KEGG_2021_Human,1.664847347774177,1.290031382484892
Epithelial cell signaling in Helicobacter pylori infection,2/70,0.4717196556915115,0.9998704963814194,ATP6V1E1;ATP6V1F,KEGG_2021_Human,1.2732026143790849,0.9566467826791928
Phototransduction,1/28,0.4729692682017358,0.9998704963814194,CALM2,KEGG_2021_Human,1.6031042128603104,1.200283984858342
Antigen processing and presentation,2/78,0.5290826990578997,0.9998704963814194,KLRD1;B2M,KEGG_2021_Human,1.1387134502923977,0.7249169713095331
Synaptic vesicle cycle,2/78,0.5290826990578997,0.9998704963814194,ATP6V1E1;ATP6V1F,KEGG_2021_Human,1.1387134502923977,0.7249169713095331
RNA degradation,2/79,0.5359505071075701,0.9998704963814194,LSM8;LSM1,KEGG_2021_Human,1.123867243867244,0.7009711268716393
Pentose and glucuronate interconversions,1/34,0.5406136733254445,0.9998704963814194,CRYL1,KEGG_2021_Human,1.311227575085668,0.8064709823818986
B cell receptor signaling pathway,2/81,0.5494784955910367,0.9998704963814194,RAC3;LILRA5,KEGG_2021_Human,1.0953023909985935,0.6558513436328017
Nicotinate and nicotinamide metabolism,1/35,0.5510134566034046,0.9998704963814194,PNP,KEGG_2021_Human,1.272596843615495,0.7584626894662736
"Alanine, aspartate and glutamate metabolism",1/37,0.5711135391525917,0.9998704963814194,NIT2,KEGG_2021_Human,1.2017738359201773,0.6731943405154693
Pertussis,2/76,0.5151416903168801,0.9998704963814194,IL6;CALM2,KEGG_2021_Human,1.1696096096096096,0.7758175973820725
Aldosterone-regulated sodium reabsorption,1/37,0.5711135391525917,0.9998704963814194,INSR,KEGG_2021_Human,1.2017738359201773,0.6731943405154693
Cell cycle,2/124,0.773766053626436,0.9998704963814194,CDKN1C;CDC26,KEGG_2021_Human,0.7076867030965391,0.1815115246454695
Coronavirus disease,4/232,0.7723673417253893,0.9998704963814194,RPL5;IL6;RPS3;RPS27L,KEGG_2021_Human,0.756578947368421,0.1954205674410815
Sphingolipid signaling pathway,2/119,0.7538408901884585,0.9998704963814194,FCER1G;RAC3,KEGG_2021_Human,0.7381196581196581,0.2085733904768156
Glycerolipid metabolism,1/61,0.7525465725216688,0.9998704963814194,DGKA,KEGG_2021_Human,0.7201773835920178,0.204740952399605
Viral myocarditis,1/60,0.7468072313421887,0.9998704963814194,RAC3,KEGG_2021_Human,0.7324213611935811,0.2138290865117171
VEGF signaling pathway,1/59,0.7409350743399731,0.9998704963814194,RAC3,KEGG_2021_Human,0.7450875449193364,0.2234087456598227
Human T-cell leukemia virus 1 infection,4/219,0.7325161736743813,0.9998704963814194,IL6;IL15;CDC26;B2M,KEGG_2021_Human,0.8028654485049834,0.2499078143364262
Pyruvate metabolism,1/47,0.6589192521667301,0.9998704963814194,HAGH,KEGG_2021_Human,0.9400366335679168,0.3921403077211218
Other types of O-glycan biosynthesis,1/47,0.6589192521667301,0.9998704963814194,MFNG,KEGG_2021_Human,0.9400366335679168,0.3921403077211218
Regulation of actin cytoskeleton,4/218,0.7292450581051302,0.9998704963814194,MYL2;TMSB4X;RAC3;BRK1,KEGG_2021_Human,0.8066588785046729,0.2546988681204571
Serotonergic synapse,2/113,0.7279537975382301,0.9998704963814194,GNG10;GNGT2,KEGG_2021_Human,0.7782582582582582,0.2471107703933096
Cholinergic synapse,2/113,0.7279537975382301,0.9998704963814194,GNG10;GNGT2,KEGG_2021_Human,0.7782582582582582,0.2471107703933096
TNF signaling pathway,2/112,0.7234218965036275,0.9998704963814194,IL6;IL15,KEGG_2021_Human,0.7853737373737374,0.2542747146905381
Regulation of lipolysis in adipocytes,1/55,0.716055887478642,0.9998704963814194,INSR,KEGG_2021_Human,0.8004434589800443,0.2673457619394279
HIF-1 signaling pathway,2/109,0.7094430825414492,0.9998704963814194,IL6;INSR,KEGG_2021_Human,0.8075181723779855,0.2772008067027648
Ribosome biogenesis in eukaryotes,2/108,0.7046541216283649,0.9998704963814194,RCL1;FCF1,KEGG_2021_Human,0.8151781970649895,0.2853516639664398
Insulin resistance,2/108,0.7046541216283649,0.9998704963814194,IL6;INSR,KEGG_2021_Human,0.8151781970649895,0.2853516639664398
Drug metabolism,2/108,0.7046541216283649,0.9998704963814194,MGST3;NME3,KEGG_2021_Human,0.8151781970649895,0.2853516639664398
Cellular senescence,3/156,0.6881350237911045,0.9998704963814194,IL6;SQSTM1;CALM2,KEGG_2021_Human,0.8469802174767457,0.3165759693428011
Cholesterol metabolism,1/50,0.6815788881588838,0.9998704963814194,CYP27A1,KEGG_2021_Human,0.8823476175392552,0.3382420279477241
Arginine and proline metabolism,1/50,0.6815788881588838,0.9998704963814194,SAT1,KEGG_2021_Human,0.8823476175392552,0.3382420279477241
Melanogenesis,2/101,0.6692733466429507,0.9998704963814194,POMC;CALM2,KEGG_2021_Human,0.8731313131313131,0.3506169783860984
Cytokine-cytokine receptor interaction,6/295,0.6591469901922494,0.9998704963814194,CCL24;IL6;IL15;IL18;TNFRSF17;PF4,KEGG_2021_Human,0.8965041041475942,0.3736707272137138
Salivary secretion,2/93,0.6247343723023685,0.9998704963814194,CST3;CALM2,KEGG_2021_Human,0.9502808302808304,0.4470393983374279
Morphine addiction,2/91,0.6128992068152679,0.9998704963814194,GNG10;GNGT2,KEGG_2021_Human,0.9717353308364544,0.4757176786728134
Phospholipase D signaling pathway,3/148,0.6535009261217478,0.9998704963814194,FCER1G;DGKA;INSR,KEGG_2021_Human,0.8940787957914139,0.3803512485222329
mRNA surveillance pathway,2/98,0.6530924653478555,0.9998704963814194,CSTF3;SSU72,KEGG_2021_Human,0.9005555555555556,0.3836695899792203
Choline metabolism in cancer,2/98,0.6530924653478555,0.9998704963814194,DGKA;RAC3,KEGG_2021_Human,0.9005555555555556,0.3836695899792203
Type II diabetes mellitus,1/46,0.6510140169545784,0.9998704963814194,INSR,KEGG_2021_Human,0.9609756097560976,0.4124738965866784
Phosphatidylinositol signaling system,2/97,0.6475605664760503,0.9998704963814194,DGKA;CALM2,KEGG_2021_Human,0.9100818713450292,0.3954696618655047
Fatty acid degradation,1/43,0.6261845071875887,0.9998704963814194,ACADM,KEGG_2021_Human,1.0297751029458346,0.482048241127263
"Glycine, serine and threonine metabolism",1/40,0.5995926132139004,0.9998704963814194,SRR,KEGG_2021_Human,1.1091591335493776,0.5673402566587089
Various types of N-glycan biosynthesis,1/39,0.5903156861438161,0.9998704963814194,HEXB,KEGG_2021_Human,1.1384058816664722,0.6000512629594618
Hypertrophic cardiomyopathy,2/90,0.6068755786000052,0.9998704963814194,IL6;MYL2,KEGG_2021_Human,0.9828282828282828,0.4908553902948253
Yersinia infection,3/137,0.6015385458350428,0.9998704963814194,IL6;IL18;RAC3,KEGG_2021_Human,0.9680218063358044,0.4920112769506398
Vascular smooth muscle contraction,3/133,0.5814210788502788,0.9998704963814194,MYL6;CALM2;RAMP1,KEGG_2021_Human,0.9980126777454172,0.5412023509980125
Dopaminergic synapse,3/132,0.5762925962036206,0.9998704963814194,GNG10;GNGT2;CALM2,KEGG_2021_Human,1.0058010048169057,0.5543369321914619
Hematopoietic cell lineage,4/99,0.18590268510618,0.9998704963814194,GP9;IL6;CR1L;CD9,KEGG_2021_Human,1.8282894736842104,3.0761554360245995
Circadian entrainment,4/97,0.1768865153989429,0.9998704963814194,PER1;GNG10;GNGT2;CALM2,KEGG_2021_Human,1.867799539170507,3.23548997644496
Colorectal cancer,1/86,0.8605609891589935,0.9998704963814194,RAC3,KEGG_2021_Human,0.5077083605060649,0.0762429652936709
Complement and coagulation cascades,1/85,0.8573227604767418,0.9998704963814194,CR1L,KEGG_2021_Human,0.5137789040228065,0.079091543023764
ECM-receptor interaction,1/88,0.8668190911212347,0.9998704963814194,GP9,KEGG_2021_Human,0.4959859316461503,0.0708887817088553
Gap junction,1/88,0.8668190911212347,0.9998704963814194,TUBB2A,KEGG_2021_Human,0.4959859316461503,0.0708887817088553
Necroptosis,2/159,0.8775779282182871,0.9998704963814194,CHMP1B;SQSTM1,KEGG_2021_Human,0.5489313517338995,0.0716846820097237
Th1 and Th2 cell differentiation,1/92,0.8785069865471198,0.9998704963814194,NOTCH2,KEGG_2021_Human,0.474086888721035,0.0614091472226989
Lipid and atherosclerosis,3/215,0.8673314736212069,0.9998704963814194,IL6;IL18;CALM2,KEGG_2021_Human,0.6094045467916124,0.0867390189105994
cAMP signaling pathway,3/216,0.8693697493881865,0.9998704963814194,POMC;RAC3;CALM2,KEGG_2021_Human,0.6065121239687569,0.0849036646165019
JAK-STAT signaling pathway,2/162,0.8840440536553372,0.9998704963814194,IL6;IL15,KEGG_2021_Human,0.5385555555555556,0.0663761014502975
Dilated cardiomyopathy,1/96,0.8891712095499698,0.9998704963814194,MYL2,KEGG_2021_Human,0.4540319757264558,0.0533330818483957
Glycerophospholipid metabolism,1/98,0.8941477183886526,0.9998704963814194,DGKA,KEGG_2021_Human,0.4446247742702356,0.0497465246784768
Inflammatory mediator regulation of TRP channels,1/98,0.8941477183886526,0.9998704963814194,CALM2,KEGG_2021_Human,0.4446247742702356,0.0497465246784768
Tight junction,2/169,0.8979224108546127,0.9998704963814194,MYL6;MYL2,KEGG_2021_Human,0.5157950765136394,0.0555364897118029
AGE-RAGE signaling pathway in diabetic complications,1/100,0.8989012362084778,0.9998704963814194,IL6,KEGG_2021_Human,0.4355976617617416,0.0464269179704126
GnRH signaling pathway,1/93,0.881265376303828,0.9998704963814194,CALM2,KEGG_2021_Human,0.4689096693338475,0.0592685301036665
IL-17 signaling pathway,1/94,0.8839612735699641,0.9998704963814194,IL6,KEGG_2021_Human,0.4638437879979973,0.0572114323193215
Amoebiasis,1/102,0.9034417337753416,0.9998704963814194,IL6,KEGG_2021_Human,0.4269280586595245,0.0433518378407579
Chagas disease,1/102,0.9034417337753416,0.9998704963814194,IL6,KEGG_2021_Human,0.4269280586595245,0.0433518378407579
Longevity regulating pathway,1/102,0.9034417337753416,0.9998704963814194,INSR,KEGG_2021_Human,0.4269280586595245,0.0433518378407579
Protein digestion and absorption,1/103,0.9056350936721196,0.9998704963814194,KCNE3,KEGG_2021_Human,0.4227207512716838,0.0418995822405581
Toll-like receptor signaling pathway,1/104,0.907778736989961,0.9998704963814194,IL6,KEGG_2021_Human,0.4185951391729274,0.0405010101942111
Chemical carcinogenesis,3/239,0.9091916533756615,0.9998704963814194,SULT1A1;NOTCH2;MGST3,KEGG_2021_Human,0.5467517270016232,0.0520504184430313
Glucagon signaling pathway,1/107,0.9139224863476276,0.9998704963814194,CALM2,KEGG_2021_Human,0.4066853533029327,0.0366055527032043
Th17 cell differentiation,1/107,0.9139224863476276,0.9998704963814194,IL6,KEGG_2021_Human,0.4066853533029327,0.0366055527032043
Pathways in cancer,8/531,0.9158724034806488,0.9998704963814194,NOTCH2;GNG10;IL6;GNGT2;IL15;MGST3;RAC3;CALM2,KEGG_2021_Human,0.6554355502730264,0.0575985104796412
Endocytosis,3/252,0.9264958168548876,0.9998704963814194,VPS29;CHMP1B;VTA1,KEGG_2021_Human,0.5178576220248478,0.0395362276478778
Leukocyte transendothelial migration,1/114,0.9267160247321756,0.9998704963814194,MYL2,KEGG_2021_Human,0.3813551007593744,0.0290242114899186
Neutrophil extracellular trap formation,2/189,0.9295124612805294,0.9998704963814194,CLEC7A;CR1L,KEGG_2021_Human,0.460154486036839,0.0336350222861071
Transcriptional misregulation in cancer,2/192,0.9333684098879784,0.9998704963814194,IL6;HPGD,KEGG_2021_Human,0.4528187134502924,0.0312242457805086
Neurotrophin signaling pathway,1/119,0.9346750293932068,0.9998704963814194,CALM2,KEGG_2021_Human,0.3651020331466797,0.0246649688617575
Progesterone-mediated oocyte maturation,1/100,0.8989012362084778,0.9998704963814194,CDC26,KEGG_2021_Human,0.4355976617617416,0.0464269179704126
Influenza A,2/172,0.9033838705814752,0.9998704963814194,IL6;IL18,KEGG_2021_Human,0.5066143790849673,0.0514759269363312
Thyroid hormone signaling pathway,1/121,0.9376116061115044,0.9998704963814194,NOTCH2,KEGG_2021_Human,0.358980044345898,0.0231253083988803
AMPK signaling pathway,1/120,0.936160163864808,0.9998704963814194,INSR,KEGG_2021_Human,0.3620153161042687,0.0238816804723696
Human papillomavirus infection,4/331,0.9435189530229258,0.9998704963814194,NOTCH2;MFNG;ATP6V1E1;ATP6V1F,KEGG_2021_Human,0.5248197903014417,0.0305124066694758
Focal adhesion,2/201,0.9437736341984112,0.9998704963814194,MYL2;RAC3,KEGG_2021_Human,0.4321384701284199,0.0250073934162155
Measles,1/139,0.958767907733352,0.9998704963814194,IL6,KEGG_2021_Human,0.3118673479224911,0.0131315639775627
PI3K-Akt signaling pathway,4/354,0.96047872575481,0.9998704963814194,GNG10;IL6;GNGT2;INSR,KEGG_2021_Human,0.4897448979591837,0.0197482020224872
Epstein-Barr virus infection,2/202,0.9448294950943316,0.9998704963814194,IL6;B2M,KEGG_2021_Human,0.4299555555555555,0.0244003201252349
Platelet activation,2/124,0.773766053626436,0.9998704963814194,GP9;FCER1G,KEGG_2021_Human,0.7076867030965391,0.1815115246454695
Cortisol synthesis and secretion,1/65,0.7742347255017031,0.9998704963814194,POMC,KEGG_2021_Human,0.6750277161862528,0.1727262192234835
Aminoacyl-tRNA biosynthesis,1/66,0.7793536224706009,0.9998704963814194,PSTK,KEGG_2021_Human,0.6646085621695378,0.1656805289840931
Long-term potentiation,1/67,0.7843567059252654,0.9998704963814194,CALM2,KEGG_2021_Human,0.6545051400927232,0.158973656731616
Lysosome,2/128,0.7886794204244774,0.9998704963814194,GNPTG;HEXB,KEGG_2021_Human,0.6850793650793651,0.1626346569881524
Oocyte meiosis,2/129,0.7922700516134006,0.9998704963814194,CDC26;CALM2,KEGG_2021_Human,0.679650043744532,0.1582585319444624
Relaxin signaling pathway,2/129,0.7922700516134006,0.9998704963814194,GNG10;GNGT2,KEGG_2021_Human,0.679650043744532,0.1582585319444624
Adipocytokine signaling pathway,1/69,0.7940258314677473,0.9998704963814194,POMC,KEGG_2021_Human,0.6351897743576366,0.1464997153523785
Amphetamine addiction,1/69,0.7940258314677473,0.9998704963814194,CALM2,KEGG_2021_Human,0.6351897743576366,0.1464997153523785
Renin secretion,1/69,0.7940258314677473,0.9998704963814194,CALM2,KEGG_2021_Human,0.6351897743576366,0.1464997153523785
Alcoholism,3/186,0.7949009688818196,0.9998704963814194,GNG10;GNGT2;CALM2,KEGG_2021_Human,0.7070356712548833,0.1622913697477887
RNA transport,3/186,0.7949009688818196,0.9998704963814194,SUMO1;CLNS1A;THOC7,KEGG_2021_Human,0.7070356712548833,0.1622913697477887
Central carbon metabolism in cancer,1/70,0.7986969273908466,0.9998704963814194,SCO2,KEGG_2021_Human,0.6259519907452039,0.1406975575506747
RIG-I-like receptor signaling pathway,1/70,0.7986969273908466,0.9998704963814194,ATG12,KEGG_2021_Human,0.6259519907452039,0.1406975575506747
Estrogen signaling pathway,2/137,0.8191048746577024,0.9998704963814194,POMC;CALM2,KEGG_2021_Human,0.6391111111111111,0.1275302451048419
Insulin signaling pathway,2/137,0.8191048746577024,0.9998704963814194,INSR;CALM2,KEGG_2021_Human,0.6391111111111111,0.1275302451048419
Gastric acid secretion,1/76,0.8245854120957921,0.9998704963814194,CALM2,KEGG_2021_Human,0.5756984478935698,0.1110375789300249
Metabolism of xenobiotics by cytochrome P450,1/76,0.8245854120957921,0.9998704963814194,MGST3,KEGG_2021_Human,0.5756984478935698,0.1110375789300249
Pancreatic cancer,1/76,0.8245854120957921,0.9998704963814194,RAC3,KEGG_2021_Human,0.5756984478935698,0.1110375789300249
Leishmaniasis,1/77,0.8285648664252951,0.9998704963814194,CR1L,KEGG_2021_Human,0.5680942933831252,0.1068358988037016
Adrenergic signaling in cardiomyocytes,2/150,0.8561373856584626,0.9998704963814194,MYL2;CALM2,KEGG_2021_Human,0.5825825825825826,0.0904893008411528
Spliceosome,2/150,0.8561373856584626,0.9998704963814194,LSM8;SF3B6,KEGG_2021_Human,0.5825825825825826,0.0904893008411528
Rap1 signaling pathway,3/210,0.8567153739050178,0.9998704963814194,INSR;RAC3;CALM2,KEGG_2021_Human,0.6242858526193473,0.0965455166141385
cGMP-PKG signaling pathway,3/167,0.7314297923901234,0.9998704963814194,RGS2;INSR;CALM2,KEGG_2021_Human,0.789722418382313,0.2469888773977537
Glutamatergic synapse,2/114,0.7324226989985432,0.9998704963814194,GNG10;GNGT2,KEGG_2021_Human,0.7712698412698412,0.2401714803723867
Signaling pathways regulating pluripotency of stem cells,1/143,0.9623952441179529,0.9998704963814194,PCGF1,KEGG_2021_Human,0.3030198931950907,0.0116147694823886
Apoptosis,1/142,0.9615194150967488,0.9998704963814194,DIABLO,KEGG_2021_Human,0.3051846959475397,0.0119756066682269
MAPK signaling pathway,3/294,0.963784581281832,0.9998704963814194,INSR;RAC3;LAMTOR3,KEGG_2021_Human,0.4421509425297913,0.0163098308412337
Breast cancer,1/147,0.9657040943735856,0.9998704963814194,NOTCH2,KEGG_2021_Human,0.2946572305075479,0.0102828926993916
Calcium signaling pathway,2/240,0.9734774351275512,0.9998704963814194,CAMK1;CALM2,KEGG_2021_Human,0.3605975723622782,0.0096930912044405
Cushing syndrome,1/155,0.9714755240204556,0.9998704963814194,POMC,KEGG_2021_Human,0.2792351772396118,0.0080808438951651
Wnt signaling pathway,1/166,0.9778622832179292,0.9998704963814194,RAC3,KEGG_2021_Human,0.2604716790969562,0.0058310319405106
Proteoglycans in cancer,2/205,0.9478851226515184,0.9998704963814194,PDCD4;NUDT16L1,KEGG_2021_Human,0.423535851122058,0.0226684700290349
Hepatitis B,1/162,0.9757243716082564,0.9998704963814194,IL6,KEGG_2021_Human,0.2669981132335321,0.006561515636583
RHO GTPase Effectors R-HSA-195258,2/269,0.9850385448818908,0.9999206312345628,MYL6;BRK1,Reactome_2022,0.3209488139825218,0.004838145051837
Cilium Assembly R-HSA-5617833,1/186,0.9860417924564738,0.9999206312345628,BBS9,Reactome_2022,0.2320728710972613,0.0032621414607204
RAC1 GTPase Cycle R-HSA-9013149,1/178,0.9832129762510634,0.9999206312345628,BRK1,Reactome_2022,0.2426622571310459,0.0041081562245851
Neuronal System R-HSA-112316,3/386,0.9930680062629108,0.9999206312345628,GNG10;GNGT2;CAMK1,Reactome_2022,0.3343374019433961,0.0023256949732237
Class A/1 (Rhodopsin-like Receptors) R-HSA-373076,2/327,0.9953671519579452,0.9999206312345628,POMC;PF4,Reactome_2022,0.2628786324786324,0.0012207066203512
Phospholipid Metabolism R-HSA-1483257,1/208,0.991599952558686,0.9999206312345628,PTPMT1,Reactome_2022,0.2071724669815868,0.0017476088693319
Signaling By GPCR R-HSA-372790,8/689,0.988883878419784,0.9999206312345628,POMC;GNG10;GNGT2;RGS1;DGKA;RGS10;RAMP1;PF4,Reactome_2022,0.4991864110806842,0.0055800890929016
Sensory Perception R-HSA-9709957,3/616,0.9999206312345628,0.9999206312345628,TWF1;CIB2;RNF7,Reactome_2022,0.2063857693551375,1.6381233805283156e-05
Organelle Biogenesis And Maintenance R-HSA-1852241,1/275,0.9982157290571768,0.9999206312345628,BBS9,Reactome_2022,0.1559713208280058,0.0002785436683181908
Signaling By Rho GTPases R-HSA-194315,5/644,0.9990390498827988,0.9999206312345628,MYL6;CCDC115;STBD1;BRK1;TWF1,Reactome_2022,0.3310016699751079,0.0003182290191632062
"Signaling By Rho GTPases, Miro GTPases And RHOBTB3 R-HSA-9716542",5/660,0.999275530671658,0.9999206312345628,MYL6;CCDC115;STBD1;BRK1;TWF1,Reactome_2022,0.3226428949570504,0.00023382959281879447
Chromatin Modifying Enzymes R-HSA-3247509,1/238,0.9958004542245668,0.9999206312345628,SAP130,Reactome_2022,0.1806674338319908,0.0007603187750368118
Keratinization R-HSA-6805567,1/208,0.991599952558686,0.9999206312345628,KLK8,Reactome_2022,0.2071724669815868,0.0017476088693319
SUMOylation R-HSA-2990846,1/174,0.9815908221439404,0.9999206312345628,SUMO1,Reactome_2022,0.2483242120913064,0.0046140465088897
RHO GTPase Cycle R-HSA-9012999,4/441,0.9905720863410132,0.9999206312345628,CCDC115;STBD1;BRK1;TWF1,Reactome_2022,0.3904666557698594,0.0036987491883485
Positive Regulation Of Nucleic Acid-Templated Transcription (GO:1903508),3/557,0.99974600685145,0.9999907386443688,CDKN1C;IL6;CNBP,GO_Biological_Process_2023,0.2290770504852339,5.819139173355117e-05
Regulation Of DNA-templated Transcription (GO:0006355),19/1922,0.9999907386443688,0.9999907386443688,CDKN1C;PSMD10;CNBP;INSR;TCF20;FOXO4;THAP1;PER1;IL6;SUMO1;CTDSP1;ZNHIT3;MED21;MED31;ERF;PDCD4;PCGF1;ZSCAN26;POLR2K,GO_Biological_Process_2023,0.4068633578438809,3.768123699279464e-06
RNA Polymerase II Cis-Regulatory Region Sequence-Specific DNA Binding (GO:0000978),4/1122,0.99999547995319,0.9999955003102,PER1;ZSCAN26;FOXO4;THAP1,GO_Molecular_Function_2023,0.1471856631740352,6.65287590883565e-07
RNA Polymerase II Transcription Regulatory Region Sequence-Specific DNA Binding (GO:0000977),5/1225,0.9999953628621888,0.9999955003102,PER1;RPS3;ZSCAN26;FOXO4;THAP1,GO_Molecular_Function_2023,0.1680419554773169,7.792355123212711e-07
Sequence-Specific Double-Stranded DNA Binding (GO:1990837),2/715,0.9999950190895764,0.9999955003102,PER1;FOXO4,GO_Molecular_Function_2023,0.1174068879538725,5.847946484260313e-07
Cis-Regulatory Region Sequence-Specific DNA Binding (GO:0000987),4/1098,0.9999955003102,0.9999955003102,PER1;ZSCAN26;FOXO4;THAP1,GO_Molecular_Function_2023,0.1506104727082789,6.777019325419003e-07
"DNA-binding Transcription Activator Activity, RNA Polymerase II-specific (GO:0001228)",1/348,0.9996700243393108,0.9999955003102,FOXO4,GO_Molecular_Function_2023,0.1226924477785516,4.049220260542382e-05
Double-Stranded DNA Binding (GO:0003690),2/650,0.9999916679486016,0.9999955003102,RPS3;FOXO4,GO_Molecular_Function_2023,0.1296296296296296,1.0800852364968291e-06
Cadherin Binding (GO:0045296),2/319,0.994543958045212,0.9999955003102,TWF1;CAPG,GO_Molecular_Function_2023,0.2696249561864703,0.0014751128812243
Ubiquitin-Like Protein Ligase Activity (GO:0061659),2/319,0.994543958045212,0.9999955003102,PPP1R11;RNF7,GO_Molecular_Function_2023,0.2696249561864703,0.0014751128812243
Transcription Regulatory Region Nucleic Acid Binding (GO:0001067),1/224,0.9941956900227122,0.9999955003102,PER1,GO_Molecular_Function_2023,0.1921489863084525,0.0011185416089204
Ubiquitin-Protein Transferase Activity (GO:0004842),4/412,0.984600139263938,0.9999955003102,PPP1R11;UBE2B;UBE2A;RNF7,GO_Molecular_Function_2023,0.4188550420168067,0.0065004921203676
"DNA-binding Transcription Repressor Activity, RNA Polymerase II-specific (GO:0001227)",2/243,0.9749902549788354,0.9999955003102,ERF;THAP1,GO_Molecular_Function_2023,0.3560534808667588,0.0090180523951295
G Protein-Coupled Receptor Activity (GO:0004930),2/250,0.9782031497077424,0.9999955003102,GPR34;TM2D1,GO_Molecular_Function_2023,0.3458781362007168,0.0076224315756812
Ubiquitin Protein Ligase Activity (GO:0061630),3/311,0.973061787209823,0.9999955003102,PPP1R11;UBE2A;RNF7,GO_Molecular_Function_2023,0.4173777225002169,0.0113976244035476
DNA Binding (GO:0003677),9/846,0.997134920893848,0.9999955003102,PER1;CHCHD2;CHRAC1;CNBP;RPS3;ERF;FOXO4;POLR2H;THAP1,GO_Molecular_Function_2023,0.4541615087744848,0.0013030762505348
Sequence-Specific DNA Binding (GO:0043565),4/717,0.9999395514385336,0.9999955003102,CHCHD2;ERF;FOXO4;THAP1,GO_Molecular_Function_2023,0.2358620516930475,1.4257952670055826e-05
Transcription Cis-Regulatory Region Binding (GO:0000976),2/474,0.9997854699313192,0.9999955003102,PER1;RPS3,GO_Molecular_Function_2023,0.179623352165725,3.853874408433346e-05
Metallopeptidase Activity (GO:0008237),1/124,0.9417713213111576,0.9999955003102,ECE2,GO_Molecular_Function_2023,0.3501703531447731,0.0210076973601937
Protein Kinase Binding (GO:0019901),7/511,0.9454998745984796,0.9999955003102,LRBA;RPS3;TPRKB;RAC3;TREM2;SQSTM1;CALM2,GO_Molecular_Function_2023,0.5943820224719101,0.0333100740883497
Small GTPase Binding (GO:0031267),2/199,0.941604049386391,0.9999955003102,BRK1;CIB1,GO_Molecular_Function_2023,0.4365707839819515,0.0262686485266328
G Protein-Coupled Receptor Binding (GO:0001664),1/140,0.9597062243203432,0.9999955003102,POMC,GO_Molecular_Function_2023,0.3096077461755651,0.012733565244674
Zinc Ion Binding (GO:0008270),4/341,0.9515784890044008,0.9999955003102,DUSP12;DNAJC24;TIMM10;THAP1,GO_Molecular_Function_2023,0.5089815599830436,0.0252623356628887
GTPase Binding (GO:0051020),2/225,0.9644918415614556,0.9999955003102,BRK1;CIB1,GO_Molecular_Function_2023,0.3851519681116093,0.0139247478179388
